[     559ms] [INFO] %cDownload the React DevTools for a better development experience: https://react.dev/link/react-devtools font-weight:bold @ http://nbcl.localhost:3001/_next/static/chunks/node_modules_next_dist_f3530cac._.js:2297
[     690ms] [LOG] [HMR] connected @ http://nbcl.localhost:3001/_next/static/chunks/node_modules_next_dist_f3530cac._.js:2297
[    1749ms] [LOG] [Fast Refresh] rebuilding @ http://nbcl.localhost:3001/_next/static/chunks/node_modules_next_dist_f3530cac._.js:2297
[    2805ms] [LOG] [Fast Refresh] done in 1163ms @ http://nbcl.localhost:3001/_next/static/chunks/node_modules_next_dist_f3530cac._.js:2297
[    3137ms] [INFO] %cDownload the React DevTools for a better development experience: https://react.dev/link/react-devtools font-weight:bold @ http://nbcl.localhost:3001/_next/static/chunks/node_modules_next_dist_f3530cac._.js:2297
[    3164ms] [LOG] [HMR] connected @ http://nbcl.localhost:3001/_next/static/chunks/node_modules_next_dist_f3530cac._.js:2297
[    3826ms] [LOG] [Fast Refresh] rebuilding @ http://nbcl.localhost:3001/_next/static/chunks/node_modules_next_dist_f3530cac._.js:2297
[    5424ms] [LOG] [Fast Refresh] done in 1709ms @ http://nbcl.localhost:3001/_next/static/chunks/node_modules_next_dist_f3530cac._.js:2297
[    5530ms] [LOG] [Fast Refresh] rebuilding @ http://nbcl.localhost:3001/_next/static/chunks/node_modules_next_dist_f3530cac._.js:2297
[    6067ms] [LOG] [Fast Refresh] done in 641ms @ http://nbcl.localhost:3001/_next/static/chunks/node_modules_next_dist_f3530cac._.js:2297
[   72471ms] [INFO] %cDownload the React DevTools for a better development experience: https://react.dev/link/react-devtools font-weight:bold @ http://nbcl.localhost:3001/_next/static/chunks/node_modules_next_dist_f3530cac._.js:2297
[   72498ms] [LOG] [HMR] connected @ http://nbcl.localhost:3001/_next/static/chunks/node_modules_next_dist_f3530cac._.js:2297
[   78299ms] [LOG] Login API Response: {data: Object, status: 200, statusText: OK, headers: AxiosHeaders, config: Object} @ http://nbcl.localhost:3001/_next/static/chunks/node_modules_next_dist_f3530cac._.js:2297
[   78425ms] [LOG] [Fast Refresh] rebuilding @ http://nbcl.localhost:3001/_next/static/chunks/node_modules_next_dist_f3530cac._.js:2297
[   78449ms] [LOG] [Fast Refresh] done in 124ms @ http://nbcl.localhost:3001/_next/static/chunks/node_modules_next_dist_f3530cac._.js:2297
[   78632ms] [INFO] %cDownload the React DevTools for a better development experience: https://react.dev/link/react-devtools font-weight:bold @ http://nbcl.localhost:3001/_next/static/chunks/node_modules_next_dist_f3530cac._.js:2297
[   78653ms] [LOG] [HMR] connected @ http://nbcl.localhost:3001/_next/static/chunks/node_modules_next_dist_f3530cac._.js:2297
[   78781ms] [LOG] Detected Host: nbcl.localhost:3001 http://nbcl.localhost:3001/dashboardportal @ http://nbcl.localhost:3001/_next/static/chunks/node_modules_next_dist_f3530cac._.js:2297
[   78781ms] [LOG] Detected Host: nbcl.localhost:3001 http://nbcl.localhost:3001/dashboardportal @ http://nbcl.localhost:3001/_next/static/chunks/node_modules_next_dist_f3530cac._.js:2297
[   78811ms] [LOG] Detected Host: nbcl.localhost:3001 http://nbcl.localhost:3001/dashboardportal @ http://nbcl.localhost:3001/_next/static/chunks/node_modules_next_dist_f3530cac._.js:2297
[   78812ms] [LOG] Detected Host: nbcl.localhost:3001 http://nbcl.localhost:3001/dashboardportal @ http://nbcl.localhost:3001/_next/static/chunks/node_modules_next_dist_f3530cac._.js:2297
[   78815ms] [LOG] Detected Host: nbcl.localhost:3001 http://nbcl.localhost:3001/dashboardportal @ http://nbcl.localhost:3001/_next/static/chunks/node_modules_next_dist_f3530cac._.js:2297
[   78815ms] [LOG] Detected Host: nbcl.localhost:3001 http://nbcl.localhost:3001/dashboardportal @ http://nbcl.localhost:3001/_next/static/chunks/node_modules_next_dist_f3530cac._.js:2297
[   78838ms] [LOG] Detected Host: nbcl.localhost:3001 http://nbcl.localhost:3001/dashboardportal @ http://nbcl.localhost:3001/_next/static/chunks/node_modules_next_dist_f3530cac._.js:2297
[   78839ms] [LOG] Detected Host: nbcl.localhost:3001 http://nbcl.localhost:3001/dashboardportal @ http://nbcl.localhost:3001/_next/static/chunks/node_modules_next_dist_f3530cac._.js:2297
[   79742ms] [LOG] Detected Host: nbcl.localhost:3001 http://nbcl.localhost:3001/dashboardportal @ http://nbcl.localhost:3001/_next/static/chunks/node_modules_next_dist_f3530cac._.js:2297
[   79743ms] [LOG] Detected Host: nbcl.localhost:3001 http://nbcl.localhost:3001/dashboardportal @ http://nbcl.localhost:3001/_next/static/chunks/node_modules_next_dist_f3530cac._.js:2297
[   79764ms] [LOG] Detected Host: nbcl.localhost:3001 http://nbcl.localhost:3001/dashboardportal @ http://nbcl.localhost:3001/_next/static/chunks/node_modules_next_dist_f3530cac._.js:2297
[   79765ms] [LOG] Detected Host: nbcl.localhost:3001 http://nbcl.localhost:3001/dashboardportal @ http://nbcl.localhost:3001/_next/static/chunks/node_modules_next_dist_f3530cac._.js:2297
[   79776ms] [LOG] Detected Host: nbcl.localhost:3001 http://nbcl.localhost:3001/dashboardportal @ http://nbcl.localhost:3001/_next/static/chunks/node_modules_next_dist_f3530cac._.js:2297
[   79778ms] [LOG] Detected Host: nbcl.localhost:3001 http://nbcl.localhost:3001/dashboardportal @ http://nbcl.localhost:3001/_next/static/chunks/node_modules_next_dist_f3530cac._.js:2297
[  109515ms] [INFO] %cDownload the React DevTools for a better development experience: https://react.dev/link/react-devtools font-weight:bold @ http://nbcl.localhost:3001/_next/static/chunks/node_modules_next_dist_f3530cac._.js:2297
[  109550ms] [LOG] [HMR] connected @ http://nbcl.localhost:3001/_next/static/chunks/node_modules_next_dist_f3530cac._.js:2297
[  109704ms] [LOG] Detected Host: nbcl.localhost:3001 http://nbcl.localhost:3001/dashboardportal/jutePurchase @ http://nbcl.localhost:3001/_next/static/chunks/node_modules_next_dist_f3530cac._.js:2297
[  109704ms] [LOG] Detected Host: nbcl.localhost:3001 http://nbcl.localhost:3001/dashboardportal/jutePurchase @ http://nbcl.localhost:3001/_next/static/chunks/node_modules_next_dist_f3530cac._.js:2297
[  109748ms] [LOG] Detected Host: nbcl.localhost:3001 http://nbcl.localhost:3001/dashboardportal/jutePurchase @ http://nbcl.localhost:3001/_next/static/chunks/node_modules_next_dist_f3530cac._.js:2297
[  109754ms] [LOG] Detected Host: nbcl.localhost:3001 http://nbcl.localhost:3001/dashboardportal/jutePurchase @ http://nbcl.localhost:3001/_next/static/chunks/node_modules_next_dist_f3530cac._.js:2297
[  109772ms] [LOG] Detected Host: nbcl.localhost:3001 http://nbcl.localhost:3001/dashboardportal/jutePurchase @ http://nbcl.localhost:3001/_next/static/chunks/node_modules_next_dist_f3530cac._.js:2297
[  109775ms] [LOG] Detected Host: nbcl.localhost:3001 http://nbcl.localhost:3001/dashboardportal/jutePurchase @ http://nbcl.localhost:3001/_next/static/chunks/node_modules_next_dist_f3530cac._.js:2297
[  109831ms] [LOG] Detected Host: nbcl.localhost:3001 http://nbcl.localhost:3001/dashboardportal/jutePurchase @ http://nbcl.localhost:3001/_next/static/chunks/node_modules_next_dist_f3530cac._.js:2297
[  109835ms] [LOG] Detected Host: nbcl.localhost:3001 http://nbcl.localhost:3001/dashboardportal/jutePurchase @ http://nbcl.localhost:3001/_next/static/chunks/node_modules_next_dist_f3530cac._.js:2297
[  109874ms] [LOG] Detected Host: nbcl.localhost:3001 http://nbcl.localhost:3001/dashboardportal/jutePurchase @ http://nbcl.localhost:3001/_next/static/chunks/node_modules_next_dist_f3530cac._.js:2297
[  109878ms] [LOG] Detected Host: nbcl.localhost:3001 http://nbcl.localhost:3001/dashboardportal/jutePurchase @ http://nbcl.localhost:3001/_next/static/chunks/node_modules_next_dist_f3530cac._.js:2297
[  109912ms] [LOG] Detected Host: nbcl.localhost:3001 http://nbcl.localhost:3001/dashboardportal/jutePurchase @ http://nbcl.localhost:3001/_next/static/chunks/node_modules_next_dist_f3530cac._.js:2297
[  109922ms] [LOG] Detected Host: nbcl.localhost:3001 http://nbcl.localhost:3001/dashboardportal/jutePurchase @ http://nbcl.localhost:3001/_next/static/chunks/node_modules_next_dist_f3530cac._.js:2297
[  112074ms] [LOG] [Fast Refresh] rebuilding @ http://nbcl.localhost:3001/_next/static/chunks/node_modules_next_dist_f3530cac._.js:2297
[  112095ms] [LOG] [Fast Refresh] done in 130ms @ http://nbcl.localhost:3001/_next/static/chunks/node_modules_next_dist_f3530cac._.js:2297
[  112452ms] [INFO] %cDownload the React DevTools for a better development experience: https://react.dev/link/react-devtools font-weight:bold @ http://nbcl.localhost:3001/_next/static/chunks/node_modules_next_dist_f3530cac._.js:2297
[  112483ms] [LOG] [HMR] connected @ http://nbcl.localhost:3001/_next/static/chunks/node_modules_next_dist_f3530cac._.js:2297
[  112738ms] [LOG] Detected Host: nbcl.localhost:3001 http://nbcl.localhost:3001/dashboardportal/jutePurchase/po @ http://nbcl.localhost:3001/_next/static/chunks/node_modules_next_dist_f3530cac._.js:2297
[  112738ms] [LOG] Detected Host: nbcl.localhost:3001 http://nbcl.localhost:3001/dashboardportal/jutePurchase/po @ http://nbcl.localhost:3001/_next/static/chunks/node_modules_next_dist_f3530cac._.js:2297
[  112767ms] [LOG] Detected Host: nbcl.localhost:3001 http://nbcl.localhost:3001/dashboardportal/jutePurchase/po @ http://nbcl.localhost:3001/_next/static/chunks/node_modules_next_dist_f3530cac._.js:2297
[  112768ms] [LOG] Detected Host: nbcl.localhost:3001 http://nbcl.localhost:3001/dashboardportal/jutePurchase/po @ http://nbcl.localhost:3001/_next/static/chunks/node_modules_next_dist_f3530cac._.js:2297
[  112790ms] [LOG] Detected Host: nbcl.localhost:3001 http://nbcl.localhost:3001/dashboardportal/jutePurchase/po @ http://nbcl.localhost:3001/_next/static/chunks/node_modules_next_dist_f3530cac._.js:2297
[  112791ms] [LOG] Detected Host: nbcl.localhost:3001 http://nbcl.localhost:3001/dashboardportal/jutePurchase/po @ http://nbcl.localhost:3001/_next/static/chunks/node_modules_next_dist_f3530cac._.js:2297
[  112937ms] [LOG] Detected Host: nbcl.localhost:3001 http://nbcl.localhost:3001/dashboardportal/jutePurchase/po @ http://nbcl.localhost:3001/_next/static/chunks/node_modules_next_dist_f3530cac._.js:2297
[  112943ms] [LOG] Detected Host: nbcl.localhost:3001 http://nbcl.localhost:3001/dashboardportal/jutePurchase/po @ http://nbcl.localhost:3001/_next/static/chunks/node_modules_next_dist_f3530cac._.js:2297
[  113137ms] [LOG] Detected Host: nbcl.localhost:3001 http://nbcl.localhost:3001/dashboardportal/jutePurchase/po @ http://nbcl.localhost:3001/_next/static/chunks/node_modules_next_dist_f3530cac._.js:2297
[  113141ms] [LOG] Detected Host: nbcl.localhost:3001 http://nbcl.localhost:3001/dashboardportal/jutePurchase/po @ http://nbcl.localhost:3001/_next/static/chunks/node_modules_next_dist_f3530cac._.js:2297
[  113383ms] [LOG] Detected Host: nbcl.localhost:3001 http://nbcl.localhost:3001/dashboardportal/jutePurchase/po @ http://nbcl.localhost:3001/_next/static/chunks/node_modules_next_dist_f3530cac._.js:2297
[  113389ms] [LOG] Detected Host: nbcl.localhost:3001 http://nbcl.localhost:3001/dashboardportal/jutePurchase/po @ http://nbcl.localhost:3001/_next/static/chunks/node_modules_next_dist_f3530cac._.js:2297
[  113866ms] [LOG] Detected Host: nbcl.localhost:3001 http://nbcl.localhost:3001/dashboardportal/jutePurchase/po @ http://nbcl.localhost:3001/_next/static/chunks/node_modules_next_dist_f3530cac._.js:2297
[  113869ms] [LOG] Detected Host: nbcl.localhost:3001 http://nbcl.localhost:3001/dashboardportal/jutePurchase/po @ http://nbcl.localhost:3001/_next/static/chunks/node_modules_next_dist_f3530cac._.js:2297
[  114138ms] [LOG] Detected Host: nbcl.localhost:3001 http://nbcl.localhost:3001/dashboardportal/jutePurchase/po @ http://nbcl.localhost:3001/_next/static/chunks/node_modules_next_dist_f3530cac._.js:2297
[  114143ms] [LOG] Detected Host: nbcl.localhost:3001 http://nbcl.localhost:3001/dashboardportal/jutePurchase/po @ http://nbcl.localhost:3001/_next/static/chunks/node_modules_next_dist_f3530cac._.js:2297
[  114906ms] [LOG] [Fast Refresh] rebuilding @ http://nbcl.localhost:3001/_next/static/chunks/node_modules_next_dist_f3530cac._.js:2297
[  114993ms] [LOG] [Fast Refresh] done in 191ms @ http://nbcl.localhost:3001/_next/static/chunks/node_modules_next_dist_f3530cac._.js:2297
[  115194ms] [INFO] %cDownload the React DevTools for a better development experience: https://react.dev/link/react-devtools font-weight:bold @ http://nbcl.localhost:3001/_next/static/chunks/node_modules_next_dist_f3530cac._.js:2297
[  115225ms] [LOG] [HMR] connected @ http://nbcl.localhost:3001/_next/static/chunks/node_modules_next_dist_f3530cac._.js:2297
[  115377ms] [LOG] Detected Host: nbcl.localhost:3001 http://nbcl.localhost:3001/dashboardportal/jutePurchase/gateEntry @ http://nbcl.localhost:3001/_next/static/chunks/node_modules_next_dist_f3530cac._.js:2297
[  115378ms] [LOG] Detected Host: nbcl.localhost:3001 http://nbcl.localhost:3001/dashboardportal/jutePurchase/gateEntry @ http://nbcl.localhost:3001/_next/static/chunks/node_modules_next_dist_f3530cac._.js:2297
[  115461ms] [ERROR] A tree hydrated but some attributes of the server rendered HTML didn't match the client properties. This won't be patched up. This can happen if a SSR-ed Client Component used:

- A server/client branch `if (typeof window !== 'undefined')`.
- Variable input such as `Date.now()` or `Math.random()` which changes each time it's called.
- Date formatting in a user's locale which doesn't match the server.
- External changing data without sending a snapshot of it along with the HTML.
- Invalid HTML tag nesting.

It can also happen if the client has a browser extension installed which messes with the HTML before React loaded.

%s%s https://react.dev/link/hydration-mismatch 

  ...
    <div className="mb-6 flex ...">
      <Box className="flex flex-...">
        <Styled(div) as="div" ref={null} className="flex flex-..." theme={{...}} sx={{}}>
          <Insertion>
          <div className="flex flex-...">
            <DateRangeToolbar fromDate="" toDate="" ...>
              <TextField size="small" type="date" label="From" value="" ...>
                <MuiTextField-root disabled={false} error={false} fullWidth={false} required={false} color="primary" ...>
                  <Insertion>
                  <FormControl disabled={false} error={false} fullWidth={false} required={false} color="primary" ...>
                    <MuiFormControl-root as="div" ownerState={{disabled:false, ...}} className="MuiFormCon..." ref={null}>
                      <Insertion>
                      <div className="MuiFormCon...">
                        <InputLabel htmlFor="_R_36aatpe..." id="_R_36aatpe..." shrink={true} ref={null} ...>
                          <MuiInputLabel-root data-shrink={true} ref={null} className="MuiInputLa..." ...>
                            <Insertion>
                            <FormLabel data-shrink={true} className="MuiInputLa..." htmlFor="_R_36aatpe..." ...>
                              <MuiFormLabel-root as="label" ownerState={{...}} className="MuiFormLab..." ref={null} ...>
                                <Insertion>
                                <label
                                  className="MuiFormLabel-root MuiInputLabel-root MuiInputLabel-formControl MuiInputLa..."
                                  data-shrink={true}
+                                 htmlFor="_R_36aatpesne9erllb_"
-                                 htmlFor="_R_cp9bn5ritp9erllb_"
+                                 id="_R_36aatpesne9erllb_-label"
-                                 id="_R_cp9bn5ritp9erllb_-label"
                                >
                        ...
                          <MuiOutlinedInput-root ref={null} onClick={function handleClick} ...>
                            <Insertion>
                            <div onClick={function handleClick} className="MuiInputBa...">
                              <MuiOutlinedInput-input aria-invalid={false} aria-describedby={undefined} ...>
                                <Insertion>
                                <input
                                  aria-invalid={false}
                                  aria-describedby={undefined}
                                  autoComplete={undefined}
                                  autoFocus={false}
                                  defaultValue={undefined}
                                  disabled={false}
+                                 id="_R_36aatpesne9erllb_"
-                                 id="_R_cp9bn5ritp9erllb_"
                                  onAnimationStart={function handleAutoFill}
                                  name={undefined}
                                  placeholder={undefined}
                                  readOnly={undefined}
                                  required={false}
                                  rows={undefined}
                                  value=""
                                  onKeyDown={undefined}
                                  onKeyUp={undefined}
                                  type="date"
                                  className="MuiInputBase-input MuiOutlinedInput-input MuiInputBase-inputSizeSmall mui..."
                                  onBlur={function handleBlur}
                                  onChange={function handleChange}
                                  onFocus={function handleFocus}
                                  ref={function useForkRef.useMemo}
                                >
                              ...
              <TextField size="small" type="date" label="To" value="" ...>
                <MuiTextField-root disabled={false} error={false} fullWidth={false} required={false} color="primary" ...>
                  <Insertion>
                  <FormControl disabled={false} error={false} fullWidth={false} required={false} color="primary" ...>
                    <MuiFormControl-root as="div" ownerState={{disabled:false, ...}} className="MuiFormCon..." ref={null}>
                      <Insertion>
                      <div className="MuiFormCon...">
                        <InputLabel htmlFor="_R_56aatpe..." id="_R_56aatpe..." shrink={true} ref={null} ...>
                          <MuiInputLabel-root data-shrink={true} ref={null} className="MuiInputLa..." ...>
                            <Insertion>
                            <FormLabel data-shrink={true} className="MuiInputLa..." htmlFor="_R_56aatpe..." ...>
                              <MuiFormLabel-root as="label" ownerState={{...}} className="MuiFormLab..." ref={null} ...>
                                <Insertion>
                                <label
                                  className="MuiFormLabel-root MuiInputLabel-root MuiInputLabel-formControl MuiInputLa..."
                                  data-shrink={true}
+                                 htmlFor="_R_56aatpesne9erllb_"
-                                 htmlFor="_R_kp9bn5ritp9erllb_"
+                                 id="_R_56aatpesne9erllb_-label"
-                                 id="_R_kp9bn5ritp9erllb_-label"
                                >
                        ...
                          <MuiOutlinedInput-root ref={null} onClick={function handleClick} ...>
                            <Insertion>
                            <div onClick={function handleClick} className="MuiInputBa...">
                              <MuiOutlinedInput-input aria-invalid={false} aria-describedby={undefined} ...>
                                <Insertion>
                                <input
                                  aria-invalid={false}
                                  aria-describedby={undefined}
                                  autoComplete={undefined}
                                  autoFocus={false}
                                  defaultValue={undefined}
                                  disabled={false}
+                                 id="_R_56aatpesne9erllb_"
-                                 id="_R_kp9bn5ritp9erllb_"
                                  onAnimationStart={function handleAutoFill}
                                  name={undefined}
                                  placeholder={undefined}
                                  readOnly={undefined}
                                  required={false}
                                  rows={undefined}
                                  value=""
                                  onKeyDown={undefined}
                                  onKeyUp={undefined}
                                  type="date"
                                  className="MuiInputBase-input MuiOutlinedInput-input MuiInputBase-inputSizeSmall mui..."
                                  onBlur={function handleBlur}
                                  onChange={function handleChange}
                                  onFocus={function handleFocus}
                                  ref={function useForkRef.useMemo}
                                >
                              ...
      ...
        <div className="flex flex-...">
          <TextField size="small" value="" onChange={function IndexWrapper.useCallback[handleSearchInputChange]} ...>
            <MuiTextField-root disabled={false} error={false} fullWidth={false} required={false} color="primary" ...>
              <Insertion>
              <FormControl disabled={false} error={false} fullWidth={false} required={false} color="primary" ...>
                <MuiFormControl-root as="div" ownerState={{disabled:false, ...}} className="MuiFormCon..." ref={null}>
                  <Insertion>
                  <div className="MuiFormCon...">
                    <OutlinedInput aria-describedby={undefined} autoComplete={undefined} autoFocus={false} ...>
                      <InputBase slots={{root:{...}, ...}} slotProps={{}} renderSuffix={function renderSuffix} ...>
                        <GlobalStylesWrapper>
                        <MuiOutlinedInput-root ref={null} onClick={function handleClick} ownerState={{slots:{...}, ...}} ...>
                          <Insertion>
                          <div onClick={function handleClick} className="MuiInputBa...">
                            <MuiOutlinedInput-input aria-invalid={false} aria-describedby={undefined} ...>
                              <Insertion>
                              <input
                                aria-invalid={false}
                                aria-describedby={undefined}
                                autoComplete={undefined}
                                autoFocus={false}
                                defaultValue={undefined}
                                disabled={false}
+                               id="_R_3aaatpesne9erllb_"
-                               id="_R_d99bn5ritp9erllb_"
                                onAnimationStart={function handleAutoFill}
                                name={undefined}
                                placeholder="Search by gate entry no, challan no, or vehicle no"
                                readOnly={undefined}
                                required={false}
                                rows={undefined}
                                value=""
                                onKeyDown={undefined}
                                onKeyUp={undefined}
                                type="text"
                                className="MuiInputBase-input MuiOutlinedInput-input MuiInputBase-inputSizeSmall mui-1..."
                                onBlur={function handleBlur}
                                onChange={function handleChange}
                                onFocus={function handleFocus}
                                ref={function useForkRef.useMemo}
                              >
                            ...
 @ http://nbcl.localhost:3001/_next/static/chunks/node_modules_next_dist_f3530cac._.js:3127
[  115485ms] [LOG] Detected Host: nbcl.localhost:3001 http://nbcl.localhost:3001/dashboardportal/jutePurchase/gateEntry @ http://nbcl.localhost:3001/_next/static/chunks/node_modules_next_dist_f3530cac._.js:2297
[  115493ms] [LOG] Detected Host: nbcl.localhost:3001 http://nbcl.localhost:3001/dashboardportal/jutePurchase/gateEntry @ http://nbcl.localhost:3001/_next/static/chunks/node_modules_next_dist_f3530cac._.js:2297
[  115678ms] [LOG] Detected Host: nbcl.localhost:3001 http://nbcl.localhost:3001/dashboardportal/jutePurchase/gateEntry @ http://nbcl.localhost:3001/_next/static/chunks/node_modules_next_dist_f3530cac._.js:2297
[  115687ms] [LOG] Detected Host: nbcl.localhost:3001 http://nbcl.localhost:3001/dashboardportal/jutePurchase/gateEntry @ http://nbcl.localhost:3001/_next/static/chunks/node_modules_next_dist_f3530cac._.js:2297
[  115889ms] [LOG] Detected Host: nbcl.localhost:3001 http://nbcl.localhost:3001/dashboardportal/jutePurchase/gateEntry @ http://nbcl.localhost:3001/_next/static/chunks/node_modules_next_dist_f3530cac._.js:2297
[  115893ms] [LOG] Detected Host: nbcl.localhost:3001 http://nbcl.localhost:3001/dashboardportal/jutePurchase/gateEntry @ http://nbcl.localhost:3001/_next/static/chunks/node_modules_next_dist_f3530cac._.js:2297
[  116146ms] [LOG] Detected Host: nbcl.localhost:3001 http://nbcl.localhost:3001/dashboardportal/jutePurchase/gateEntry @ http://nbcl.localhost:3001/_next/static/chunks/node_modules_next_dist_f3530cac._.js:2297
[  116152ms] [LOG] Detected Host: nbcl.localhost:3001 http://nbcl.localhost:3001/dashboardportal/jutePurchase/gateEntry @ http://nbcl.localhost:3001/_next/static/chunks/node_modules_next_dist_f3530cac._.js:2297
[  116530ms] [LOG] Detected Host: nbcl.localhost:3001 http://nbcl.localhost:3001/dashboardportal/jutePurchase/gateEntry @ http://nbcl.localhost:3001/_next/static/chunks/node_modules_next_dist_f3530cac._.js:2297
[  116533ms] [LOG] Detected Host: nbcl.localhost:3001 http://nbcl.localhost:3001/dashboardportal/jutePurchase/gateEntry @ http://nbcl.localhost:3001/_next/static/chunks/node_modules_next_dist_f3530cac._.js:2297
[  116874ms] [LOG] [Fast Refresh] rebuilding @ http://nbcl.localhost:3001/_next/static/chunks/node_modules_next_dist_f3530cac._.js:2297
[  118028ms] [INFO] %cDownload the React DevTools for a better development experience: https://react.dev/link/react-devtools font-weight:bold @ http://nbcl.localhost:3001/_next/static/chunks/node_modules_next_dist_f3530cac._.js:2297
[  118063ms] [LOG] [HMR] connected @ http://nbcl.localhost:3001/_next/static/chunks/node_modules_next_dist_f3530cac._.js:2297
[  118256ms] [LOG] Detected Host: nbcl.localhost:3001 http://nbcl.localhost:3001/dashboardportal/jutePurchase/materialInspection @ http://nbcl.localhost:3001/_next/static/chunks/node_modules_next_dist_f3530cac._.js:2297
[  118257ms] [LOG] Detected Host: nbcl.localhost:3001 http://nbcl.localhost:3001/dashboardportal/jutePurchase/materialInspection @ http://nbcl.localhost:3001/_next/static/chunks/node_modules_next_dist_f3530cac._.js:2297
[  118335ms] [ERROR] A tree hydrated but some attributes of the server rendered HTML didn't match the client properties. This won't be patched up. This can happen if a SSR-ed Client Component used:

- A server/client branch `if (typeof window !== 'undefined')`.
- Variable input such as `Date.now()` or `Math.random()` which changes each time it's called.
- Date formatting in a user's locale which doesn't match the server.
- External changing data without sending a snapshot of it along with the HTML.
- Invalid HTML tag nesting.

It can also happen if the client has a browser extension installed which messes with the HTML before React loaded.

%s%s https://react.dev/link/hydration-mismatch 

  ...
    <div className="mb-6 flex ...">
      <Box className="flex flex-...">
        <Styled(div) as="div" ref={null} className="flex flex-..." theme={{...}} sx={{}}>
          <Insertion>
          <div className="flex flex-...">
            <DateRangeToolbar fromDate="" toDate="" ...>
              <TextField size="small" type="date" label="From" value="" ...>
                <MuiTextField-root disabled={false} error={false} fullWidth={false} required={false} color="primary" ...>
                  <Insertion>
                  <FormControl disabled={false} error={false} fullWidth={false} required={false} color="primary" ...>
                    <MuiFormControl-root as="div" ownerState={{disabled:false, ...}} className="MuiFormCon..." ref={null}>
                      <Insertion>
                      <div className="MuiFormCon...">
                        <InputLabel htmlFor="_R_36aatpe..." id="_R_36aatpe..." shrink={true} ref={null} ...>
                          <MuiInputLabel-root data-shrink={true} ref={null} className="MuiInputLa..." ...>
                            <Insertion>
                            <FormLabel data-shrink={true} className="MuiInputLa..." htmlFor="_R_36aatpe..." ...>
                              <MuiFormLabel-root as="label" ownerState={{...}} className="MuiFormLab..." ref={null} ...>
                                <Insertion>
                                <label
                                  className="MuiFormLabel-root MuiInputLabel-root MuiInputLabel-formControl MuiInputLa..."
                                  data-shrink={true}
+                                 htmlFor="_R_36aatpesne9erllb_"
-                                 htmlFor="_R_cp9bn5ritp9erllb_"
+                                 id="_R_36aatpesne9erllb_-label"
-                                 id="_R_cp9bn5ritp9erllb_-label"
                                >
                        ...
                          <MuiOutlinedInput-root ref={null} onClick={function handleClick} ...>
                            <Insertion>
                            <div onClick={function handleClick} className="MuiInputBa...">
                              <MuiOutlinedInput-input aria-invalid={false} aria-describedby={undefined} ...>
                                <Insertion>
                                <input
                                  aria-invalid={false}
                                  aria-describedby={undefined}
                                  autoComplete={undefined}
                                  autoFocus={false}
                                  defaultValue={undefined}
                                  disabled={false}
+                                 id="_R_36aatpesne9erllb_"
-                                 id="_R_cp9bn5ritp9erllb_"
                                  onAnimationStart={function handleAutoFill}
                                  name={undefined}
                                  placeholder={undefined}
                                  readOnly={undefined}
                                  required={false}
                                  rows={undefined}
                                  value=""
                                  onKeyDown={undefined}
                                  onKeyUp={undefined}
                                  type="date"
                                  className="MuiInputBase-input MuiOutlinedInput-input MuiInputBase-inputSizeSmall mui..."
                                  onBlur={function handleBlur}
                                  onChange={function handleChange}
                                  onFocus={function handleFocus}
                                  ref={function useForkRef.useMemo}
                                >
                              ...
              <TextField size="small" type="date" label="To" value="" ...>
                <MuiTextField-root disabled={false} error={false} fullWidth={false} required={false} color="primary" ...>
                  <Insertion>
                  <FormControl disabled={false} error={false} fullWidth={false} required={false} color="primary" ...>
                    <MuiFormControl-root as="div" ownerState={{disabled:false, ...}} className="MuiFormCon..." ref={null}>
                      <Insertion>
                      <div className="MuiFormCon...">
                        <InputLabel htmlFor="_R_56aatpe..." id="_R_56aatpe..." shrink={true} ref={null} ...>
                          <MuiInputLabel-root data-shrink={true} ref={null} className="MuiInputLa..." ...>
                            <Insertion>
                            <FormLabel data-shrink={true} className="MuiInputLa..." htmlFor="_R_56aatpe..." ...>
                              <MuiFormLabel-root as="label" ownerState={{...}} className="MuiFormLab..." ref={null} ...>
                                <Insertion>
                                <label
                                  className="MuiFormLabel-root MuiInputLabel-root MuiInputLabel-formControl MuiInputLa..."
                                  data-shrink={true}
+                                 htmlFor="_R_56aatpesne9erllb_"
-                                 htmlFor="_R_kp9bn5ritp9erllb_"
+                                 id="_R_56aatpesne9erllb_-label"
-                                 id="_R_kp9bn5ritp9erllb_-label"
                                >
                        ...
                          <MuiOutlinedInput-root ref={null} onClick={function handleClick} ...>
                            <Insertion>
                            <div onClick={function handleClick} className="MuiInputBa...">
                              <MuiOutlinedInput-input aria-invalid={false} aria-describedby={undefined} ...>
                                <Insertion>
                                <input
                                  aria-invalid={false}
                                  aria-describedby={undefined}
                                  autoComplete={undefined}
                                  autoFocus={false}
                                  defaultValue={undefined}
                                  disabled={false}
+                                 id="_R_56aatpesne9erllb_"
-                                 id="_R_kp9bn5ritp9erllb_"
                                  onAnimationStart={function handleAutoFill}
                                  name={undefined}
                                  placeholder={undefined}
                                  readOnly={undefined}
                                  required={false}
                                  rows={undefined}
                                  value=""
                                  onKeyDown={undefined}
                                  onKeyUp={undefined}
                                  type="date"
                                  className="MuiInputBase-input MuiOutlinedInput-input MuiInputBase-inputSizeSmall mui..."
                                  onBlur={function handleBlur}
                                  onChange={function handleChange}
                                  onFocus={function handleFocus}
                                  ref={function useForkRef.useMemo}
                                >
                              ...
      ...
        <div className="flex flex-...">
          <TextField size="small" value="" onChange={function IndexWrapper.useCallback[handleSearchInputChange]} ...>
            <MuiTextField-root disabled={false} error={false} fullWidth={false} required={false} color="primary" ...>
              <Insertion>
              <FormControl disabled={false} error={false} fullWidth={false} required={false} color="primary" ...>
                <MuiFormControl-root as="div" ownerState={{disabled:false, ...}} className="MuiFormCon..." ref={null}>
                  <Insertion>
                  <div className="MuiFormCon...">
                    <OutlinedInput aria-describedby={undefined} autoComplete={undefined} autoFocus={false} ...>
                      <InputBase slots={{root:{...}, ...}} slotProps={{}} renderSuffix={function renderSuffix} ...>
                        <GlobalStylesWrapper>
                        <MuiOutlinedInput-root ref={null} onClick={function handleClick} ownerState={{slots:{...}, ...}} ...>
                          <Insertion>
                          <div onClick={function handleClick} className="MuiInputBa...">
                            <MuiOutlinedInput-input aria-invalid={false} aria-describedby={undefined} ...>
                              <Insertion>
                              <input
                                aria-invalid={false}
                                aria-describedby={undefined}
                                autoComplete={undefined}
                                autoFocus={false}
                                defaultValue={undefined}
                                disabled={false}
+                               id="_R_3aaatpesne9erllb_"
-                               id="_R_d99bn5ritp9erllb_"
                                onAnimationStart={function handleAutoFill}
                                name={undefined}
                                placeholder="Search by gate entry no, mukam, vehicle no, or challan no"
                                readOnly={undefined}
                                required={false}
                                rows={undefined}
                                value=""
                                onKeyDown={undefined}
                                onKeyUp={undefined}
                                type="text"
                                className="MuiInputBase-input MuiOutlinedInput-input MuiInputBase-inputSizeSmall mui-1..."
                                onBlur={function handleBlur}
                                onChange={function handleChange}
                                onFocus={function handleFocus}
                                ref={function useForkRef.useMemo}
                              >
                            ...
 @ http://nbcl.localhost:3001/_next/static/chunks/node_modules_next_dist_f3530cac._.js:3127
[  118358ms] [LOG] Detected Host: nbcl.localhost:3001 http://nbcl.localhost:3001/dashboardportal/jutePurchase/materialInspection @ http://nbcl.localhost:3001/_next/static/chunks/node_modules_next_dist_f3530cac._.js:2297
[  118362ms] [LOG] Detected Host: nbcl.localhost:3001 http://nbcl.localhost:3001/dashboardportal/jutePurchase/materialInspection @ http://nbcl.localhost:3001/_next/static/chunks/node_modules_next_dist_f3530cac._.js:2297
[  118467ms] [LOG] Detected Host: nbcl.localhost:3001 http://nbcl.localhost:3001/dashboardportal/jutePurchase/materialInspection @ http://nbcl.localhost:3001/_next/static/chunks/node_modules_next_dist_f3530cac._.js:2297
[  118471ms] [LOG] Detected Host: nbcl.localhost:3001 http://nbcl.localhost:3001/dashboardportal/jutePurchase/materialInspection @ http://nbcl.localhost:3001/_next/static/chunks/node_modules_next_dist_f3530cac._.js:2297
[  118609ms] [LOG] Detected Host: nbcl.localhost:3001 http://nbcl.localhost:3001/dashboardportal/jutePurchase/materialInspection @ http://nbcl.localhost:3001/_next/static/chunks/node_modules_next_dist_f3530cac._.js:2297
[  118612ms] [LOG] Detected Host: nbcl.localhost:3001 http://nbcl.localhost:3001/dashboardportal/jutePurchase/materialInspection @ http://nbcl.localhost:3001/_next/static/chunks/node_modules_next_dist_f3530cac._.js:2297
[  118902ms] [LOG] Detected Host: nbcl.localhost:3001 http://nbcl.localhost:3001/dashboardportal/jutePurchase/materialInspection @ http://nbcl.localhost:3001/_next/static/chunks/node_modules_next_dist_f3530cac._.js:2297
[  118906ms] [LOG] Detected Host: nbcl.localhost:3001 http://nbcl.localhost:3001/dashboardportal/jutePurchase/materialInspection @ http://nbcl.localhost:3001/_next/static/chunks/node_modules_next_dist_f3530cac._.js:2297
[  119151ms] [LOG] Detected Host: nbcl.localhost:3001 http://nbcl.localhost:3001/dashboardportal/jutePurchase/materialInspection @ http://nbcl.localhost:3001/_next/static/chunks/node_modules_next_dist_f3530cac._.js:2297
[  119155ms] [LOG] Detected Host: nbcl.localhost:3001 http://nbcl.localhost:3001/dashboardportal/jutePurchase/materialInspection @ http://nbcl.localhost:3001/_next/static/chunks/node_modules_next_dist_f3530cac._.js:2297
[  120806ms] [INFO] %cDownload the React DevTools for a better development experience: https://react.dev/link/react-devtools font-weight:bold @ http://nbcl.localhost:3001/_next/static/chunks/node_modules_next_dist_f3530cac._.js:2297
[  120839ms] [LOG] [HMR] connected @ http://nbcl.localhost:3001/_next/static/chunks/node_modules_next_dist_f3530cac._.js:2297
[  121024ms] [LOG] Detected Host: nbcl.localhost:3001 http://nbcl.localhost:3001/dashboardportal/procurement @ http://nbcl.localhost:3001/_next/static/chunks/node_modules_next_dist_f3530cac._.js:2297
[  121025ms] [LOG] Detected Host: nbcl.localhost:3001 http://nbcl.localhost:3001/dashboardportal/procurement @ http://nbcl.localhost:3001/_next/static/chunks/node_modules_next_dist_f3530cac._.js:2297
[  121061ms] [LOG] Detected Host: nbcl.localhost:3001 http://nbcl.localhost:3001/dashboardportal/procurement @ http://nbcl.localhost:3001/_next/static/chunks/node_modules_next_dist_f3530cac._.js:2297
[  121065ms] [LOG] Detected Host: nbcl.localhost:3001 http://nbcl.localhost:3001/dashboardportal/procurement @ http://nbcl.localhost:3001/_next/static/chunks/node_modules_next_dist_f3530cac._.js:2297
[  121080ms] [LOG] Detected Host: nbcl.localhost:3001 http://nbcl.localhost:3001/dashboardportal/procurement @ http://nbcl.localhost:3001/_next/static/chunks/node_modules_next_dist_f3530cac._.js:2297
[  121084ms] [LOG] Detected Host: nbcl.localhost:3001 http://nbcl.localhost:3001/dashboardportal/procurement @ http://nbcl.localhost:3001/_next/static/chunks/node_modules_next_dist_f3530cac._.js:2297
[  121121ms] [LOG] Detected Host: nbcl.localhost:3001 http://nbcl.localhost:3001/dashboardportal/procurement @ http://nbcl.localhost:3001/_next/static/chunks/node_modules_next_dist_f3530cac._.js:2297
[  121123ms] [LOG] Detected Host: nbcl.localhost:3001 http://nbcl.localhost:3001/dashboardportal/procurement @ http://nbcl.localhost:3001/_next/static/chunks/node_modules_next_dist_f3530cac._.js:2297
[  121144ms] [LOG] Detected Host: nbcl.localhost:3001 http://nbcl.localhost:3001/dashboardportal/procurement @ http://nbcl.localhost:3001/_next/static/chunks/node_modules_next_dist_f3530cac._.js:2297
[  121146ms] [LOG] Detected Host: nbcl.localhost:3001 http://nbcl.localhost:3001/dashboardportal/procurement @ http://nbcl.localhost:3001/_next/static/chunks/node_modules_next_dist_f3530cac._.js:2297
[  121164ms] [LOG] Detected Host: nbcl.localhost:3001 http://nbcl.localhost:3001/dashboardportal/procurement @ http://nbcl.localhost:3001/_next/static/chunks/node_modules_next_dist_f3530cac._.js:2297
[  121167ms] [LOG] Detected Host: nbcl.localhost:3001 http://nbcl.localhost:3001/dashboardportal/procurement @ http://nbcl.localhost:3001/_next/static/chunks/node_modules_next_dist_f3530cac._.js:2297
[  123385ms] [LOG] [Fast Refresh] rebuilding @ http://nbcl.localhost:3001/_next/static/chunks/node_modules_next_dist_f3530cac._.js:2297
[  123422ms] [LOG] [Fast Refresh] done in 147ms @ http://nbcl.localhost:3001/_next/static/chunks/node_modules_next_dist_f3530cac._.js:2297
[  123663ms] [INFO] %cDownload the React DevTools for a better development experience: https://react.dev/link/react-devtools font-weight:bold @ http://nbcl.localhost:3001/_next/static/chunks/node_modules_next_dist_f3530cac._.js:2297
[  123699ms] [LOG] [HMR] connected @ http://nbcl.localhost:3001/_next/static/chunks/node_modules_next_dist_f3530cac._.js:2297
[  123853ms] [LOG] Detected Host: nbcl.localhost:3001 http://nbcl.localhost:3001/dashboardportal/procurement/purchaseOrder @ http://nbcl.localhost:3001/_next/static/chunks/node_modules_next_dist_f3530cac._.js:2297
[  123854ms] [LOG] Detected Host: nbcl.localhost:3001 http://nbcl.localhost:3001/dashboardportal/procurement/purchaseOrder @ http://nbcl.localhost:3001/_next/static/chunks/node_modules_next_dist_f3530cac._.js:2297
[  123892ms] [LOG] Detected Host: nbcl.localhost:3001 http://nbcl.localhost:3001/dashboardportal/procurement/purchaseOrder @ http://nbcl.localhost:3001/_next/static/chunks/node_modules_next_dist_f3530cac._.js:2297
[  123892ms] [LOG] Detected Host: nbcl.localhost:3001 http://nbcl.localhost:3001/dashboardportal/procurement/purchaseOrder @ http://nbcl.localhost:3001/_next/static/chunks/node_modules_next_dist_f3530cac._.js:2297
[  123958ms] [LOG] Detected Host: nbcl.localhost:3001 http://nbcl.localhost:3001/dashboardportal/procurement/purchaseOrder @ http://nbcl.localhost:3001/_next/static/chunks/node_modules_next_dist_f3530cac._.js:2297
[  123963ms] [LOG] Detected Host: nbcl.localhost:3001 http://nbcl.localhost:3001/dashboardportal/procurement/purchaseOrder @ http://nbcl.localhost:3001/_next/static/chunks/node_modules_next_dist_f3530cac._.js:2297
[  124109ms] [LOG] Detected Host: nbcl.localhost:3001 http://nbcl.localhost:3001/dashboardportal/procurement/purchaseOrder @ http://nbcl.localhost:3001/_next/static/chunks/node_modules_next_dist_f3530cac._.js:2297
[  124117ms] [LOG] Detected Host: nbcl.localhost:3001 http://nbcl.localhost:3001/dashboardportal/procurement/purchaseOrder @ http://nbcl.localhost:3001/_next/static/chunks/node_modules_next_dist_f3530cac._.js:2297
[  124257ms] [LOG] Detected Host: nbcl.localhost:3001 http://nbcl.localhost:3001/dashboardportal/procurement/purchaseOrder @ http://nbcl.localhost:3001/_next/static/chunks/node_modules_next_dist_f3530cac._.js:2297
[  124260ms] [LOG] Detected Host: nbcl.localhost:3001 http://nbcl.localhost:3001/dashboardportal/procurement/purchaseOrder @ http://nbcl.localhost:3001/_next/static/chunks/node_modules_next_dist_f3530cac._.js:2297
[  124562ms] [LOG] Detected Host: nbcl.localhost:3001 http://nbcl.localhost:3001/dashboardportal/procurement/purchaseOrder @ http://nbcl.localhost:3001/_next/static/chunks/node_modules_next_dist_f3530cac._.js:2297
[  124565ms] [LOG] Detected Host: nbcl.localhost:3001 http://nbcl.localhost:3001/dashboardportal/procurement/purchaseOrder @ http://nbcl.localhost:3001/_next/static/chunks/node_modules_next_dist_f3530cac._.js:2297
[  124828ms] [LOG] Detected Host: nbcl.localhost:3001 http://nbcl.localhost:3001/dashboardportal/procurement/purchaseOrder @ http://nbcl.localhost:3001/_next/static/chunks/node_modules_next_dist_f3530cac._.js:2297
[  124831ms] [LOG] Detected Host: nbcl.localhost:3001 http://nbcl.localhost:3001/dashboardportal/procurement/purchaseOrder @ http://nbcl.localhost:3001/_next/static/chunks/node_modules_next_dist_f3530cac._.js:2297
[  126390ms] [INFO] %cDownload the React DevTools for a better development experience: https://react.dev/link/react-devtools font-weight:bold @ http://nbcl.localhost:3001/_next/static/chunks/node_modules_next_dist_f3530cac._.js:2297
[  126423ms] [LOG] [HMR] connected @ http://nbcl.localhost:3001/_next/static/chunks/node_modules_next_dist_f3530cac._.js:2297
[  126602ms] [LOG] Detected Host: nbcl.localhost:3001 http://nbcl.localhost:3001/dashboardportal/procurement/indent @ http://nbcl.localhost:3001/_next/static/chunks/node_modules_next_dist_f3530cac._.js:2297
[  126603ms] [LOG] Detected Host: nbcl.localhost:3001 http://nbcl.localhost:3001/dashboardportal/procurement/indent @ http://nbcl.localhost:3001/_next/static/chunks/node_modules_next_dist_f3530cac._.js:2297
[  126667ms] [ERROR] A tree hydrated but some attributes of the server rendered HTML didn't match the client properties. This won't be patched up. This can happen if a SSR-ed Client Component used:

- A server/client branch `if (typeof window !== 'undefined')`.
- Variable input such as `Date.now()` or `Math.random()` which changes each time it's called.
- Date formatting in a user's locale which doesn't match the server.
- External changing data without sending a snapshot of it along with the HTML.
- Invalid HTML tag nesting.

It can also happen if the client has a browser extension installed which messes with the HTML before React loaded.

%s%s https://react.dev/link/hydration-mismatch 

  ...
    <Box className="flex flex-...">
      <Styled(div) as="div" ref={null} className="flex flex-..." theme={{...}} sx={{}}>
        <Insertion>
        <div className="flex flex-...">
          <TextField size="small" value="" onChange={function IndexWrapper.useCallback[handleSearchInputChange]} ...>
            <MuiTextField-root disabled={false} error={false} fullWidth={false} required={false} color="primary" ...>
              <Insertion>
              <FormControl disabled={false} error={false} fullWidth={false} required={false} color="primary" ...>
                <MuiFormControl-root as="div" ownerState={{disabled:false, ...}} className="MuiFormCon..." ref={null}>
                  <Insertion>
                  <div className="MuiFormCon...">
                    <OutlinedInput aria-describedby={undefined} autoComplete={undefined} autoFocus={false} ...>
                      <InputBase slots={{root:{...}, ...}} slotProps={{}} renderSuffix={function renderSuffix} ...>
                        <GlobalStylesWrapper>
                        <MuiOutlinedInput-root ref={null} onClick={function handleClick} ownerState={{slots:{...}, ...}} ...>
                          <Insertion>
                          <div onClick={function handleClick} className="MuiInputBa...">
                            <MuiOutlinedInput-input aria-invalid={false} aria-describedby={undefined} ...>
                              <Insertion>
                              <input
                                aria-invalid={false}
                                aria-describedby={undefined}
                                autoComplete={undefined}
                                autoFocus={false}
                                defaultValue={undefined}
                                disabled={false}
+                               id="_R_3aaatpesne9erllb_"
-                               id="_R_d99bn5ritp9erllb_"
                                onAnimationStart={function handleAutoFill}
                                name={undefined}
                                placeholder="Search by indent no., branch, or expense type"
                                readOnly={undefined}
                                required={false}
                                rows={undefined}
                                value=""
                                onKeyDown={undefined}
                                onKeyUp={undefined}
                                type="text"
                                className="MuiInputBase-input MuiOutlinedInput-input MuiInputBase-inputSizeSmall mui-1..."
                                onBlur={function handleBlur}
                                onChange={function handleChange}
                                onFocus={function handleFocus}
                                ref={function useForkRef.useMemo}
                              >
                            ...
 @ http://nbcl.localhost:3001/_next/static/chunks/node_modules_next_dist_f3530cac._.js:3127
[  126689ms] [LOG] Detected Host: nbcl.localhost:3001 http://nbcl.localhost:3001/dashboardportal/procurement/indent @ http://nbcl.localhost:3001/_next/static/chunks/node_modules_next_dist_f3530cac._.js:2297
[  126693ms] [LOG] Detected Host: nbcl.localhost:3001 http://nbcl.localhost:3001/dashboardportal/procurement/indent @ http://nbcl.localhost:3001/_next/static/chunks/node_modules_next_dist_f3530cac._.js:2297
[  126807ms] [LOG] Detected Host: nbcl.localhost:3001 http://nbcl.localhost:3001/dashboardportal/procurement/indent @ http://nbcl.localhost:3001/_next/static/chunks/node_modules_next_dist_f3530cac._.js:2297
[  126815ms] [LOG] Detected Host: nbcl.localhost:3001 http://nbcl.localhost:3001/dashboardportal/procurement/indent @ http://nbcl.localhost:3001/_next/static/chunks/node_modules_next_dist_f3530cac._.js:2297
[  127056ms] [LOG] Detected Host: nbcl.localhost:3001 http://nbcl.localhost:3001/dashboardportal/procurement/indent @ http://nbcl.localhost:3001/_next/static/chunks/node_modules_next_dist_f3530cac._.js:2297
[  127063ms] [LOG] Detected Host: nbcl.localhost:3001 http://nbcl.localhost:3001/dashboardportal/procurement/indent @ http://nbcl.localhost:3001/_next/static/chunks/node_modules_next_dist_f3530cac._.js:2297
[  127323ms] [LOG] Detected Host: nbcl.localhost:3001 http://nbcl.localhost:3001/dashboardportal/procurement/indent @ http://nbcl.localhost:3001/_next/static/chunks/node_modules_next_dist_f3530cac._.js:2297
[  127326ms] [LOG] Detected Host: nbcl.localhost:3001 http://nbcl.localhost:3001/dashboardportal/procurement/indent @ http://nbcl.localhost:3001/_next/static/chunks/node_modules_next_dist_f3530cac._.js:2297
[  127519ms] [LOG] Detected Host: nbcl.localhost:3001 http://nbcl.localhost:3001/dashboardportal/procurement/indent @ http://nbcl.localhost:3001/_next/static/chunks/node_modules_next_dist_f3530cac._.js:2297
[  127521ms] [LOG] Detected Host: nbcl.localhost:3001 http://nbcl.localhost:3001/dashboardportal/procurement/indent @ http://nbcl.localhost:3001/_next/static/chunks/node_modules_next_dist_f3530cac._.js:2297
[  128914ms] [LOG] [Fast Refresh] rebuilding @ http://nbcl.localhost:3001/_next/static/chunks/node_modules_next_dist_f3530cac._.js:2297
[  128925ms] [LOG] [Fast Refresh] done in 115ms @ http://nbcl.localhost:3001/_next/static/chunks/node_modules_next_dist_f3530cac._.js:2297
[  129143ms] [INFO] %cDownload the React DevTools for a better development experience: https://react.dev/link/react-devtools font-weight:bold @ http://nbcl.localhost:3001/_next/static/chunks/node_modules_next_dist_f3530cac._.js:2297
[  129179ms] [LOG] [HMR] connected @ http://nbcl.localhost:3001/_next/static/chunks/node_modules_next_dist_f3530cac._.js:2297
[  129318ms] [LOG] Detected Host: nbcl.localhost:3001 http://nbcl.localhost:3001/dashboardportal/jutePurchase/reports @ http://nbcl.localhost:3001/_next/static/chunks/node_modules_next_dist_f3530cac._.js:2297
[  129319ms] [LOG] Detected Host: nbcl.localhost:3001 http://nbcl.localhost:3001/dashboardportal/jutePurchase/reports @ http://nbcl.localhost:3001/_next/static/chunks/node_modules_next_dist_f3530cac._.js:2297
[  129374ms] [ERROR] A tree hydrated but some attributes of the server rendered HTML didn't match the client properties. This won't be patched up. This can happen if a SSR-ed Client Component used:

- A server/client branch `if (typeof window !== 'undefined')`.
- Variable input such as `Date.now()` or `Math.random()` which changes each time it's called.
- Date formatting in a user's locale which doesn't match the server.
- External changing data without sending a snapshot of it along with the HTML.
- Invalid HTML tag nesting.

It can also happen if the client has a browser extension installed which messes with the HTML before React loaded.

%s%s https://react.dev/link/hydration-mismatch 

  ...
    <MuiPaper-root as="div" ownerState={{elevation:1, ...}} className="MuiPaper-r..." ref={null} sx={{mb:3}} ...>
      <Insertion>
      <div className="MuiPaper-r..." style={{...}}>
        <Box sx={{display:"flex", ...}}>
          <Styled(div) as="div" ref={null} className="MuiBox-root" theme={{...}} sx={{display:"flex", ...}}>
            <Insertion>
            <div className="MuiBox-roo...">
              ...
                <MuiTextField-root disabled={false} error={false} fullWidth={true} required={false} color="primary" ...>
                  <Insertion>
                  <FormControl disabled={false} error={false} fullWidth={true} required={false} color="primary" ...>
                    <MuiFormControl-root as="div" ownerState={{disabled:false, ...}} className="MuiFormCon..." ref={null}>
                      <Insertion>
                      <div className="MuiFormCon...">
                        <InputLabel htmlFor="_R_ql5et9e..." id="_R_ql5et9e..." ref={null} ...>
                          <MuiInputLabel-root data-shrink={false} ref={null} className="MuiInputLa..." ...>
                            <Insertion>
                            <FormLabel data-shrink={false} className="MuiInputLa..." htmlFor="_R_ql5et9e..." ...>
                              <MuiFormLabel-root as="label" ownerState={{...}} className="MuiFormLab..." ref={null} ...>
                                <Insertion>
                                <label
                                  className="MuiFormLabel-root MuiInputLabel-root MuiInputLabel-formControl MuiInputLa..."
                                  data-shrink={false}
+                                 htmlFor="_R_ql5et9esne9erllb_"
-                                 htmlFor="_R_3aklrl5ritp9erllb_"
+                                 id="_R_ql5et9esne9erllb_-label"
-                                 id="_R_3aklrl5ritp9erllb_-label"
                                >
                        ...
                          <MuiOutlinedInput-root ref={function useForkRef.useMemo} onClick={function handleClick} ...>
                            <Insertion>
                            <div onClick={function handleClick} onMouseDown={function onMouseDown} ...>
                              <MuiOutlinedInput-input aria-invalid={false} aria-describedby={undefined} ...>
                                <Insertion>
                                <input
                                  aria-invalid={false}
                                  aria-describedby={undefined}
                                  autoComplete="off"
                                  autoFocus={false}
                                  defaultValue={undefined}
                                  disabled={undefined}
+                                 id="_R_ql5et9esne9erllb_"
-                                 id="_R_3aklrl5ritp9erllb_"
                                  onAnimationStart={function handleAutoFill}
                                  name={undefined}
                                  placeholder={undefined}
                                  readOnly={false}
                                  required={false}
                                  rows={undefined}
                                  value=""
                                  onKeyDown={undefined}
                                  onKeyUp={undefined}
                                  type="text"
                                  className="MuiInputBase-input MuiOutlinedInput-input MuiInputBase-inputSizeSmall Mui..."
                                  onBlur={function handleBlur}
                                  onFocus={function handleFocus}
                                  onChange={function handleChange}
                                  onMouseDown={function handleInputMouseDown}
                                  aria-activedescendant={null}
                                  aria-autocomplete="list"
                                  aria-controls={undefined}
                                  aria-expanded={false}
                                  autoCapitalize="none"
                                  spellCheck="false"
                                  role="combobox"
                                  ref={function useForkRef.useMemo}
                                >
                              ...
              ...
                <MuiTextField-root disabled={false} error={false} fullWidth={true} required={true} color="primary" ...>
                  <Insertion>
                  <FormControl disabled={false} error={false} fullWidth={true} required={true} color="primary" ...>
                    <MuiFormControl-root as="div" ownerState={{disabled:false, ...}} className="MuiFormCon..." ref={null}>
                      <Insertion>
                      <div className="MuiFormCon...">
                        <InputLabel htmlFor="_R_1al5et9..." id="_R_1al5et9..." ref={null} ...>
                          <MuiInputLabel-root data-shrink={false} ref={null} className="MuiInputLa..." ...>
                            <Insertion>
                            <FormLabel data-shrink={false} className="MuiInputLa..." htmlFor="_R_1al5et9..." ...>
                              <MuiFormLabel-root as="label" ownerState={{...}} className="MuiFormLab..." ref={null} ...>
                                <Insertion>
                                <label
                                  className="MuiFormLabel-root MuiInputLabel-root MuiInputLabel-formControl MuiInputLa..."
                                  data-shrink={false}
+                                 htmlFor="_R_1al5et9esne9erllb_"
-                                 htmlFor="_R_5aklrl5ritp9erllb_"
+                                 id="_R_1al5et9esne9erllb_-label"
-                                 id="_R_5aklrl5ritp9erllb_-label"
                                >
                        ...
                          <MuiOutlinedInput-root ref={function useForkRef.useMemo} onClick={function handleClick} ...>
                            <Insertion>
                            <div onClick={function handleClick} onMouseDown={function onMouseDown} ...>
                              <MuiOutlinedInput-input aria-invalid={false} aria-describedby={undefined} ...>
                                <Insertion>
                                <input
                                  aria-invalid={false}
                                  aria-describedby={undefined}
                                  autoComplete="off"
                                  autoFocus={false}
                                  defaultValue={undefined}
                                  disabled={undefined}
+                                 id="_R_1al5et9esne9erllb_"
-                                 id="_R_5aklrl5ritp9erllb_"
                                  onAnimationStart={function handleAutoFill}
                                  name={undefined}
                                  placeholder={undefined}
                                  readOnly={false}
                                  required={true}
                                  rows={undefined}
                                  value=""
                                  onKeyDown={undefined}
                                  onKeyUp={undefined}
                                  type="text"
                                  className="MuiInputBase-input MuiOutlinedInput-input MuiInputBase-inputSizeSmall Mui..."
                                  onBlur={function handleBlur}
                                  onFocus={function handleFocus}
                                  onChange={function handleChange}
                                  onMouseDown={function handleInputMouseDown}
                                  aria-activedescendant={null}
                                  aria-autocomplete="list"
                                  aria-controls={undefined}
                                  aria-expanded={false}
                                  autoCapitalize="none"
                                  spellCheck="false"
                                  role="combobox"
                                  ref={function useForkRef.useMemo}
                                >
                              ...
              <TextField type="date" label="Report Date" value="2026-08-07" ...>
                <MuiTextField-root disabled={false} error={false} fullWidth={false} required={false} color="primary" ...>
                  <Insertion>
                  <FormControl disabled={false} error={false} fullWidth={false} required={false} color="primary" ...>
                    <MuiFormControl-root as="div" ownerState={{disabled:false, ...}} className="MuiFormCon..." ref={null}>
                      <Insertion>
                      <div className="MuiFormCon...">
                        <InputLabel htmlFor="_R_1ql5et9..." id="_R_1ql5et9..." shrink={true} ref={null} ...>
                          <MuiInputLabel-root data-shrink={true} ref={null} className="MuiInputLa..." ...>
                            <Insertion>
                            <FormLabel data-shrink={true} className="MuiInputLa..." htmlFor="_R_1ql5et9..." ...>
                              <MuiFormLabel-root as="label" ownerState={{...}} className="MuiFormLab..." ref={null} ...>
                                <Insertion>
                                <label
                                  className="MuiFormLabel-root MuiInputLabel-root MuiInputLabel-formControl MuiInputLa..."
                                  data-shrink={true}
+                                 htmlFor="_R_1ql5et9esne9erllb_"
-                                 htmlFor="_R_7aklrl5ritp9erllb_"
+                                 id="_R_1ql5et9esne9erllb_-label"
-                                 id="_R_7aklrl5ritp9erllb_-label"
                                >
                        ...
                          <MuiOutlinedInput-root ref={null} onClick={function handleClick} ...>
                            <Insertion>
                            <div onClick={function handleClick} className="MuiInputBa...">
                              <MuiOutlinedInput-input aria-invalid={false} aria-describedby={undefined} ...>
                                <Insertion>
                                <input
                                  aria-invalid={false}
                                  aria-describedby={undefined}
                                  autoComplete={undefined}
                                  autoFocus={false}
                                  defaultValue={undefined}
                                  disabled={false}
+                                 id="_R_1ql5et9esne9erllb_"
-                                 id="_R_7aklrl5ritp9erllb_"
                                  onAnimationStart={function handleAutoFill}
                                  name={undefined}
                                  placeholder={undefined}
                                  readOnly={undefined}
                                  required={false}
                                  rows={undefined}
                                  value="2026-08-07"
                                  onKeyDown={undefined}
                                  onKeyUp={undefined}
                                  type="date"
                                  className="MuiInputBase-input MuiOutlinedInput-input MuiInputBase-inputSizeSmall mui..."
                                  onBlur={function handleBlur}
                                  onChange={function handleChange}
                                  onFocus={function handleFocus}
                                  ref={function useForkRef.useMemo}
                                >
                              ...
 @ http://nbcl.localhost:3001/_next/static/chunks/node_modules_next_dist_f3530cac._.js:3127
[  129396ms] [LOG] Detected Host: nbcl.localhost:3001 http://nbcl.localhost:3001/dashboardportal/jutePurchase/reports @ http://nbcl.localhost:3001/_next/static/chunks/node_modules_next_dist_f3530cac._.js:2297
[  129399ms] [LOG] Detected Host: nbcl.localhost:3001 http://nbcl.localhost:3001/dashboardportal/jutePurchase/reports @ http://nbcl.localhost:3001/_next/static/chunks/node_modules_next_dist_f3530cac._.js:2297
[  129478ms] [LOG] Detected Host: nbcl.localhost:3001 http://nbcl.localhost:3001/dashboardportal/jutePurchase/reports @ http://nbcl.localhost:3001/_next/static/chunks/node_modules_next_dist_f3530cac._.js:2297
[  129486ms] [LOG] Detected Host: nbcl.localhost:3001 http://nbcl.localhost:3001/dashboardportal/jutePurchase/reports @ http://nbcl.localhost:3001/_next/static/chunks/node_modules_next_dist_f3530cac._.js:2297
[  129665ms] [LOG] Detected Host: nbcl.localhost:3001 http://nbcl.localhost:3001/dashboardportal/jutePurchase/reports @ http://nbcl.localhost:3001/_next/static/chunks/node_modules_next_dist_f3530cac._.js:2297
[  129668ms] [LOG] Detected Host: nbcl.localhost:3001 http://nbcl.localhost:3001/dashboardportal/jutePurchase/reports @ http://nbcl.localhost:3001/_next/static/chunks/node_modules_next_dist_f3530cac._.js:2297
[  129745ms] [LOG] Detected Host: nbcl.localhost:3001 http://nbcl.localhost:3001/dashboardportal/jutePurchase/reports @ http://nbcl.localhost:3001/_next/static/chunks/node_modules_next_dist_f3530cac._.js:2297
[  129750ms] [LOG] Detected Host: nbcl.localhost:3001 http://nbcl.localhost:3001/dashboardportal/jutePurchase/reports @ http://nbcl.localhost:3001/_next/static/chunks/node_modules_next_dist_f3530cac._.js:2297
[  129807ms] [LOG] Detected Host: nbcl.localhost:3001 http://nbcl.localhost:3001/dashboardportal/jutePurchase/reports @ http://nbcl.localhost:3001/_next/static/chunks/node_modules_next_dist_f3530cac._.js:2297
[  129808ms] [LOG] Detected Host: nbcl.localhost:3001 http://nbcl.localhost:3001/dashboardportal/jutePurchase/reports @ http://nbcl.localhost:3001/_next/static/chunks/node_modules_next_dist_f3530cac._.js:2297
[  131682ms] [LOG] [Fast Refresh] rebuilding @ http://nbcl.localhost:3001/_next/static/chunks/node_modules_next_dist_f3530cac._.js:2297
[  131696ms] [LOG] [Fast Refresh] done in 120ms @ http://nbcl.localhost:3001/_next/static/chunks/node_modules_next_dist_f3530cac._.js:2297
[  131892ms] [INFO] %cDownload the React DevTools for a better development experience: https://react.dev/link/react-devtools font-weight:bold @ http://nbcl.localhost:3001/_next/static/chunks/node_modules_next_dist_f3530cac._.js:2297
[  131919ms] [LOG] [HMR] connected @ http://nbcl.localhost:3001/_next/static/chunks/node_modules_next_dist_f3530cac._.js:2297
[  132085ms] [LOG] Detected Host: nbcl.localhost:3001 http://nbcl.localhost:3001/dashboardportal/masters/machineTypeMaster @ http://nbcl.localhost:3001/_next/static/chunks/node_modules_next_dist_f3530cac._.js:2297
[  132085ms] [LOG] Detected Host: nbcl.localhost:3001 http://nbcl.localhost:3001/dashboardportal/masters/machineTypeMaster @ http://nbcl.localhost:3001/_next/static/chunks/node_modules_next_dist_f3530cac._.js:2297
[  132166ms] [ERROR] A tree hydrated but some attributes of the server rendered HTML didn't match the client properties. This won't be patched up. This can happen if a SSR-ed Client Component used:

- A server/client branch `if (typeof window !== 'undefined')`.
- Variable input such as `Date.now()` or `Math.random()` which changes each time it's called.
- Date formatting in a user's locale which doesn't match the server.
- External changing data without sending a snapshot of it along with the HTML.
- Invalid HTML tag nesting.

It can also happen if the client has a browser extension installed which messes with the HTML before React loaded.

%s%s https://react.dev/link/hydration-mismatch 

  ...
    <Box className="flex flex-...">
      <Styled(div) as="div" ref={null} className="flex flex-..." theme={{...}} sx={{}}>
        <Insertion>
        <div className="flex flex-...">
          <TextField size="small" value="" onChange={function IndexWrapper.useCallback[handleSearchInputChange]} ...>
            <MuiTextField-root disabled={false} error={false} fullWidth={false} required={false} color="primary" ...>
              <Insertion>
              <FormControl disabled={false} error={false} fullWidth={false} required={false} color="primary" ...>
                <MuiFormControl-root as="div" ownerState={{disabled:false, ...}} className="MuiFormCon..." ref={null}>
                  <Insertion>
                  <div className="MuiFormCon...">
                    <OutlinedInput aria-describedby={undefined} autoComplete={undefined} autoFocus={false} ...>
                      <InputBase slots={{root:{...}, ...}} slotProps={{}} renderSuffix={function renderSuffix} ...>
                        <GlobalStylesWrapper>
                        <MuiOutlinedInput-root ref={null} onClick={function handleClick} ownerState={{slots:{...}, ...}} ...>
                          <Insertion>
                          <div onClick={function handleClick} className="MuiInputBa...">
                            <MuiOutlinedInput-input aria-invalid={false} aria-describedby={undefined} ...>
                              <Insertion>
                              <input
                                aria-invalid={false}
                                aria-describedby={undefined}
                                autoComplete={undefined}
                                autoFocus={false}
                                defaultValue={undefined}
                                disabled={false}
+                               id="_R_3aaatpesne9erllb_"
-                               id="_R_d99bn5ritp9erllb_"
                                onAnimationStart={function handleAutoFill}
                                name={undefined}
                                placeholder="Search by machine type name"
                                readOnly={undefined}
                                required={false}
                                rows={undefined}
                                value=""
                                onKeyDown={undefined}
                                onKeyUp={undefined}
                                type="text"
                                className="MuiInputBase-input MuiOutlinedInput-input MuiInputBase-inputSizeSmall mui-1..."
                                onBlur={function handleBlur}
                                onChange={function handleChange}
                                onFocus={function handleFocus}
                                ref={function useForkRef.useMemo}
                              >
                            ...
 @ http://nbcl.localhost:3001/_next/static/chunks/node_modules_next_dist_f3530cac._.js:3127
[  132185ms] [LOG] Detected Host: nbcl.localhost:3001 http://nbcl.localhost:3001/dashboardportal/masters/machineTypeMaster @ http://nbcl.localhost:3001/_next/static/chunks/node_modules_next_dist_f3530cac._.js:2297
[  132192ms] [LOG] Detected Host: nbcl.localhost:3001 http://nbcl.localhost:3001/dashboardportal/masters/machineTypeMaster @ http://nbcl.localhost:3001/_next/static/chunks/node_modules_next_dist_f3530cac._.js:2297
[  132318ms] [LOG] Detected Host: nbcl.localhost:3001 http://nbcl.localhost:3001/dashboardportal/masters/machineTypeMaster @ http://nbcl.localhost:3001/_next/static/chunks/node_modules_next_dist_f3530cac._.js:2297
[  132326ms] [LOG] Detected Host: nbcl.localhost:3001 http://nbcl.localhost:3001/dashboardportal/masters/machineTypeMaster @ http://nbcl.localhost:3001/_next/static/chunks/node_modules_next_dist_f3530cac._.js:2297
[  132544ms] [LOG] Detected Host: nbcl.localhost:3001 http://nbcl.localhost:3001/dashboardportal/masters/machineTypeMaster @ http://nbcl.localhost:3001/_next/static/chunks/node_modules_next_dist_f3530cac._.js:2297
[  132552ms] [LOG] Detected Host: nbcl.localhost:3001 http://nbcl.localhost:3001/dashboardportal/masters/machineTypeMaster @ http://nbcl.localhost:3001/_next/static/chunks/node_modules_next_dist_f3530cac._.js:2297
[  132752ms] [LOG] Detected Host: nbcl.localhost:3001 http://nbcl.localhost:3001/dashboardportal/masters/machineTypeMaster @ http://nbcl.localhost:3001/_next/static/chunks/node_modules_next_dist_f3530cac._.js:2297
[  132757ms] [LOG] Detected Host: nbcl.localhost:3001 http://nbcl.localhost:3001/dashboardportal/masters/machineTypeMaster @ http://nbcl.localhost:3001/_next/static/chunks/node_modules_next_dist_f3530cac._.js:2297
[  132883ms] [LOG] Detected Host: nbcl.localhost:3001 http://nbcl.localhost:3001/dashboardportal/masters/machineTypeMaster @ http://nbcl.localhost:3001/_next/static/chunks/node_modules_next_dist_f3530cac._.js:2297
[  132885ms] [LOG] Detected Host: nbcl.localhost:3001 http://nbcl.localhost:3001/dashboardportal/masters/machineTypeMaster @ http://nbcl.localhost:3001/_next/static/chunks/node_modules_next_dist_f3530cac._.js:2297
[  134681ms] [INFO] %cDownload the React DevTools for a better development experience: https://react.dev/link/react-devtools font-weight:bold @ http://nbcl.localhost:3001/_next/static/chunks/node_modules_next_dist_f3530cac._.js:2297
[  134711ms] [LOG] [HMR] connected @ http://nbcl.localhost:3001/_next/static/chunks/node_modules_next_dist_f3530cac._.js:2297
[  134850ms] [LOG] Detected Host: nbcl.localhost:3001 http://nbcl.localhost:3001/dashboardportal/masters @ http://nbcl.localhost:3001/_next/static/chunks/node_modules_next_dist_f3530cac._.js:2297
[  134851ms] [LOG] Detected Host: nbcl.localhost:3001 http://nbcl.localhost:3001/dashboardportal/masters @ http://nbcl.localhost:3001/_next/static/chunks/node_modules_next_dist_f3530cac._.js:2297
[  134894ms] [LOG] Detected Host: nbcl.localhost:3001 http://nbcl.localhost:3001/dashboardportal/masters @ http://nbcl.localhost:3001/_next/static/chunks/node_modules_next_dist_f3530cac._.js:2297
[  134900ms] [LOG] Detected Host: nbcl.localhost:3001 http://nbcl.localhost:3001/dashboardportal/masters @ http://nbcl.localhost:3001/_next/static/chunks/node_modules_next_dist_f3530cac._.js:2297
[  134930ms] [LOG] Detected Host: nbcl.localhost:3001 http://nbcl.localhost:3001/dashboardportal/masters @ http://nbcl.localhost:3001/_next/static/chunks/node_modules_next_dist_f3530cac._.js:2297
[  134936ms] [LOG] Detected Host: nbcl.localhost:3001 http://nbcl.localhost:3001/dashboardportal/masters @ http://nbcl.localhost:3001/_next/static/chunks/node_modules_next_dist_f3530cac._.js:2297
[  135006ms] [LOG] Detected Host: nbcl.localhost:3001 http://nbcl.localhost:3001/dashboardportal/masters @ http://nbcl.localhost:3001/_next/static/chunks/node_modules_next_dist_f3530cac._.js:2297
[  135011ms] [LOG] Detected Host: nbcl.localhost:3001 http://nbcl.localhost:3001/dashboardportal/masters @ http://nbcl.localhost:3001/_next/static/chunks/node_modules_next_dist_f3530cac._.js:2297
[  135037ms] [LOG] [Fast Refresh] rebuilding @ http://nbcl.localhost:3001/_next/static/chunks/node_modules_next_dist_f3530cac._.js:2297
[  135053ms] [LOG] Detected Host: nbcl.localhost:3001 http://nbcl.localhost:3001/dashboardportal/masters @ http://nbcl.localhost:3001/_next/static/chunks/node_modules_next_dist_f3530cac._.js:2297
[  135058ms] [LOG] Detected Host: nbcl.localhost:3001 http://nbcl.localhost:3001/dashboardportal/masters @ http://nbcl.localhost:3001/_next/static/chunks/node_modules_next_dist_f3530cac._.js:2297
[  135086ms] [LOG] [Fast Refresh] done in 286ms @ http://nbcl.localhost:3001/_next/static/chunks/node_modules_next_dist_f3530cac._.js:2297
[  135093ms] [LOG] Detected Host: nbcl.localhost:3001 http://nbcl.localhost:3001/dashboardportal/masters @ http://nbcl.localhost:3001/_next/static/chunks/node_modules_next_dist_f3530cac._.js:2297
[  135096ms] [LOG] Detected Host: nbcl.localhost:3001 http://nbcl.localhost:3001/dashboardportal/masters @ http://nbcl.localhost:3001/_next/static/chunks/node_modules_next_dist_f3530cac._.js:2297
[  137195ms] [LOG] [Fast Refresh] rebuilding @ http://nbcl.localhost:3001/_next/static/chunks/node_modules_next_dist_f3530cac._.js:2297
[  137218ms] [LOG] [Fast Refresh] done in 130ms @ http://nbcl.localhost:3001/_next/static/chunks/node_modules_next_dist_f3530cac._.js:2297
[  137434ms] [INFO] %cDownload the React DevTools for a better development experience: https://react.dev/link/react-devtools font-weight:bold @ http://nbcl.localhost:3001/_next/static/chunks/node_modules_next_dist_f3530cac._.js:2297
[  137467ms] [LOG] [HMR] connected @ http://nbcl.localhost:3001/_next/static/chunks/node_modules_next_dist_f3530cac._.js:2297
[  137799ms] [LOG] Detected Host: nbcl.localhost:3001 http://nbcl.localhost:3001/dashboardportal/masters/itemGroupMaster @ http://nbcl.localhost:3001/_next/static/chunks/node_modules_next_dist_f3530cac._.js:2297
[  137800ms] [LOG] Detected Host: nbcl.localhost:3001 http://nbcl.localhost:3001/dashboardportal/masters/itemGroupMaster @ http://nbcl.localhost:3001/_next/static/chunks/node_modules_next_dist_f3530cac._.js:2297
[  137826ms] [LOG] Detected Host: nbcl.localhost:3001 http://nbcl.localhost:3001/dashboardportal/masters/itemGroupMaster @ http://nbcl.localhost:3001/_next/static/chunks/node_modules_next_dist_f3530cac._.js:2297
[  137827ms] [LOG] Detected Host: nbcl.localhost:3001 http://nbcl.localhost:3001/dashboardportal/masters/itemGroupMaster @ http://nbcl.localhost:3001/_next/static/chunks/node_modules_next_dist_f3530cac._.js:2297
[  137920ms] [LOG] Detected Host: nbcl.localhost:3001 http://nbcl.localhost:3001/dashboardportal/masters/itemGroupMaster @ http://nbcl.localhost:3001/_next/static/chunks/node_modules_next_dist_f3530cac._.js:2297
[  137924ms] [LOG] Detected Host: nbcl.localhost:3001 http://nbcl.localhost:3001/dashboardportal/masters/itemGroupMaster @ http://nbcl.localhost:3001/_next/static/chunks/node_modules_next_dist_f3530cac._.js:2297
[  138014ms] [LOG] Detected Host: nbcl.localhost:3001 http://nbcl.localhost:3001/dashboardportal/masters/itemGroupMaster @ http://nbcl.localhost:3001/_next/static/chunks/node_modules_next_dist_f3530cac._.js:2297
[  138018ms] [LOG] Detected Host: nbcl.localhost:3001 http://nbcl.localhost:3001/dashboardportal/masters/itemGroupMaster @ http://nbcl.localhost:3001/_next/static/chunks/node_modules_next_dist_f3530cac._.js:2297
[  138214ms] [LOG] Detected Host: nbcl.localhost:3001 http://nbcl.localhost:3001/dashboardportal/masters/itemGroupMaster @ http://nbcl.localhost:3001/_next/static/chunks/node_modules_next_dist_f3530cac._.js:2297
[  138217ms] [LOG] Detected Host: nbcl.localhost:3001 http://nbcl.localhost:3001/dashboardportal/masters/itemGroupMaster @ http://nbcl.localhost:3001/_next/static/chunks/node_modules_next_dist_f3530cac._.js:2297
[  138427ms] [LOG] Detected Host: nbcl.localhost:3001 http://nbcl.localhost:3001/dashboardportal/masters/itemGroupMaster @ http://nbcl.localhost:3001/_next/static/chunks/node_modules_next_dist_f3530cac._.js:2297
[  138431ms] [LOG] Detected Host: nbcl.localhost:3001 http://nbcl.localhost:3001/dashboardportal/masters/itemGroupMaster @ http://nbcl.localhost:3001/_next/static/chunks/node_modules_next_dist_f3530cac._.js:2297
[  138655ms] [LOG] Detected Host: nbcl.localhost:3001 http://nbcl.localhost:3001/dashboardportal/masters/itemGroupMaster @ http://nbcl.localhost:3001/_next/static/chunks/node_modules_next_dist_f3530cac._.js:2297
[  138659ms] [LOG] Detected Host: nbcl.localhost:3001 http://nbcl.localhost:3001/dashboardportal/masters/itemGroupMaster @ http://nbcl.localhost:3001/_next/static/chunks/node_modules_next_dist_f3530cac._.js:2297
[  140444ms] [LOG] [Fast Refresh] rebuilding @ http://nbcl.localhost:3001/_next/static/chunks/node_modules_next_dist_f3530cac._.js:2297
[  140496ms] [LOG] [Fast Refresh] done in 169ms @ http://nbcl.localhost:3001/_next/static/chunks/node_modules_next_dist_f3530cac._.js:2297
[  140785ms] [INFO] %cDownload the React DevTools for a better development experience: https://react.dev/link/react-devtools font-weight:bold @ http://nbcl.localhost:3001/_next/static/chunks/node_modules_next_dist_f3530cac._.js:2297
[  140812ms] [LOG] [HMR] connected @ http://nbcl.localhost:3001/_next/static/chunks/node_modules_next_dist_f3530cac._.js:2297
[  141000ms] [LOG] Detected Host: nbcl.localhost:3001 http://nbcl.localhost:3001/dashboardportal/masters/itemMaster @ http://nbcl.localhost:3001/_next/static/chunks/node_modules_next_dist_f3530cac._.js:2297
[  141001ms] [LOG] Detected Host: nbcl.localhost:3001 http://nbcl.localhost:3001/dashboardportal/masters/itemMaster @ http://nbcl.localhost:3001/_next/static/chunks/node_modules_next_dist_f3530cac._.js:2297
[  141150ms] [LOG] Detected Host: nbcl.localhost:3001 http://nbcl.localhost:3001/dashboardportal/masters/itemMaster @ http://nbcl.localhost:3001/_next/static/chunks/node_modules_next_dist_f3530cac._.js:2297
[  141158ms] [LOG] Detected Host: nbcl.localhost:3001 http://nbcl.localhost:3001/dashboardportal/masters/itemMaster @ http://nbcl.localhost:3001/_next/static/chunks/node_modules_next_dist_f3530cac._.js:2297
[  142001ms] [LOG] Detected Host: nbcl.localhost:3001 http://nbcl.localhost:3001/dashboardportal/masters/itemMaster @ http://nbcl.localhost:3001/_next/static/chunks/node_modules_next_dist_f3530cac._.js:2297
[  142005ms] [LOG] Detected Host: nbcl.localhost:3001 http://nbcl.localhost:3001/dashboardportal/masters/itemMaster @ http://nbcl.localhost:3001/_next/static/chunks/node_modules_next_dist_f3530cac._.js:2297
[  143196ms] [LOG] Detected Host: nbcl.localhost:3001 http://nbcl.localhost:3001/dashboardportal/masters/itemMaster @ http://nbcl.localhost:3001/_next/static/chunks/node_modules_next_dist_f3530cac._.js:2297
[  143202ms] [LOG] Detected Host: nbcl.localhost:3001 http://nbcl.localhost:3001/dashboardportal/masters/itemMaster @ http://nbcl.localhost:3001/_next/static/chunks/node_modules_next_dist_f3530cac._.js:2297
[  144223ms] [LOG] Detected Host: nbcl.localhost:3001 http://nbcl.localhost:3001/dashboardportal/masters/itemMaster @ http://nbcl.localhost:3001/_next/static/chunks/node_modules_next_dist_f3530cac._.js:2297
[  144227ms] [LOG] Detected Host: nbcl.localhost:3001 http://nbcl.localhost:3001/dashboardportal/masters/itemMaster @ http://nbcl.localhost:3001/_next/static/chunks/node_modules_next_dist_f3530cac._.js:2297
[  144483ms] [LOG] Detected Host: nbcl.localhost:3001 http://nbcl.localhost:3001/dashboardportal/masters/itemMaster @ http://nbcl.localhost:3001/_next/static/chunks/node_modules_next_dist_f3530cac._.js:2297
[  144485ms] [LOG] Detected Host: nbcl.localhost:3001 http://nbcl.localhost:3001/dashboardportal/masters/itemMaster @ http://nbcl.localhost:3001/_next/static/chunks/node_modules_next_dist_f3530cac._.js:2297
[  145531ms] [INFO] %cDownload the React DevTools for a better development experience: https://react.dev/link/react-devtools font-weight:bold @ http://nbcl.localhost:3001/_next/static/chunks/node_modules_next_dist_f3530cac._.js:2297
[  145564ms] [LOG] [HMR] connected @ http://nbcl.localhost:3001/_next/static/chunks/node_modules_next_dist_f3530cac._.js:2297
[  145724ms] [LOG] Detected Host: nbcl.localhost:3001 http://nbcl.localhost:3001/dashboardportal/masters/itemMake @ http://nbcl.localhost:3001/_next/static/chunks/node_modules_next_dist_f3530cac._.js:2297
[  145725ms] [LOG] Detected Host: nbcl.localhost:3001 http://nbcl.localhost:3001/dashboardportal/masters/itemMake @ http://nbcl.localhost:3001/_next/static/chunks/node_modules_next_dist_f3530cac._.js:2297
[  145803ms] [LOG] Detected Host: nbcl.localhost:3001 http://nbcl.localhost:3001/dashboardportal/masters/itemMake @ http://nbcl.localhost:3001/_next/static/chunks/node_modules_next_dist_f3530cac._.js:2297
[  145806ms] [LOG] Detected Host: nbcl.localhost:3001 http://nbcl.localhost:3001/dashboardportal/masters/itemMake @ http://nbcl.localhost:3001/_next/static/chunks/node_modules_next_dist_f3530cac._.js:2297
[  145905ms] [LOG] Detected Host: nbcl.localhost:3001 http://nbcl.localhost:3001/dashboardportal/masters/itemMake @ http://nbcl.localhost:3001/_next/static/chunks/node_modules_next_dist_f3530cac._.js:2297
[  145910ms] [LOG] Detected Host: nbcl.localhost:3001 http://nbcl.localhost:3001/dashboardportal/masters/itemMake @ http://nbcl.localhost:3001/_next/static/chunks/node_modules_next_dist_f3530cac._.js:2297
[  146105ms] [LOG] Detected Host: nbcl.localhost:3001 http://nbcl.localhost:3001/dashboardportal/masters/itemMake @ http://nbcl.localhost:3001/_next/static/chunks/node_modules_next_dist_f3530cac._.js:2297
[  146113ms] [LOG] Detected Host: nbcl.localhost:3001 http://nbcl.localhost:3001/dashboardportal/masters/itemMake @ http://nbcl.localhost:3001/_next/static/chunks/node_modules_next_dist_f3530cac._.js:2297
[  146300ms] [LOG] Detected Host: nbcl.localhost:3001 http://nbcl.localhost:3001/dashboardportal/masters/itemMake @ http://nbcl.localhost:3001/_next/static/chunks/node_modules_next_dist_f3530cac._.js:2297
[  146305ms] [LOG] Detected Host: nbcl.localhost:3001 http://nbcl.localhost:3001/dashboardportal/masters/itemMake @ http://nbcl.localhost:3001/_next/static/chunks/node_modules_next_dist_f3530cac._.js:2297
[  146470ms] [LOG] Detected Host: nbcl.localhost:3001 http://nbcl.localhost:3001/dashboardportal/masters/itemMake @ http://nbcl.localhost:3001/_next/static/chunks/node_modules_next_dist_f3530cac._.js:2297
[  146474ms] [LOG] Detected Host: nbcl.localhost:3001 http://nbcl.localhost:3001/dashboardportal/masters/itemMake @ http://nbcl.localhost:3001/_next/static/chunks/node_modules_next_dist_f3530cac._.js:2297
[  148072ms] [LOG] [Fast Refresh] rebuilding @ http://nbcl.localhost:3001/_next/static/chunks/node_modules_next_dist_f3530cac._.js:2297
[  148110ms] [LOG] [Fast Refresh] done in 139ms @ http://nbcl.localhost:3001/_next/static/chunks/node_modules_next_dist_f3530cac._.js:2297
[  148302ms] [INFO] %cDownload the React DevTools for a better development experience: https://react.dev/link/react-devtools font-weight:bold @ http://nbcl.localhost:3001/_next/static/chunks/node_modules_next_dist_f3530cac._.js:2297
[  148335ms] [LOG] [HMR] connected @ http://nbcl.localhost:3001/_next/static/chunks/node_modules_next_dist_f3530cac._.js:2297
[  148483ms] [LOG] Detected Host: nbcl.localhost:3001 http://nbcl.localhost:3001/dashboardportal/masters/partyMaster @ http://nbcl.localhost:3001/_next/static/chunks/node_modules_next_dist_f3530cac._.js:2297
[  148483ms] [LOG] Detected Host: nbcl.localhost:3001 http://nbcl.localhost:3001/dashboardportal/masters/partyMaster @ http://nbcl.localhost:3001/_next/static/chunks/node_modules_next_dist_f3530cac._.js:2297
[  148600ms] [LOG] Detected Host: nbcl.localhost:3001 http://nbcl.localhost:3001/dashboardportal/masters/partyMaster @ http://nbcl.localhost:3001/_next/static/chunks/node_modules_next_dist_f3530cac._.js:2297
[  148606ms] [LOG] Detected Host: nbcl.localhost:3001 http://nbcl.localhost:3001/dashboardportal/masters/partyMaster @ http://nbcl.localhost:3001/_next/static/chunks/node_modules_next_dist_f3530cac._.js:2297
[  148675ms] [LOG] Detected Host: nbcl.localhost:3001 http://nbcl.localhost:3001/dashboardportal/masters/partyMaster @ http://nbcl.localhost:3001/_next/static/chunks/node_modules_next_dist_f3530cac._.js:2297
[  148680ms] [LOG] Detected Host: nbcl.localhost:3001 http://nbcl.localhost:3001/dashboardportal/masters/partyMaster @ http://nbcl.localhost:3001/_next/static/chunks/node_modules_next_dist_f3530cac._.js:2297
[  148880ms] [LOG] Detected Host: nbcl.localhost:3001 http://nbcl.localhost:3001/dashboardportal/masters/partyMaster @ http://nbcl.localhost:3001/_next/static/chunks/node_modules_next_dist_f3530cac._.js:2297
[  148887ms] [LOG] Detected Host: nbcl.localhost:3001 http://nbcl.localhost:3001/dashboardportal/masters/partyMaster @ http://nbcl.localhost:3001/_next/static/chunks/node_modules_next_dist_f3530cac._.js:2297
[  149151ms] [LOG] Detected Host: nbcl.localhost:3001 http://nbcl.localhost:3001/dashboardportal/masters/partyMaster @ http://nbcl.localhost:3001/_next/static/chunks/node_modules_next_dist_f3530cac._.js:2297
[  149153ms] [LOG] Detected Host: nbcl.localhost:3001 http://nbcl.localhost:3001/dashboardportal/masters/partyMaster @ http://nbcl.localhost:3001/_next/static/chunks/node_modules_next_dist_f3530cac._.js:2297
[  149377ms] [LOG] Detected Host: nbcl.localhost:3001 http://nbcl.localhost:3001/dashboardportal/masters/partyMaster @ http://nbcl.localhost:3001/_next/static/chunks/node_modules_next_dist_f3530cac._.js:2297
[  149380ms] [LOG] Detected Host: nbcl.localhost:3001 http://nbcl.localhost:3001/dashboardportal/masters/partyMaster @ http://nbcl.localhost:3001/_next/static/chunks/node_modules_next_dist_f3530cac._.js:2297
[  155088ms] [LOG] [Fast Refresh] rebuilding @ http://nbcl.localhost:3001/_next/static/chunks/node_modules_next_dist_f3530cac._.js:2297
[  155141ms] [LOG] [Fast Refresh] done in 157ms @ http://nbcl.localhost:3001/_next/static/chunks/node_modules_next_dist_f3530cac._.js:2297
[  155931ms] [INFO] %cDownload the React DevTools for a better development experience: https://react.dev/link/react-devtools font-weight:bold @ http://nbcl.localhost:3001/_next/static/chunks/node_modules_next_dist_f3530cac._.js:2297
[  155966ms] [LOG] [HMR] connected @ http://nbcl.localhost:3001/_next/static/chunks/node_modules_next_dist_f3530cac._.js:2297
[  156208ms] [LOG] Detected Host: nbcl.localhost:3001 http://nbcl.localhost:3001/dashboardportal/masters/departmentMaster @ http://nbcl.localhost:3001/_next/static/chunks/node_modules_next_dist_f3530cac._.js:2297
[  156208ms] [LOG] Detected Host: nbcl.localhost:3001 http://nbcl.localhost:3001/dashboardportal/masters/departmentMaster @ http://nbcl.localhost:3001/_next/static/chunks/node_modules_next_dist_f3530cac._.js:2297
[  156232ms] [LOG] Detected Host: nbcl.localhost:3001 http://nbcl.localhost:3001/dashboardportal/masters/departmentMaster @ http://nbcl.localhost:3001/_next/static/chunks/node_modules_next_dist_f3530cac._.js:2297
[  156232ms] [LOG] Detected Host: nbcl.localhost:3001 http://nbcl.localhost:3001/dashboardportal/masters/departmentMaster @ http://nbcl.localhost:3001/_next/static/chunks/node_modules_next_dist_f3530cac._.js:2297
[  156326ms] [LOG] Detected Host: nbcl.localhost:3001 http://nbcl.localhost:3001/dashboardportal/masters/departmentMaster @ http://nbcl.localhost:3001/_next/static/chunks/node_modules_next_dist_f3530cac._.js:2297
[  156331ms] [LOG] Detected Host: nbcl.localhost:3001 http://nbcl.localhost:3001/dashboardportal/masters/departmentMaster @ http://nbcl.localhost:3001/_next/static/chunks/node_modules_next_dist_f3530cac._.js:2297
[  156426ms] [LOG] Detected Host: nbcl.localhost:3001 http://nbcl.localhost:3001/dashboardportal/masters/departmentMaster @ http://nbcl.localhost:3001/_next/static/chunks/node_modules_next_dist_f3530cac._.js:2297
[  156429ms] [LOG] Detected Host: nbcl.localhost:3001 http://nbcl.localhost:3001/dashboardportal/masters/departmentMaster @ http://nbcl.localhost:3001/_next/static/chunks/node_modules_next_dist_f3530cac._.js:2297
[  156545ms] [LOG] Detected Host: nbcl.localhost:3001 http://nbcl.localhost:3001/dashboardportal/masters/departmentMaster @ http://nbcl.localhost:3001/_next/static/chunks/node_modules_next_dist_f3530cac._.js:2297
[  156547ms] [LOG] Detected Host: nbcl.localhost:3001 http://nbcl.localhost:3001/dashboardportal/masters/departmentMaster @ http://nbcl.localhost:3001/_next/static/chunks/node_modules_next_dist_f3530cac._.js:2297
[  156703ms] [LOG] Detected Host: nbcl.localhost:3001 http://nbcl.localhost:3001/dashboardportal/masters/departmentMaster @ http://nbcl.localhost:3001/_next/static/chunks/node_modules_next_dist_f3530cac._.js:2297
[  156707ms] [LOG] Detected Host: nbcl.localhost:3001 http://nbcl.localhost:3001/dashboardportal/masters/departmentMaster @ http://nbcl.localhost:3001/_next/static/chunks/node_modules_next_dist_f3530cac._.js:2297
[  156867ms] [LOG] Detected Host: nbcl.localhost:3001 http://nbcl.localhost:3001/dashboardportal/masters/departmentMaster @ http://nbcl.localhost:3001/_next/static/chunks/node_modules_next_dist_f3530cac._.js:2297
[  156868ms] [LOG] Detected Host: nbcl.localhost:3001 http://nbcl.localhost:3001/dashboardportal/masters/departmentMaster @ http://nbcl.localhost:3001/_next/static/chunks/node_modules_next_dist_f3530cac._.js:2297
[  158453ms] [LOG] [Fast Refresh] rebuilding @ http://nbcl.localhost:3001/_next/static/chunks/node_modules_next_dist_f3530cac._.js:2297
[  158477ms] [LOG] [Fast Refresh] done in 135ms @ http://nbcl.localhost:3001/_next/static/chunks/node_modules_next_dist_f3530cac._.js:2297
[  158674ms] [INFO] %cDownload the React DevTools for a better development experience: https://react.dev/link/react-devtools font-weight:bold @ http://nbcl.localhost:3001/_next/static/chunks/node_modules_next_dist_f3530cac._.js:2297
[  158706ms] [LOG] [HMR] connected @ http://nbcl.localhost:3001/_next/static/chunks/node_modules_next_dist_f3530cac._.js:2297
[  158893ms] [LOG] Detected Host: nbcl.localhost:3001 http://nbcl.localhost:3001/dashboardportal/masters/warehouseMaster @ http://nbcl.localhost:3001/_next/static/chunks/node_modules_next_dist_f3530cac._.js:2297
[  158894ms] [LOG] Detected Host: nbcl.localhost:3001 http://nbcl.localhost:3001/dashboardportal/masters/warehouseMaster @ http://nbcl.localhost:3001/_next/static/chunks/node_modules_next_dist_f3530cac._.js:2297
[  158924ms] [LOG] Detected Host: nbcl.localhost:3001 http://nbcl.localhost:3001/dashboardportal/masters/warehouseMaster @ http://nbcl.localhost:3001/_next/static/chunks/node_modules_next_dist_f3530cac._.js:2297
[  158924ms] [LOG] Detected Host: nbcl.localhost:3001 http://nbcl.localhost:3001/dashboardportal/masters/warehouseMaster @ http://nbcl.localhost:3001/_next/static/chunks/node_modules_next_dist_f3530cac._.js:2297
[  159004ms] [LOG] Detected Host: nbcl.localhost:3001 http://nbcl.localhost:3001/dashboardportal/masters/warehouseMaster @ http://nbcl.localhost:3001/_next/static/chunks/node_modules_next_dist_f3530cac._.js:2297
[  159008ms] [LOG] Detected Host: nbcl.localhost:3001 http://nbcl.localhost:3001/dashboardportal/masters/warehouseMaster @ http://nbcl.localhost:3001/_next/static/chunks/node_modules_next_dist_f3530cac._.js:2297
[  159142ms] [LOG] Detected Host: nbcl.localhost:3001 http://nbcl.localhost:3001/dashboardportal/masters/warehouseMaster @ http://nbcl.localhost:3001/_next/static/chunks/node_modules_next_dist_f3530cac._.js:2297
[  159149ms] [LOG] Detected Host: nbcl.localhost:3001 http://nbcl.localhost:3001/dashboardportal/masters/warehouseMaster @ http://nbcl.localhost:3001/_next/static/chunks/node_modules_next_dist_f3530cac._.js:2297
[  159366ms] [LOG] Detected Host: nbcl.localhost:3001 http://nbcl.localhost:3001/dashboardportal/masters/warehouseMaster @ http://nbcl.localhost:3001/_next/static/chunks/node_modules_next_dist_f3530cac._.js:2297
[  159383ms] [LOG] Detected Host: nbcl.localhost:3001 http://nbcl.localhost:3001/dashboardportal/masters/warehouseMaster @ http://nbcl.localhost:3001/_next/static/chunks/node_modules_next_dist_f3530cac._.js:2297
[  159589ms] [LOG] Detected Host: nbcl.localhost:3001 http://nbcl.localhost:3001/dashboardportal/masters/warehouseMaster @ http://nbcl.localhost:3001/_next/static/chunks/node_modules_next_dist_f3530cac._.js:2297
[  159593ms] [LOG] Detected Host: nbcl.localhost:3001 http://nbcl.localhost:3001/dashboardportal/masters/warehouseMaster @ http://nbcl.localhost:3001/_next/static/chunks/node_modules_next_dist_f3530cac._.js:2297
[  159844ms] [LOG] Detected Host: nbcl.localhost:3001 http://nbcl.localhost:3001/dashboardportal/masters/warehouseMaster @ http://nbcl.localhost:3001/_next/static/chunks/node_modules_next_dist_f3530cac._.js:2297
[  159847ms] [LOG] Detected Host: nbcl.localhost:3001 http://nbcl.localhost:3001/dashboardportal/masters/warehouseMaster @ http://nbcl.localhost:3001/_next/static/chunks/node_modules_next_dist_f3530cac._.js:2297
[  161442ms] [INFO] %cDownload the React DevTools for a better development experience: https://react.dev/link/react-devtools font-weight:bold @ http://nbcl.localhost:3001/_next/static/chunks/node_modules_next_dist_f3530cac._.js:2297
[  161473ms] [LOG] [HMR] connected @ http://nbcl.localhost:3001/_next/static/chunks/node_modules_next_dist_f3530cac._.js:2297
[  161654ms] [LOG] Detected Host: nbcl.localhost:3001 http://nbcl.localhost:3001/dashboardportal/procurement/inward @ http://nbcl.localhost:3001/_next/static/chunks/node_modules_next_dist_f3530cac._.js:2297
[  161655ms] [LOG] Detected Host: nbcl.localhost:3001 http://nbcl.localhost:3001/dashboardportal/procurement/inward @ http://nbcl.localhost:3001/_next/static/chunks/node_modules_next_dist_f3530cac._.js:2297
[  161742ms] [LOG] Detected Host: nbcl.localhost:3001 http://nbcl.localhost:3001/dashboardportal/procurement/inward @ http://nbcl.localhost:3001/_next/static/chunks/node_modules_next_dist_f3530cac._.js:2297
[  161748ms] [LOG] Detected Host: nbcl.localhost:3001 http://nbcl.localhost:3001/dashboardportal/procurement/inward @ http://nbcl.localhost:3001/_next/static/chunks/node_modules_next_dist_f3530cac._.js:2297
[  161879ms] [LOG] Detected Host: nbcl.localhost:3001 http://nbcl.localhost:3001/dashboardportal/procurement/inward @ http://nbcl.localhost:3001/_next/static/chunks/node_modules_next_dist_f3530cac._.js:2297
[  161884ms] [LOG] Detected Host: nbcl.localhost:3001 http://nbcl.localhost:3001/dashboardportal/procurement/inward @ http://nbcl.localhost:3001/_next/static/chunks/node_modules_next_dist_f3530cac._.js:2297
[  162028ms] [LOG] Detected Host: nbcl.localhost:3001 http://nbcl.localhost:3001/dashboardportal/procurement/inward @ http://nbcl.localhost:3001/_next/static/chunks/node_modules_next_dist_f3530cac._.js:2297
[  162034ms] [LOG] Detected Host: nbcl.localhost:3001 http://nbcl.localhost:3001/dashboardportal/procurement/inward @ http://nbcl.localhost:3001/_next/static/chunks/node_modules_next_dist_f3530cac._.js:2297
[  162316ms] [LOG] Detected Host: nbcl.localhost:3001 http://nbcl.localhost:3001/dashboardportal/procurement/inward @ http://nbcl.localhost:3001/_next/static/chunks/node_modules_next_dist_f3530cac._.js:2297
[  162319ms] [LOG] Detected Host: nbcl.localhost:3001 http://nbcl.localhost:3001/dashboardportal/procurement/inward @ http://nbcl.localhost:3001/_next/static/chunks/node_modules_next_dist_f3530cac._.js:2297
[  162513ms] [LOG] Detected Host: nbcl.localhost:3001 http://nbcl.localhost:3001/dashboardportal/procurement/inward @ http://nbcl.localhost:3001/_next/static/chunks/node_modules_next_dist_f3530cac._.js:2297
[  162517ms] [LOG] Detected Host: nbcl.localhost:3001 http://nbcl.localhost:3001/dashboardportal/procurement/inward @ http://nbcl.localhost:3001/_next/static/chunks/node_modules_next_dist_f3530cac._.js:2297
[  163982ms] [LOG] [Fast Refresh] rebuilding @ http://nbcl.localhost:3001/_next/static/chunks/node_modules_next_dist_f3530cac._.js:2297
[  164020ms] [LOG] [Fast Refresh] done in 141ms @ http://nbcl.localhost:3001/_next/static/chunks/node_modules_next_dist_f3530cac._.js:2297
[  164252ms] [INFO] %cDownload the React DevTools for a better development experience: https://react.dev/link/react-devtools font-weight:bold @ http://nbcl.localhost:3001/_next/static/chunks/node_modules_next_dist_f3530cac._.js:2297
[  164297ms] [LOG] [HMR] connected @ http://nbcl.localhost:3001/_next/static/chunks/node_modules_next_dist_f3530cac._.js:2297
[  164416ms] [LOG] Detected Host: nbcl.localhost:3001 http://nbcl.localhost:3001/dashboardportal/procurement/sr @ http://nbcl.localhost:3001/_next/static/chunks/node_modules_next_dist_f3530cac._.js:2297
[  164418ms] [LOG] Detected Host: nbcl.localhost:3001 http://nbcl.localhost:3001/dashboardportal/procurement/sr @ http://nbcl.localhost:3001/_next/static/chunks/node_modules_next_dist_f3530cac._.js:2297
[  164466ms] [LOG] Detected Host: nbcl.localhost:3001 http://nbcl.localhost:3001/dashboardportal/procurement/sr @ http://nbcl.localhost:3001/_next/static/chunks/node_modules_next_dist_f3530cac._.js:2297
[  164467ms] [LOG] Detected Host: nbcl.localhost:3001 http://nbcl.localhost:3001/dashboardportal/procurement/sr @ http://nbcl.localhost:3001/_next/static/chunks/node_modules_next_dist_f3530cac._.js:2297
[  164553ms] [LOG] Detected Host: nbcl.localhost:3001 http://nbcl.localhost:3001/dashboardportal/procurement/sr @ http://nbcl.localhost:3001/_next/static/chunks/node_modules_next_dist_f3530cac._.js:2297
[  164558ms] [LOG] Detected Host: nbcl.localhost:3001 http://nbcl.localhost:3001/dashboardportal/procurement/sr @ http://nbcl.localhost:3001/_next/static/chunks/node_modules_next_dist_f3530cac._.js:2297
[  164696ms] [LOG] Detected Host: nbcl.localhost:3001 http://nbcl.localhost:3001/dashboardportal/procurement/sr @ http://nbcl.localhost:3001/_next/static/chunks/node_modules_next_dist_f3530cac._.js:2297
[  164703ms] [LOG] Detected Host: nbcl.localhost:3001 http://nbcl.localhost:3001/dashboardportal/procurement/sr @ http://nbcl.localhost:3001/_next/static/chunks/node_modules_next_dist_f3530cac._.js:2297
[  164873ms] [LOG] Detected Host: nbcl.localhost:3001 http://nbcl.localhost:3001/dashboardportal/procurement/sr @ http://nbcl.localhost:3001/_next/static/chunks/node_modules_next_dist_f3530cac._.js:2297
[  164877ms] [LOG] Detected Host: nbcl.localhost:3001 http://nbcl.localhost:3001/dashboardportal/procurement/sr @ http://nbcl.localhost:3001/_next/static/chunks/node_modules_next_dist_f3530cac._.js:2297
[  165152ms] [LOG] Detected Host: nbcl.localhost:3001 http://nbcl.localhost:3001/dashboardportal/procurement/sr @ http://nbcl.localhost:3001/_next/static/chunks/node_modules_next_dist_f3530cac._.js:2297
[  165156ms] [LOG] Detected Host: nbcl.localhost:3001 http://nbcl.localhost:3001/dashboardportal/procurement/sr @ http://nbcl.localhost:3001/_next/static/chunks/node_modules_next_dist_f3530cac._.js:2297
[  165409ms] [LOG] Detected Host: nbcl.localhost:3001 http://nbcl.localhost:3001/dashboardportal/procurement/sr @ http://nbcl.localhost:3001/_next/static/chunks/node_modules_next_dist_f3530cac._.js:2297
[  165411ms] [LOG] Detected Host: nbcl.localhost:3001 http://nbcl.localhost:3001/dashboardportal/procurement/sr @ http://nbcl.localhost:3001/_next/static/chunks/node_modules_next_dist_f3530cac._.js:2297
[  166797ms] [LOG] [Fast Refresh] rebuilding @ http://nbcl.localhost:3001/_next/static/chunks/node_modules_next_dist_f3530cac._.js:2297
[  166842ms] [LOG] [Fast Refresh] done in 153ms @ http://nbcl.localhost:3001/_next/static/chunks/node_modules_next_dist_f3530cac._.js:2297
[  167044ms] [INFO] %cDownload the React DevTools for a better development experience: https://react.dev/link/react-devtools font-weight:bold @ http://nbcl.localhost:3001/_next/static/chunks/node_modules_next_dist_f3530cac._.js:2297
[  167083ms] [LOG] [HMR] connected @ http://nbcl.localhost:3001/_next/static/chunks/node_modules_next_dist_f3530cac._.js:2297
[  167390ms] [LOG] Detected Host: nbcl.localhost:3001 http://nbcl.localhost:3001/dashboardportal/procurement/materialInspection @ http://nbcl.localhost:3001/_next/static/chunks/node_modules_next_dist_f3530cac._.js:2297
[  167391ms] [LOG] Detected Host: nbcl.localhost:3001 http://nbcl.localhost:3001/dashboardportal/procurement/materialInspection @ http://nbcl.localhost:3001/_next/static/chunks/node_modules_next_dist_f3530cac._.js:2297
[  167468ms] [ERROR] A tree hydrated but some attributes of the server rendered HTML didn't match the client properties. This won't be patched up. This can happen if a SSR-ed Client Component used:

- A server/client branch `if (typeof window !== 'undefined')`.
- Variable input such as `Date.now()` or `Math.random()` which changes each time it's called.
- Date formatting in a user's locale which doesn't match the server.
- External changing data without sending a snapshot of it along with the HTML.
- Invalid HTML tag nesting.

It can also happen if the client has a browser extension installed which messes with the HTML before React loaded.

%s%s https://react.dev/link/hydration-mismatch 

  ...
    <Box className="flex flex-...">
      <Styled(div) as="div" ref={null} className="flex flex-..." theme={{...}} sx={{}}>
        <Insertion>
        <div className="flex flex-...">
          <TextField size="small" value="" onChange={function IndexWrapper.useCallback[handleSearchInputChange]} ...>
            <MuiTextField-root disabled={false} error={false} fullWidth={false} required={false} color="primary" ...>
              <Insertion>
              <FormControl disabled={false} error={false} fullWidth={false} required={false} color="primary" ...>
                <MuiFormControl-root as="div" ownerState={{disabled:false, ...}} className="MuiFormCon..." ref={null}>
                  <Insertion>
                  <div className="MuiFormCon...">
                    <OutlinedInput aria-describedby={undefined} autoComplete={undefined} autoFocus={false} ...>
                      <InputBase slots={{root:{...}, ...}} slotProps={{}} renderSuffix={function renderSuffix} ...>
                        <GlobalStylesWrapper>
                        <MuiOutlinedInput-root ref={null} onClick={function handleClick} ownerState={{slots:{...}, ...}} ...>
                          <Insertion>
                          <div onClick={function handleClick} className="MuiInputBa...">
                            <MuiOutlinedInput-input aria-invalid={false} aria-describedby={undefined} ...>
                              <Insertion>
                              <input
                                aria-invalid={false}
                                aria-describedby={undefined}
                                autoComplete={undefined}
                                autoFocus={false}
                                defaultValue={undefined}
                                disabled={false}
+                               id="_R_3aaatpesne9erllb_"
-                               id="_R_d99bn5ritp9erllb_"
                                onAnimationStart={function handleAutoFill}
                                name={undefined}
                                placeholder="Search by Inward number, supplier, or branch"
                                readOnly={undefined}
                                required={false}
                                rows={undefined}
                                value=""
                                onKeyDown={undefined}
                                onKeyUp={undefined}
                                type="text"
                                className="MuiInputBase-input MuiOutlinedInput-input MuiInputBase-inputSizeSmall mui-1..."
                                onBlur={function handleBlur}
                                onChange={function handleChange}
                                onFocus={function handleFocus}
                                ref={function useForkRef.useMemo}
                              >
                            ...
 @ http://nbcl.localhost:3001/_next/static/chunks/node_modules_next_dist_f3530cac._.js:3127
[  167492ms] [LOG] Detected Host: nbcl.localhost:3001 http://nbcl.localhost:3001/dashboardportal/procurement/materialInspection @ http://nbcl.localhost:3001/_next/static/chunks/node_modules_next_dist_f3530cac._.js:2297
[  167496ms] [LOG] Detected Host: nbcl.localhost:3001 http://nbcl.localhost:3001/dashboardportal/procurement/materialInspection @ http://nbcl.localhost:3001/_next/static/chunks/node_modules_next_dist_f3530cac._.js:2297
[  167649ms] [LOG] Detected Host: nbcl.localhost:3001 http://nbcl.localhost:3001/dashboardportal/procurement/materialInspection @ http://nbcl.localhost:3001/_next/static/chunks/node_modules_next_dist_f3530cac._.js:2297
[  167653ms] [LOG] Detected Host: nbcl.localhost:3001 http://nbcl.localhost:3001/dashboardportal/procurement/materialInspection @ http://nbcl.localhost:3001/_next/static/chunks/node_modules_next_dist_f3530cac._.js:2297
[  167825ms] [LOG] Detected Host: nbcl.localhost:3001 http://nbcl.localhost:3001/dashboardportal/procurement/materialInspection @ http://nbcl.localhost:3001/_next/static/chunks/node_modules_next_dist_f3530cac._.js:2297
[  167830ms] [LOG] Detected Host: nbcl.localhost:3001 http://nbcl.localhost:3001/dashboardportal/procurement/materialInspection @ http://nbcl.localhost:3001/_next/static/chunks/node_modules_next_dist_f3530cac._.js:2297
[  168063ms] [LOG] Detected Host: nbcl.localhost:3001 http://nbcl.localhost:3001/dashboardportal/procurement/materialInspection @ http://nbcl.localhost:3001/_next/static/chunks/node_modules_next_dist_f3530cac._.js:2297
[  168068ms] [LOG] Detected Host: nbcl.localhost:3001 http://nbcl.localhost:3001/dashboardportal/procurement/materialInspection @ http://nbcl.localhost:3001/_next/static/chunks/node_modules_next_dist_f3530cac._.js:2297
[  168248ms] [LOG] Detected Host: nbcl.localhost:3001 http://nbcl.localhost:3001/dashboardportal/procurement/materialInspection @ http://nbcl.localhost:3001/_next/static/chunks/node_modules_next_dist_f3530cac._.js:2297
[  168250ms] [LOG] Detected Host: nbcl.localhost:3001 http://nbcl.localhost:3001/dashboardportal/procurement/materialInspection @ http://nbcl.localhost:3001/_next/static/chunks/node_modules_next_dist_f3530cac._.js:2297
[  169611ms] [LOG] [Fast Refresh] rebuilding @ http://nbcl.localhost:3001/_next/static/chunks/node_modules_next_dist_f3530cac._.js:2297
[  169737ms] [LOG] [Fast Refresh] done in 227ms @ http://nbcl.localhost:3001/_next/static/chunks/node_modules_next_dist_f3530cac._.js:2297
[  169976ms] [INFO] %cDownload the React DevTools for a better development experience: https://react.dev/link/react-devtools font-weight:bold @ http://nbcl.localhost:3001/_next/static/chunks/node_modules_next_dist_f3530cac._.js:2297
[  170015ms] [LOG] [HMR] connected @ http://nbcl.localhost:3001/_next/static/chunks/node_modules_next_dist_f3530cac._.js:2297
[  170194ms] [LOG] Detected Host: nbcl.localhost:3001 http://nbcl.localhost:3001/dashboardportal/procurement/drcrNote @ http://nbcl.localhost:3001/_next/static/chunks/node_modules_next_dist_f3530cac._.js:2297
[  170195ms] [LOG] Detected Host: nbcl.localhost:3001 http://nbcl.localhost:3001/dashboardportal/procurement/drcrNote @ http://nbcl.localhost:3001/_next/static/chunks/node_modules_next_dist_f3530cac._.js:2297
[  170298ms] [ERROR] A tree hydrated but some attributes of the server rendered HTML didn't match the client properties. This won't be patched up. This can happen if a SSR-ed Client Component used:

- A server/client branch `if (typeof window !== 'undefined')`.
- Variable input such as `Date.now()` or `Math.random()` which changes each time it's called.
- Date formatting in a user's locale which doesn't match the server.
- External changing data without sending a snapshot of it along with the HTML.
- Invalid HTML tag nesting.

It can also happen if the client has a browser extension installed which messes with the HTML before React loaded.

%s%s https://react.dev/link/hydration-mismatch 

  ...
    <Box className="flex flex-...">
      <Styled(div) as="div" ref={null} className="flex flex-..." theme={{...}} sx={{}}>
        <Insertion>
        <div className="flex flex-...">
          <TextField size="small" value="" onChange={function IndexWrapper.useCallback[handleSearchInputChange]} ...>
            <MuiTextField-root disabled={false} error={false} fullWidth={false} required={false} color="primary" ...>
              <Insertion>
              <FormControl disabled={false} error={false} fullWidth={false} required={false} color="primary" ...>
                <MuiFormControl-root as="div" ownerState={{disabled:false, ...}} className="MuiFormCon..." ref={null}>
                  <Insertion>
                  <div className="MuiFormCon...">
                    <OutlinedInput aria-describedby={undefined} autoComplete={undefined} autoFocus={false} ...>
                      <InputBase slots={{root:{...}, ...}} slotProps={{}} renderSuffix={function renderSuffix} ...>
                        <GlobalStylesWrapper>
                        <MuiOutlinedInput-root ref={null} onClick={function handleClick} ownerState={{slots:{...}, ...}} ...>
                          <Insertion>
                          <div onClick={function handleClick} className="MuiInputBa...">
                            <MuiOutlinedInput-input aria-invalid={false} aria-describedby={undefined} ...>
                              <Insertion>
                              <input
                                aria-invalid={false}
                                aria-describedby={undefined}
                                autoComplete={undefined}
                                autoFocus={false}
                                defaultValue={undefined}
                                disabled={false}
+                               id="_R_3aaatpesne9erllb_"
-                               id="_R_d99bn5ritp9erllb_"
                                onAnimationStart={function handleAutoFill}
                                name={undefined}
                                placeholder="Search by note number, inward, or supplier"
                                readOnly={undefined}
                                required={false}
                                rows={undefined}
                                value=""
                                onKeyDown={undefined}
                                onKeyUp={undefined}
                                type="text"
                                className="MuiInputBase-input MuiOutlinedInput-input MuiInputBase-inputSizeSmall mui-1..."
                                onBlur={function handleBlur}
                                onChange={function handleChange}
                                onFocus={function handleFocus}
                                ref={function useForkRef.useMemo}
                              >
                            ...
 @ http://nbcl.localhost:3001/_next/static/chunks/node_modules_next_dist_f3530cac._.js:3127
[  170320ms] [LOG] Detected Host: nbcl.localhost:3001 http://nbcl.localhost:3001/dashboardportal/procurement/drcrNote @ http://nbcl.localhost:3001/_next/static/chunks/node_modules_next_dist_f3530cac._.js:2297
[  170324ms] [LOG] Detected Host: nbcl.localhost:3001 http://nbcl.localhost:3001/dashboardportal/procurement/drcrNote @ http://nbcl.localhost:3001/_next/static/chunks/node_modules_next_dist_f3530cac._.js:2297
[  170403ms] [LOG] Detected Host: nbcl.localhost:3001 http://nbcl.localhost:3001/dashboardportal/procurement/drcrNote @ http://nbcl.localhost:3001/_next/static/chunks/node_modules_next_dist_f3530cac._.js:2297
[  170410ms] [LOG] Detected Host: nbcl.localhost:3001 http://nbcl.localhost:3001/dashboardportal/procurement/drcrNote @ http://nbcl.localhost:3001/_next/static/chunks/node_modules_next_dist_f3530cac._.js:2297
[  170613ms] [LOG] Detected Host: nbcl.localhost:3001 http://nbcl.localhost:3001/dashboardportal/procurement/drcrNote @ http://nbcl.localhost:3001/_next/static/chunks/node_modules_next_dist_f3530cac._.js:2297
[  170618ms] [LOG] Detected Host: nbcl.localhost:3001 http://nbcl.localhost:3001/dashboardportal/procurement/drcrNote @ http://nbcl.localhost:3001/_next/static/chunks/node_modules_next_dist_f3530cac._.js:2297
[  170951ms] [LOG] Detected Host: nbcl.localhost:3001 http://nbcl.localhost:3001/dashboardportal/procurement/drcrNote @ http://nbcl.localhost:3001/_next/static/chunks/node_modules_next_dist_f3530cac._.js:2297
[  170955ms] [LOG] Detected Host: nbcl.localhost:3001 http://nbcl.localhost:3001/dashboardportal/procurement/drcrNote @ http://nbcl.localhost:3001/_next/static/chunks/node_modules_next_dist_f3530cac._.js:2297
[  171203ms] [LOG] Detected Host: nbcl.localhost:3001 http://nbcl.localhost:3001/dashboardportal/procurement/drcrNote @ http://nbcl.localhost:3001/_next/static/chunks/node_modules_next_dist_f3530cac._.js:2297
[  171206ms] [LOG] Detected Host: nbcl.localhost:3001 http://nbcl.localhost:3001/dashboardportal/procurement/drcrNote @ http://nbcl.localhost:3001/_next/static/chunks/node_modules_next_dist_f3530cac._.js:2297
[  171860ms] [LOG] [Fast Refresh] rebuilding @ http://nbcl.localhost:3001/_next/static/chunks/node_modules_next_dist_f3530cac._.js:2297
[  171878ms] [LOG] [Fast Refresh] done in 126ms @ http://nbcl.localhost:3001/_next/static/chunks/node_modules_next_dist_f3530cac._.js:2297
[  190168ms] [LOG] [Fast Refresh] rebuilding @ http://nbcl.localhost:3001/_next/static/chunks/node_modules_next_dist_f3530cac._.js:2297
[  190210ms] [LOG] [Fast Refresh] done in 158ms @ http://nbcl.localhost:3001/_next/static/chunks/node_modules_next_dist_f3530cac._.js:2297
[  190472ms] [INFO] %cDownload the React DevTools for a better development experience: https://react.dev/link/react-devtools font-weight:bold @ http://nbcl.localhost:3001/_next/static/chunks/node_modules_next_dist_f3530cac._.js:2297
[  190508ms] [LOG] [HMR] connected @ http://nbcl.localhost:3001/_next/static/chunks/node_modules_next_dist_f3530cac._.js:2297
[  190680ms] [LOG] Detected Host: nbcl.localhost:3001 http://nbcl.localhost:3001/dashboardportal/procurement/billPass @ http://nbcl.localhost:3001/_next/static/chunks/node_modules_next_dist_f3530cac._.js:2297
[  190680ms] [LOG] Detected Host: nbcl.localhost:3001 http://nbcl.localhost:3001/dashboardportal/procurement/billPass @ http://nbcl.localhost:3001/_next/static/chunks/node_modules_next_dist_f3530cac._.js:2297
[  190828ms] [LOG] Detected Host: nbcl.localhost:3001 http://nbcl.localhost:3001/dashboardportal/procurement/billPass @ http://nbcl.localhost:3001/_next/static/chunks/node_modules_next_dist_f3530cac._.js:2297
[  190833ms] [LOG] Detected Host: nbcl.localhost:3001 http://nbcl.localhost:3001/dashboardportal/procurement/billPass @ http://nbcl.localhost:3001/_next/static/chunks/node_modules_next_dist_f3530cac._.js:2297
[  190984ms] [LOG] Detected Host: nbcl.localhost:3001 http://nbcl.localhost:3001/dashboardportal/procurement/billPass @ http://nbcl.localhost:3001/_next/static/chunks/node_modules_next_dist_f3530cac._.js:2297
[  190987ms] [LOG] Detected Host: nbcl.localhost:3001 http://nbcl.localhost:3001/dashboardportal/procurement/billPass @ http://nbcl.localhost:3001/_next/static/chunks/node_modules_next_dist_f3530cac._.js:2297
[  191165ms] [LOG] Detected Host: nbcl.localhost:3001 http://nbcl.localhost:3001/dashboardportal/procurement/billPass @ http://nbcl.localhost:3001/_next/static/chunks/node_modules_next_dist_f3530cac._.js:2297
[  191171ms] [LOG] Detected Host: nbcl.localhost:3001 http://nbcl.localhost:3001/dashboardportal/procurement/billPass @ http://nbcl.localhost:3001/_next/static/chunks/node_modules_next_dist_f3530cac._.js:2297
[  191506ms] [LOG] Detected Host: nbcl.localhost:3001 http://nbcl.localhost:3001/dashboardportal/procurement/billPass @ http://nbcl.localhost:3001/_next/static/chunks/node_modules_next_dist_f3530cac._.js:2297
[  191510ms] [LOG] Detected Host: nbcl.localhost:3001 http://nbcl.localhost:3001/dashboardportal/procurement/billPass @ http://nbcl.localhost:3001/_next/static/chunks/node_modules_next_dist_f3530cac._.js:2297
[  191677ms] [LOG] Detected Host: nbcl.localhost:3001 http://nbcl.localhost:3001/dashboardportal/procurement/billPass @ http://nbcl.localhost:3001/_next/static/chunks/node_modules_next_dist_f3530cac._.js:2297
[  191680ms] [LOG] Detected Host: nbcl.localhost:3001 http://nbcl.localhost:3001/dashboardportal/procurement/billPass @ http://nbcl.localhost:3001/_next/static/chunks/node_modules_next_dist_f3530cac._.js:2297
[  192992ms] [LOG] [Fast Refresh] rebuilding @ http://nbcl.localhost:3001/_next/static/chunks/node_modules_next_dist_f3530cac._.js:2297
[  193016ms] [LOG] [Fast Refresh] done in 127ms @ http://nbcl.localhost:3001/_next/static/chunks/node_modules_next_dist_f3530cac._.js:2297
[  193286ms] [INFO] %cDownload the React DevTools for a better development experience: https://react.dev/link/react-devtools font-weight:bold @ http://nbcl.localhost:3001/_next/static/chunks/node_modules_next_dist_f3530cac._.js:2297
[  193334ms] [LOG] [HMR] connected @ http://nbcl.localhost:3001/_next/static/chunks/node_modules_next_dist_f3530cac._.js:2297
[  193493ms] [LOG] Detected Host: nbcl.localhost:3001 http://nbcl.localhost:3001/dashboardportal/masters/mechineMaster @ http://nbcl.localhost:3001/_next/static/chunks/node_modules_next_dist_f3530cac._.js:2297
[  193493ms] [LOG] Detected Host: nbcl.localhost:3001 http://nbcl.localhost:3001/dashboardportal/masters/mechineMaster @ http://nbcl.localhost:3001/_next/static/chunks/node_modules_next_dist_f3530cac._.js:2297
[  193518ms] [LOG] Detected Host: nbcl.localhost:3001 http://nbcl.localhost:3001/dashboardportal/masters/mechineMaster @ http://nbcl.localhost:3001/_next/static/chunks/node_modules_next_dist_f3530cac._.js:2297
[  193518ms] [LOG] Detected Host: nbcl.localhost:3001 http://nbcl.localhost:3001/dashboardportal/masters/mechineMaster @ http://nbcl.localhost:3001/_next/static/chunks/node_modules_next_dist_f3530cac._.js:2297
[  193603ms] [LOG] Detected Host: nbcl.localhost:3001 http://nbcl.localhost:3001/dashboardportal/masters/mechineMaster @ http://nbcl.localhost:3001/_next/static/chunks/node_modules_next_dist_f3530cac._.js:2297
[  193608ms] [LOG] Detected Host: nbcl.localhost:3001 http://nbcl.localhost:3001/dashboardportal/masters/mechineMaster @ http://nbcl.localhost:3001/_next/static/chunks/node_modules_next_dist_f3530cac._.js:2297
[  193687ms] [LOG] Detected Host: nbcl.localhost:3001 http://nbcl.localhost:3001/dashboardportal/masters/mechineMaster @ http://nbcl.localhost:3001/_next/static/chunks/node_modules_next_dist_f3530cac._.js:2297
[  193689ms] [LOG] Detected Host: nbcl.localhost:3001 http://nbcl.localhost:3001/dashboardportal/masters/mechineMaster @ http://nbcl.localhost:3001/_next/static/chunks/node_modules_next_dist_f3530cac._.js:2297
[  193890ms] [LOG] Detected Host: nbcl.localhost:3001 http://nbcl.localhost:3001/dashboardportal/masters/mechineMaster @ http://nbcl.localhost:3001/_next/static/chunks/node_modules_next_dist_f3530cac._.js:2297
[  193895ms] [LOG] Detected Host: nbcl.localhost:3001 http://nbcl.localhost:3001/dashboardportal/masters/mechineMaster @ http://nbcl.localhost:3001/_next/static/chunks/node_modules_next_dist_f3530cac._.js:2297
[  194168ms] [LOG] Detected Host: nbcl.localhost:3001 http://nbcl.localhost:3001/dashboardportal/masters/mechineMaster @ http://nbcl.localhost:3001/_next/static/chunks/node_modules_next_dist_f3530cac._.js:2297
[  194173ms] [LOG] Detected Host: nbcl.localhost:3001 http://nbcl.localhost:3001/dashboardportal/masters/mechineMaster @ http://nbcl.localhost:3001/_next/static/chunks/node_modules_next_dist_f3530cac._.js:2297
[  194343ms] [LOG] Detected Host: nbcl.localhost:3001 http://nbcl.localhost:3001/dashboardportal/masters/mechineMaster @ http://nbcl.localhost:3001/_next/static/chunks/node_modules_next_dist_f3530cac._.js:2297
[  194345ms] [LOG] Detected Host: nbcl.localhost:3001 http://nbcl.localhost:3001/dashboardportal/masters/mechineMaster @ http://nbcl.localhost:3001/_next/static/chunks/node_modules_next_dist_f3530cac._.js:2297
[  195801ms] [LOG] [Fast Refresh] rebuilding @ http://nbcl.localhost:3001/_next/static/chunks/node_modules_next_dist_f3530cac._.js:2297
[  195804ms] [LOG] [Fast Refresh] done in 109ms @ http://nbcl.localhost:3001/_next/static/chunks/node_modules_next_dist_f3530cac._.js:2297
[  196036ms] [INFO] %cDownload the React DevTools for a better development experience: https://react.dev/link/react-devtools font-weight:bold @ http://nbcl.localhost:3001/_next/static/chunks/node_modules_next_dist_f3530cac._.js:2297
[  196064ms] [LOG] [HMR] connected @ http://nbcl.localhost:3001/_next/static/chunks/node_modules_next_dist_f3530cac._.js:2297
[  196292ms] [LOG] Detected Host: nbcl.localhost:3001 http://nbcl.localhost:3001/dashboardportal/masters/costFactor @ http://nbcl.localhost:3001/_next/static/chunks/node_modules_next_dist_f3530cac._.js:2297
[  196293ms] [LOG] Detected Host: nbcl.localhost:3001 http://nbcl.localhost:3001/dashboardportal/masters/costFactor @ http://nbcl.localhost:3001/_next/static/chunks/node_modules_next_dist_f3530cac._.js:2297
[  196384ms] [ERROR] A tree hydrated but some attributes of the server rendered HTML didn't match the client properties. This won't be patched up. This can happen if a SSR-ed Client Component used:

- A server/client branch `if (typeof window !== 'undefined')`.
- Variable input such as `Date.now()` or `Math.random()` which changes each time it's called.
- Date formatting in a user's locale which doesn't match the server.
- External changing data without sending a snapshot of it along with the HTML.
- Invalid HTML tag nesting.

It can also happen if the client has a browser extension installed which messes with the HTML before React loaded.

%s%s https://react.dev/link/hydration-mismatch 

  ...
    <Box className="flex flex-...">
      <Styled(div) as="div" ref={null} className="flex flex-..." theme={{...}} sx={{}}>
        <Insertion>
        <div className="flex flex-...">
          <TextField size="small" value="" onChange={function IndexWrapper.useCallback[handleSearchInputChange]} ...>
            <MuiTextField-root disabled={false} error={false} fullWidth={false} required={false} color="primary" ...>
              <Insertion>
              <FormControl disabled={false} error={false} fullWidth={false} required={false} color="primary" ...>
                <MuiFormControl-root as="div" ownerState={{disabled:false, ...}} className="MuiFormCon..." ref={null}>
                  <Insertion>
                  <div className="MuiFormCon...">
                    <OutlinedInput aria-describedby={undefined} autoComplete={undefined} autoFocus={false} ...>
                      <InputBase slots={{root:{...}, ...}} slotProps={{}} renderSuffix={function renderSuffix} ...>
                        <GlobalStylesWrapper>
                        <MuiOutlinedInput-root ref={null} onClick={function handleClick} ownerState={{slots:{...}, ...}} ...>
                          <Insertion>
                          <div onClick={function handleClick} className="MuiInputBa...">
                            <MuiOutlinedInput-input aria-invalid={false} aria-describedby={undefined} ...>
                              <Insertion>
                              <input
                                aria-invalid={false}
                                aria-describedby={undefined}
                                autoComplete={undefined}
                                autoFocus={false}
                                defaultValue={undefined}
                                disabled={false}
+                               id="_R_3aaatpesne9erllb_"
-                               id="_R_d99bn5ritp9erllb_"
                                onAnimationStart={function handleAutoFill}
                                name={undefined}
                                placeholder="Search cost factors"
                                readOnly={undefined}
                                required={false}
                                rows={undefined}
                                value=""
                                onKeyDown={undefined}
                                onKeyUp={undefined}
                                type="text"
                                className="MuiInputBase-input MuiOutlinedInput-input MuiInputBase-inputSizeSmall mui-1..."
                                onBlur={function handleBlur}
                                onChange={function handleChange}
                                onFocus={function handleFocus}
                                ref={function useForkRef.useMemo}
                              >
                            ...
 @ http://nbcl.localhost:3001/_next/static/chunks/node_modules_next_dist_f3530cac._.js:3127
[  196414ms] [LOG] Detected Host: nbcl.localhost:3001 http://nbcl.localhost:3001/dashboardportal/masters/costFactor @ http://nbcl.localhost:3001/_next/static/chunks/node_modules_next_dist_f3530cac._.js:2297
[  196420ms] [LOG] Detected Host: nbcl.localhost:3001 http://nbcl.localhost:3001/dashboardportal/masters/costFactor @ http://nbcl.localhost:3001/_next/static/chunks/node_modules_next_dist_f3530cac._.js:2297
[  196522ms] [LOG] Detected Host: nbcl.localhost:3001 http://nbcl.localhost:3001/dashboardportal/masters/costFactor @ http://nbcl.localhost:3001/_next/static/chunks/node_modules_next_dist_f3530cac._.js:2297
[  196526ms] [LOG] Detected Host: nbcl.localhost:3001 http://nbcl.localhost:3001/dashboardportal/masters/costFactor @ http://nbcl.localhost:3001/_next/static/chunks/node_modules_next_dist_f3530cac._.js:2297
[  196711ms] [LOG] Detected Host: nbcl.localhost:3001 http://nbcl.localhost:3001/dashboardportal/masters/costFactor @ http://nbcl.localhost:3001/_next/static/chunks/node_modules_next_dist_f3530cac._.js:2297
[  196715ms] [LOG] Detected Host: nbcl.localhost:3001 http://nbcl.localhost:3001/dashboardportal/masters/costFactor @ http://nbcl.localhost:3001/_next/static/chunks/node_modules_next_dist_f3530cac._.js:2297
[  196920ms] [LOG] Detected Host: nbcl.localhost:3001 http://nbcl.localhost:3001/dashboardportal/masters/costFactor @ http://nbcl.localhost:3001/_next/static/chunks/node_modules_next_dist_f3530cac._.js:2297
[  196923ms] [LOG] Detected Host: nbcl.localhost:3001 http://nbcl.localhost:3001/dashboardportal/masters/costFactor @ http://nbcl.localhost:3001/_next/static/chunks/node_modules_next_dist_f3530cac._.js:2297
[  197058ms] [LOG] Detected Host: nbcl.localhost:3001 http://nbcl.localhost:3001/dashboardportal/masters/costFactor @ http://nbcl.localhost:3001/_next/static/chunks/node_modules_next_dist_f3530cac._.js:2297
[  197060ms] [LOG] Detected Host: nbcl.localhost:3001 http://nbcl.localhost:3001/dashboardportal/masters/costFactor @ http://nbcl.localhost:3001/_next/static/chunks/node_modules_next_dist_f3530cac._.js:2297
[  198566ms] [LOG] [Fast Refresh] rebuilding @ http://nbcl.localhost:3001/_next/static/chunks/node_modules_next_dist_f3530cac._.js:2297
[  198618ms] [LOG] [Fast Refresh] done in 158ms @ http://nbcl.localhost:3001/_next/static/chunks/node_modules_next_dist_f3530cac._.js:2297
[  198819ms] [INFO] %cDownload the React DevTools for a better development experience: https://react.dev/link/react-devtools font-weight:bold @ http://nbcl.localhost:3001/_next/static/chunks/node_modules_next_dist_f3530cac._.js:2297
[  198850ms] [LOG] [HMR] connected @ http://nbcl.localhost:3001/_next/static/chunks/node_modules_next_dist_f3530cac._.js:2297
[  199041ms] [LOG] Detected Host: nbcl.localhost:3001 http://nbcl.localhost:3001/dashboardportal/masters/projectMaster @ http://nbcl.localhost:3001/_next/static/chunks/node_modules_next_dist_f3530cac._.js:2297
[  199041ms] [LOG] Detected Host: nbcl.localhost:3001 http://nbcl.localhost:3001/dashboardportal/masters/projectMaster @ http://nbcl.localhost:3001/_next/static/chunks/node_modules_next_dist_f3530cac._.js:2297
[  199124ms] [LOG] Detected Host: nbcl.localhost:3001 http://nbcl.localhost:3001/dashboardportal/masters/projectMaster @ http://nbcl.localhost:3001/_next/static/chunks/node_modules_next_dist_f3530cac._.js:2297
[  199129ms] [LOG] Detected Host: nbcl.localhost:3001 http://nbcl.localhost:3001/dashboardportal/masters/projectMaster @ http://nbcl.localhost:3001/_next/static/chunks/node_modules_next_dist_f3530cac._.js:2297
[  199270ms] [LOG] Detected Host: nbcl.localhost:3001 http://nbcl.localhost:3001/dashboardportal/masters/projectMaster @ http://nbcl.localhost:3001/_next/static/chunks/node_modules_next_dist_f3530cac._.js:2297
[  199277ms] [LOG] Detected Host: nbcl.localhost:3001 http://nbcl.localhost:3001/dashboardportal/masters/projectMaster @ http://nbcl.localhost:3001/_next/static/chunks/node_modules_next_dist_f3530cac._.js:2297
[  199496ms] [LOG] Detected Host: nbcl.localhost:3001 http://nbcl.localhost:3001/dashboardportal/masters/projectMaster @ http://nbcl.localhost:3001/_next/static/chunks/node_modules_next_dist_f3530cac._.js:2297
[  199500ms] [LOG] Detected Host: nbcl.localhost:3001 http://nbcl.localhost:3001/dashboardportal/masters/projectMaster @ http://nbcl.localhost:3001/_next/static/chunks/node_modules_next_dist_f3530cac._.js:2297
[  199800ms] [LOG] Detected Host: nbcl.localhost:3001 http://nbcl.localhost:3001/dashboardportal/masters/projectMaster @ http://nbcl.localhost:3001/_next/static/chunks/node_modules_next_dist_f3530cac._.js:2297
[  199804ms] [LOG] Detected Host: nbcl.localhost:3001 http://nbcl.localhost:3001/dashboardportal/masters/projectMaster @ http://nbcl.localhost:3001/_next/static/chunks/node_modules_next_dist_f3530cac._.js:2297
[  199990ms] [LOG] Detected Host: nbcl.localhost:3001 http://nbcl.localhost:3001/dashboardportal/masters/projectMaster @ http://nbcl.localhost:3001/_next/static/chunks/node_modules_next_dist_f3530cac._.js:2297
[  199992ms] [LOG] Detected Host: nbcl.localhost:3001 http://nbcl.localhost:3001/dashboardportal/masters/projectMaster @ http://nbcl.localhost:3001/_next/static/chunks/node_modules_next_dist_f3530cac._.js:2297
[  201380ms] [LOG] [Fast Refresh] rebuilding @ http://nbcl.localhost:3001/_next/static/chunks/node_modules_next_dist_f3530cac._.js:2297
[  201423ms] [LOG] [Fast Refresh] done in 147ms @ http://nbcl.localhost:3001/_next/static/chunks/node_modules_next_dist_f3530cac._.js:2297
[  201642ms] [INFO] %cDownload the React DevTools for a better development experience: https://react.dev/link/react-devtools font-weight:bold @ http://nbcl.localhost:3001/_next/static/chunks/node_modules_next_dist_f3530cac._.js:2297
[  201677ms] [LOG] [HMR] connected @ http://nbcl.localhost:3001/_next/static/chunks/node_modules_next_dist_f3530cac._.js:2297
[  201854ms] [LOG] Detected Host: nbcl.localhost:3001 http://nbcl.localhost:3001/dashboardportal/masters/subDepartmentMaster @ http://nbcl.localhost:3001/_next/static/chunks/node_modules_next_dist_f3530cac._.js:2297
[  201854ms] [LOG] Detected Host: nbcl.localhost:3001 http://nbcl.localhost:3001/dashboardportal/masters/subDepartmentMaster @ http://nbcl.localhost:3001/_next/static/chunks/node_modules_next_dist_f3530cac._.js:2297
[  201943ms] [LOG] Detected Host: nbcl.localhost:3001 http://nbcl.localhost:3001/dashboardportal/masters/subDepartmentMaster @ http://nbcl.localhost:3001/_next/static/chunks/node_modules_next_dist_f3530cac._.js:2297
[  201952ms] [LOG] Detected Host: nbcl.localhost:3001 http://nbcl.localhost:3001/dashboardportal/masters/subDepartmentMaster @ http://nbcl.localhost:3001/_next/static/chunks/node_modules_next_dist_f3530cac._.js:2297
[  202068ms] [LOG] Detected Host: nbcl.localhost:3001 http://nbcl.localhost:3001/dashboardportal/masters/subDepartmentMaster @ http://nbcl.localhost:3001/_next/static/chunks/node_modules_next_dist_f3530cac._.js:2297
[  202075ms] [LOG] Detected Host: nbcl.localhost:3001 http://nbcl.localhost:3001/dashboardportal/masters/subDepartmentMaster @ http://nbcl.localhost:3001/_next/static/chunks/node_modules_next_dist_f3530cac._.js:2297
[  202300ms] [LOG] Detected Host: nbcl.localhost:3001 http://nbcl.localhost:3001/dashboardportal/masters/subDepartmentMaster @ http://nbcl.localhost:3001/_next/static/chunks/node_modules_next_dist_f3530cac._.js:2297
[  202305ms] [LOG] Detected Host: nbcl.localhost:3001 http://nbcl.localhost:3001/dashboardportal/masters/subDepartmentMaster @ http://nbcl.localhost:3001/_next/static/chunks/node_modules_next_dist_f3530cac._.js:2297
[  202586ms] [LOG] Detected Host: nbcl.localhost:3001 http://nbcl.localhost:3001/dashboardportal/masters/subDepartmentMaster @ http://nbcl.localhost:3001/_next/static/chunks/node_modules_next_dist_f3530cac._.js:2297
[  202588ms] [LOG] Detected Host: nbcl.localhost:3001 http://nbcl.localhost:3001/dashboardportal/masters/subDepartmentMaster @ http://nbcl.localhost:3001/_next/static/chunks/node_modules_next_dist_f3530cac._.js:2297
[  202804ms] [LOG] Detected Host: nbcl.localhost:3001 http://nbcl.localhost:3001/dashboardportal/masters/subDepartmentMaster @ http://nbcl.localhost:3001/_next/static/chunks/node_modules_next_dist_f3530cac._.js:2297
[  202806ms] [LOG] Detected Host: nbcl.localhost:3001 http://nbcl.localhost:3001/dashboardportal/masters/subDepartmentMaster @ http://nbcl.localhost:3001/_next/static/chunks/node_modules_next_dist_f3530cac._.js:2297
[  204369ms] [INFO] %cDownload the React DevTools for a better development experience: https://react.dev/link/react-devtools font-weight:bold @ http://nbcl.localhost:3001/_next/static/chunks/node_modules_next_dist_f3530cac._.js:2297
[  204399ms] [LOG] [HMR] connected @ http://nbcl.localhost:3001/_next/static/chunks/node_modules_next_dist_f3530cac._.js:2297
[  204520ms] [LOG] Detected Host: nbcl.localhost:3001 http://nbcl.localhost:3001/dashboardportal/inventory @ http://nbcl.localhost:3001/_next/static/chunks/node_modules_next_dist_f3530cac._.js:2297
[  204521ms] [LOG] Detected Host: nbcl.localhost:3001 http://nbcl.localhost:3001/dashboardportal/inventory @ http://nbcl.localhost:3001/_next/static/chunks/node_modules_next_dist_f3530cac._.js:2297
[  204572ms] [LOG] Detected Host: nbcl.localhost:3001 http://nbcl.localhost:3001/dashboardportal/inventory @ http://nbcl.localhost:3001/_next/static/chunks/node_modules_next_dist_f3530cac._.js:2297
[  204578ms] [LOG] Detected Host: nbcl.localhost:3001 http://nbcl.localhost:3001/dashboardportal/inventory @ http://nbcl.localhost:3001/_next/static/chunks/node_modules_next_dist_f3530cac._.js:2297
[  204599ms] [LOG] Detected Host: nbcl.localhost:3001 http://nbcl.localhost:3001/dashboardportal/inventory @ http://nbcl.localhost:3001/_next/static/chunks/node_modules_next_dist_f3530cac._.js:2297
[  204604ms] [LOG] Detected Host: nbcl.localhost:3001 http://nbcl.localhost:3001/dashboardportal/inventory @ http://nbcl.localhost:3001/_next/static/chunks/node_modules_next_dist_f3530cac._.js:2297
[  204665ms] [LOG] Detected Host: nbcl.localhost:3001 http://nbcl.localhost:3001/dashboardportal/inventory @ http://nbcl.localhost:3001/_next/static/chunks/node_modules_next_dist_f3530cac._.js:2297
[  204667ms] [LOG] Detected Host: nbcl.localhost:3001 http://nbcl.localhost:3001/dashboardportal/inventory @ http://nbcl.localhost:3001/_next/static/chunks/node_modules_next_dist_f3530cac._.js:2297
[  204694ms] [LOG] [Fast Refresh] rebuilding @ http://nbcl.localhost:3001/_next/static/chunks/node_modules_next_dist_f3530cac._.js:2297
[  204701ms] [LOG] Detected Host: nbcl.localhost:3001 http://nbcl.localhost:3001/dashboardportal/inventory @ http://nbcl.localhost:3001/_next/static/chunks/node_modules_next_dist_f3530cac._.js:2297
[  204706ms] [LOG] Detected Host: nbcl.localhost:3001 http://nbcl.localhost:3001/dashboardportal/inventory @ http://nbcl.localhost:3001/_next/static/chunks/node_modules_next_dist_f3530cac._.js:2297
[  204738ms] [LOG] [Fast Refresh] done in 267ms @ http://nbcl.localhost:3001/_next/static/chunks/node_modules_next_dist_f3530cac._.js:2297
[  204743ms] [LOG] Detected Host: nbcl.localhost:3001 http://nbcl.localhost:3001/dashboardportal/inventory @ http://nbcl.localhost:3001/_next/static/chunks/node_modules_next_dist_f3530cac._.js:2297
[  204748ms] [LOG] Detected Host: nbcl.localhost:3001 http://nbcl.localhost:3001/dashboardportal/inventory @ http://nbcl.localhost:3001/_next/static/chunks/node_modules_next_dist_f3530cac._.js:2297
[  206876ms] [LOG] [Fast Refresh] rebuilding @ http://nbcl.localhost:3001/_next/static/chunks/node_modules_next_dist_f3530cac._.js:2297
[  206897ms] [LOG] [Fast Refresh] done in 127ms @ http://nbcl.localhost:3001/_next/static/chunks/node_modules_next_dist_f3530cac._.js:2297
[  207098ms] [INFO] %cDownload the React DevTools for a better development experience: https://react.dev/link/react-devtools font-weight:bold @ http://nbcl.localhost:3001/_next/static/chunks/node_modules_next_dist_f3530cac._.js:2297
[  207130ms] [LOG] [HMR] connected @ http://nbcl.localhost:3001/_next/static/chunks/node_modules_next_dist_f3530cac._.js:2297
[  207317ms] [LOG] Detected Host: nbcl.localhost:3001 http://nbcl.localhost:3001/dashboardportal/inventory/issue @ http://nbcl.localhost:3001/_next/static/chunks/node_modules_next_dist_f3530cac._.js:2297
[  207318ms] [LOG] Detected Host: nbcl.localhost:3001 http://nbcl.localhost:3001/dashboardportal/inventory/issue @ http://nbcl.localhost:3001/_next/static/chunks/node_modules_next_dist_f3530cac._.js:2297
[  207397ms] [LOG] Detected Host: nbcl.localhost:3001 http://nbcl.localhost:3001/dashboardportal/inventory/issue @ http://nbcl.localhost:3001/_next/static/chunks/node_modules_next_dist_f3530cac._.js:2297
[  207401ms] [LOG] Detected Host: nbcl.localhost:3001 http://nbcl.localhost:3001/dashboardportal/inventory/issue @ http://nbcl.localhost:3001/_next/static/chunks/node_modules_next_dist_f3530cac._.js:2297
[  207507ms] [LOG] Detected Host: nbcl.localhost:3001 http://nbcl.localhost:3001/dashboardportal/inventory/issue @ http://nbcl.localhost:3001/_next/static/chunks/node_modules_next_dist_f3530cac._.js:2297
[  207516ms] [LOG] Detected Host: nbcl.localhost:3001 http://nbcl.localhost:3001/dashboardportal/inventory/issue @ http://nbcl.localhost:3001/_next/static/chunks/node_modules_next_dist_f3530cac._.js:2297
[  207724ms] [LOG] Detected Host: nbcl.localhost:3001 http://nbcl.localhost:3001/dashboardportal/inventory/issue @ http://nbcl.localhost:3001/_next/static/chunks/node_modules_next_dist_f3530cac._.js:2297
[  207728ms] [LOG] Detected Host: nbcl.localhost:3001 http://nbcl.localhost:3001/dashboardportal/inventory/issue @ http://nbcl.localhost:3001/_next/static/chunks/node_modules_next_dist_f3530cac._.js:2297
[  207972ms] [LOG] Detected Host: nbcl.localhost:3001 http://nbcl.localhost:3001/dashboardportal/inventory/issue @ http://nbcl.localhost:3001/_next/static/chunks/node_modules_next_dist_f3530cac._.js:2297
[  207978ms] [LOG] Detected Host: nbcl.localhost:3001 http://nbcl.localhost:3001/dashboardportal/inventory/issue @ http://nbcl.localhost:3001/_next/static/chunks/node_modules_next_dist_f3530cac._.js:2297
[  208269ms] [LOG] Detected Host: nbcl.localhost:3001 http://nbcl.localhost:3001/dashboardportal/inventory/issue @ http://nbcl.localhost:3001/_next/static/chunks/node_modules_next_dist_f3530cac._.js:2297
[  208273ms] [LOG] Detected Host: nbcl.localhost:3001 http://nbcl.localhost:3001/dashboardportal/inventory/issue @ http://nbcl.localhost:3001/_next/static/chunks/node_modules_next_dist_f3530cac._.js:2297
[  209641ms] [LOG] [Fast Refresh] rebuilding @ http://nbcl.localhost:3001/_next/static/chunks/node_modules_next_dist_f3530cac._.js:2297
[  209652ms] [LOG] [Fast Refresh] done in 115ms @ http://nbcl.localhost:3001/_next/static/chunks/node_modules_next_dist_f3530cac._.js:2297
[  209856ms] [INFO] %cDownload the React DevTools for a better development experience: https://react.dev/link/react-devtools font-weight:bold @ http://nbcl.localhost:3001/_next/static/chunks/node_modules_next_dist_f3530cac._.js:2297
[  209898ms] [LOG] [HMR] connected @ http://nbcl.localhost:3001/_next/static/chunks/node_modules_next_dist_f3530cac._.js:2297
[  210066ms] [LOG] Detected Host: nbcl.localhost:3001 http://nbcl.localhost:3001/dashboardportal/masters/juteQualityMaster @ http://nbcl.localhost:3001/_next/static/chunks/node_modules_next_dist_f3530cac._.js:2297
[  210066ms] [LOG] Detected Host: nbcl.localhost:3001 http://nbcl.localhost:3001/dashboardportal/masters/juteQualityMaster @ http://nbcl.localhost:3001/_next/static/chunks/node_modules_next_dist_f3530cac._.js:2297
[  210136ms] [ERROR] A tree hydrated but some attributes of the server rendered HTML didn't match the client properties. This won't be patched up. This can happen if a SSR-ed Client Component used:

- A server/client branch `if (typeof window !== 'undefined')`.
- Variable input such as `Date.now()` or `Math.random()` which changes each time it's called.
- Date formatting in a user's locale which doesn't match the server.
- External changing data without sending a snapshot of it along with the HTML.
- Invalid HTML tag nesting.

It can also happen if the client has a browser extension installed which messes with the HTML before React loaded.

%s%s https://react.dev/link/hydration-mismatch 

  ...
    <Box className="flex flex-...">
      <Styled(div) as="div" ref={null} className="flex flex-..." theme={{...}} sx={{}}>
        <Insertion>
        <div className="flex flex-...">
          <TextField size="small" value="" onChange={function IndexWrapper.useCallback[handleSearchInputChange]} ...>
            <MuiTextField-root disabled={false} error={false} fullWidth={false} required={false} color="primary" ...>
              <Insertion>
              <FormControl disabled={false} error={false} fullWidth={false} required={false} color="primary" ...>
                <MuiFormControl-root as="div" ownerState={{disabled:false, ...}} className="MuiFormCon..." ref={null}>
                  <Insertion>
                  <div className="MuiFormCon...">
                    <OutlinedInput aria-describedby={undefined} autoComplete={undefined} autoFocus={false} ...>
                      <InputBase slots={{root:{...}, ...}} slotProps={{}} renderSuffix={function renderSuffix} ...>
                        <GlobalStylesWrapper>
                        <MuiOutlinedInput-root ref={null} onClick={function handleClick} ownerState={{slots:{...}, ...}} ...>
                          <Insertion>
                          <div onClick={function handleClick} className="MuiInputBa...">
                            <MuiOutlinedInput-input aria-invalid={false} aria-describedby={undefined} ...>
                              <Insertion>
                              <input
                                aria-invalid={false}
                                aria-describedby={undefined}
                                autoComplete={undefined}
                                autoFocus={false}
                                defaultValue={undefined}
                                disabled={false}
+                               id="_R_3aaatpesne9erllb_"
-                               id="_R_d99bn5ritp9erllb_"
                                onAnimationStart={function handleAutoFill}
                                name={undefined}
                                placeholder="Search by quality or item name"
                                readOnly={undefined}
                                required={false}
                                rows={undefined}
                                value=""
                                onKeyDown={undefined}
                                onKeyUp={undefined}
                                type="text"
                                className="MuiInputBase-input MuiOutlinedInput-input MuiInputBase-inputSizeSmall mui-1..."
                                onBlur={function handleBlur}
                                onChange={function handleChange}
                                onFocus={function handleFocus}
                                ref={function useForkRef.useMemo}
                              >
                            ...
 @ http://nbcl.localhost:3001/_next/static/chunks/node_modules_next_dist_f3530cac._.js:3127
[  210154ms] [LOG] Detected Host: nbcl.localhost:3001 http://nbcl.localhost:3001/dashboardportal/masters/juteQualityMaster @ http://nbcl.localhost:3001/_next/static/chunks/node_modules_next_dist_f3530cac._.js:2297
[  210157ms] [LOG] Detected Host: nbcl.localhost:3001 http://nbcl.localhost:3001/dashboardportal/masters/juteQualityMaster @ http://nbcl.localhost:3001/_next/static/chunks/node_modules_next_dist_f3530cac._.js:2297
[  210233ms] [LOG] Detected Host: nbcl.localhost:3001 http://nbcl.localhost:3001/dashboardportal/masters/juteQualityMaster @ http://nbcl.localhost:3001/_next/static/chunks/node_modules_next_dist_f3530cac._.js:2297
[  210236ms] [LOG] Detected Host: nbcl.localhost:3001 http://nbcl.localhost:3001/dashboardportal/masters/juteQualityMaster @ http://nbcl.localhost:3001/_next/static/chunks/node_modules_next_dist_f3530cac._.js:2297
[  210414ms] [LOG] Detected Host: nbcl.localhost:3001 http://nbcl.localhost:3001/dashboardportal/masters/juteQualityMaster @ http://nbcl.localhost:3001/_next/static/chunks/node_modules_next_dist_f3530cac._.js:2297
[  210417ms] [LOG] Detected Host: nbcl.localhost:3001 http://nbcl.localhost:3001/dashboardportal/masters/juteQualityMaster @ http://nbcl.localhost:3001/_next/static/chunks/node_modules_next_dist_f3530cac._.js:2297
[  210657ms] [LOG] Detected Host: nbcl.localhost:3001 http://nbcl.localhost:3001/dashboardportal/masters/juteQualityMaster @ http://nbcl.localhost:3001/_next/static/chunks/node_modules_next_dist_f3530cac._.js:2297
[  210662ms] [LOG] Detected Host: nbcl.localhost:3001 http://nbcl.localhost:3001/dashboardportal/masters/juteQualityMaster @ http://nbcl.localhost:3001/_next/static/chunks/node_modules_next_dist_f3530cac._.js:2297
[  210877ms] [LOG] Detected Host: nbcl.localhost:3001 http://nbcl.localhost:3001/dashboardportal/masters/juteQualityMaster @ http://nbcl.localhost:3001/_next/static/chunks/node_modules_next_dist_f3530cac._.js:2297
[  210878ms] [LOG] Detected Host: nbcl.localhost:3001 http://nbcl.localhost:3001/dashboardportal/masters/juteQualityMaster @ http://nbcl.localhost:3001/_next/static/chunks/node_modules_next_dist_f3530cac._.js:2297
[  211106ms] [LOG] [Fast Refresh] rebuilding @ http://nbcl.localhost:3001/_next/static/chunks/node_modules_next_dist_f3530cac._.js:2297
[  211145ms] [LOG] [Fast Refresh] done in 148ms @ http://nbcl.localhost:3001/_next/static/chunks/node_modules_next_dist_f3530cac._.js:2297
[  212408ms] [LOG] [Fast Refresh] rebuilding @ http://nbcl.localhost:3001/_next/static/chunks/node_modules_next_dist_f3530cac._.js:2297
[  212516ms] [LOG] [Fast Refresh] done in 214ms @ http://nbcl.localhost:3001/_next/static/chunks/node_modules_next_dist_f3530cac._.js:2297
[  212768ms] [INFO] %cDownload the React DevTools for a better development experience: https://react.dev/link/react-devtools font-weight:bold @ http://nbcl.localhost:3001/_next/static/chunks/node_modules_next_dist_f3530cac._.js:2297
[  212807ms] [LOG] [HMR] connected @ http://nbcl.localhost:3001/_next/static/chunks/node_modules_next_dist_f3530cac._.js:2297
[  212973ms] [LOG] Detected Host: nbcl.localhost:3001 http://nbcl.localhost:3001/dashboardportal/jutePurchase/mr @ http://nbcl.localhost:3001/_next/static/chunks/node_modules_next_dist_f3530cac._.js:2297
[  212974ms] [LOG] Detected Host: nbcl.localhost:3001 http://nbcl.localhost:3001/dashboardportal/jutePurchase/mr @ http://nbcl.localhost:3001/_next/static/chunks/node_modules_next_dist_f3530cac._.js:2297
[  213077ms] [ERROR] A tree hydrated but some attributes of the server rendered HTML didn't match the client properties. This won't be patched up. This can happen if a SSR-ed Client Component used:

- A server/client branch `if (typeof window !== 'undefined')`.
- Variable input such as `Date.now()` or `Math.random()` which changes each time it's called.
- Date formatting in a user's locale which doesn't match the server.
- External changing data without sending a snapshot of it along with the HTML.
- Invalid HTML tag nesting.

It can also happen if the client has a browser extension installed which messes with the HTML before React loaded.

%s%s https://react.dev/link/hydration-mismatch 

  ...
    <Styled(div) as="div" ref={null} className="mb-6 flex ..." theme={{...}} sx={{}}>
      <Insertion>
      <div className="mb-6 flex ...">
        <Box className="flex flex-...">
          <Styled(div) as="div" ref={null} className="flex flex-..." theme={{...}} sx={{}}>
            <Insertion>
            <div className="flex flex-...">
              <TextField size="small" type="date" label="From" value="" ...>
                <MuiTextField-root disabled={false} error={false} fullWidth={false} required={false} color="primary" ...>
                  <Insertion>
                  <FormControl disabled={false} error={false} fullWidth={false} required={false} color="primary" ...>
                    <MuiFormControl-root as="div" ownerState={{disabled:false, ...}} className="MuiFormCon..." ref={null}>
                      <Insertion>
                      <div className="MuiFormCon...">
                        <InputLabel htmlFor="_R_36aatpe..." id="_R_36aatpe..." shrink={true} ref={null} ...>
                          <MuiInputLabel-root data-shrink={true} ref={null} className="MuiInputLa..." ...>
                            <Insertion>
                            <FormLabel data-shrink={true} className="MuiInputLa..." htmlFor="_R_36aatpe..." ...>
                              <MuiFormLabel-root as="label" ownerState={{...}} className="MuiFormLab..." ref={null} ...>
                                <Insertion>
                                <label
                                  className="MuiFormLabel-root MuiInputLabel-root MuiInputLabel-formControl MuiInputLa..."
                                  data-shrink={true}
+                                 htmlFor="_R_36aatpesne9erllb_"
-                                 htmlFor="_R_cp9bn5ritp9erllb_"
+                                 id="_R_36aatpesne9erllb_-label"
-                                 id="_R_cp9bn5ritp9erllb_-label"
                                >
                        ...
                          <MuiOutlinedInput-root ref={null} onClick={function handleClick} ...>
                            <Insertion>
                            <div onClick={function handleClick} className="MuiInputBa...">
                              <MuiOutlinedInput-input aria-invalid={false} aria-describedby={undefined} ...>
                                <Insertion>
                                <input
                                  aria-invalid={false}
                                  aria-describedby={undefined}
                                  autoComplete={undefined}
                                  autoFocus={false}
                                  defaultValue={undefined}
                                  disabled={false}
+                                 id="_R_36aatpesne9erllb_"
-                                 id="_R_cp9bn5ritp9erllb_"
                                  onAnimationStart={function handleAutoFill}
                                  name={undefined}
                                  placeholder={undefined}
                                  readOnly={undefined}
                                  required={false}
                                  rows={undefined}
                                  value=""
                                  onKeyDown={undefined}
                                  onKeyUp={undefined}
                                  type="date"
                                  className="MuiInputBase-input MuiOutlinedInput-input MuiInputBase-inputSizeSmall mui..."
                                  onBlur={function handleBlur}
                                  onChange={function handleChange}
                                  onFocus={function handleFocus}
                                  ref={function useForkRef.useMemo}
                                >
                              ...
              <TextField size="small" type="date" label="To" value="" ...>
                <MuiTextField-root disabled={false} error={false} fullWidth={false} required={false} color="primary" ...>
                  <Insertion>
                  <FormControl disabled={false} error={false} fullWidth={false} required={false} color="primary" ...>
                    <MuiFormControl-root as="div" ownerState={{disabled:false, ...}} className="MuiFormCon..." ref={null}>
                      <Insertion>
                      <div className="MuiFormCon...">
                        <InputLabel htmlFor="_R_56aatpe..." id="_R_56aatpe..." shrink={true} ref={null} ...>
                          <MuiInputLabel-root data-shrink={true} ref={null} className="MuiInputLa..." ...>
                            <Insertion>
                            <FormLabel data-shrink={true} className="MuiInputLa..." htmlFor="_R_56aatpe..." ...>
                              <MuiFormLabel-root as="label" ownerState={{...}} className="MuiFormLab..." ref={null} ...>
                                <Insertion>
                                <label
                                  className="MuiFormLabel-root MuiInputLabel-root MuiInputLabel-formControl MuiInputLa..."
                                  data-shrink={true}
+                                 htmlFor="_R_56aatpesne9erllb_"
-                                 htmlFor="_R_kp9bn5ritp9erllb_"
+                                 id="_R_56aatpesne9erllb_-label"
-                                 id="_R_kp9bn5ritp9erllb_-label"
                                >
                        ...
                          <MuiOutlinedInput-root ref={null} onClick={function handleClick} ...>
                            <Insertion>
                            <div onClick={function handleClick} className="MuiInputBa...">
                              <MuiOutlinedInput-input aria-invalid={false} aria-describedby={undefined} ...>
                                <Insertion>
                                <input
                                  aria-invalid={false}
                                  aria-describedby={undefined}
                                  autoComplete={undefined}
                                  autoFocus={false}
                                  defaultValue={undefined}
                                  disabled={false}
+                                 id="_R_56aatpesne9erllb_"
-                                 id="_R_kp9bn5ritp9erllb_"
                                  onAnimationStart={function handleAutoFill}
                                  name={undefined}
                                  placeholder={undefined}
                                  readOnly={undefined}
                                  required={false}
                                  rows={undefined}
                                  value=""
                                  onKeyDown={undefined}
                                  onKeyUp={undefined}
                                  type="date"
                                  className="MuiInputBase-input MuiOutlinedInput-input MuiInputBase-inputSizeSmall mui..."
                                  onBlur={function handleBlur}
                                  onChange={function handleChange}
                                  onFocus={function handleFocus}
                                  ref={function useForkRef.useMemo}
                                >
                              ...
              ...
        ...
          <TextField size="small" value="" onChange={function IndexWrapper.useCallback[handleSearchInputChange]} ...>
            <MuiTextField-root disabled={false} error={false} fullWidth={false} required={false} color="primary" ...>
              <Insertion>
              <FormControl disabled={false} error={false} fullWidth={false} required={false} color="primary" ...>
                <MuiFormControl-root as="div" ownerState={{disabled:false, ...}} className="MuiFormCon..." ref={null}>
                  <Insertion>
                  <div className="MuiFormCon...">
                    <OutlinedInput aria-describedby={undefined} autoComplete={undefined} autoFocus={false} ...>
                      <InputBase slots={{root:{...}, ...}} slotProps={{}} renderSuffix={function renderSuffix} ...>
                        <GlobalStylesWrapper>
                        <MuiOutlinedInput-root ref={null} onClick={function handleClick} ownerState={{slots:{...}, ...}} ...>
                          <Insertion>
                          <div onClick={function handleClick} className="MuiInputBa...">
                            <MuiOutlinedInput-input aria-invalid={false} aria-describedby={undefined} ...>
                              <Insertion>
                              <input
                                aria-invalid={false}
                                aria-describedby={undefined}
                                autoComplete={undefined}
                                autoFocus={false}
                                defaultValue={undefined}
                                disabled={false}
+                               id="_R_3aaatpesne9erllb_"
-                               id="_R_d99bn5ritp9erllb_"
                                onAnimationStart={function handleAutoFill}
                                name={undefined}
                                placeholder="Search by MR no, PO no, supplier, party, challan, vehicle, gate entry, mu..."
                                readOnly={undefined}
                                required={false}
                                rows={undefined}
                                value=""
                                onKeyDown={undefined}
                                onKeyUp={undefined}
                                type="text"
                                className="MuiInputBase-input MuiOutlinedInput-input MuiInputBase-inputSizeSmall mui-1..."
                                onBlur={function handleBlur}
                                onChange={function handleChange}
                                onFocus={function handleFocus}
                                ref={function useForkRef.useMemo}
                              >
                            ...
 @ http://nbcl.localhost:3001/_next/static/chunks/node_modules_next_dist_f3530cac._.js:3127
[  213109ms] [LOG] Detected Host: nbcl.localhost:3001 http://nbcl.localhost:3001/dashboardportal/jutePurchase/mr @ http://nbcl.localhost:3001/_next/static/chunks/node_modules_next_dist_f3530cac._.js:2297
[  213117ms] [LOG] Detected Host: nbcl.localhost:3001 http://nbcl.localhost:3001/dashboardportal/jutePurchase/mr @ http://nbcl.localhost:3001/_next/static/chunks/node_modules_next_dist_f3530cac._.js:2297
[  213212ms] [LOG] Detected Host: nbcl.localhost:3001 http://nbcl.localhost:3001/dashboardportal/jutePurchase/mr @ http://nbcl.localhost:3001/_next/static/chunks/node_modules_next_dist_f3530cac._.js:2297
[  213215ms] [LOG] Detected Host: nbcl.localhost:3001 http://nbcl.localhost:3001/dashboardportal/jutePurchase/mr @ http://nbcl.localhost:3001/_next/static/chunks/node_modules_next_dist_f3530cac._.js:2297
[  213408ms] [LOG] Detected Host: nbcl.localhost:3001 http://nbcl.localhost:3001/dashboardportal/jutePurchase/mr @ http://nbcl.localhost:3001/_next/static/chunks/node_modules_next_dist_f3530cac._.js:2297
[  213416ms] [LOG] Detected Host: nbcl.localhost:3001 http://nbcl.localhost:3001/dashboardportal/jutePurchase/mr @ http://nbcl.localhost:3001/_next/static/chunks/node_modules_next_dist_f3530cac._.js:2297
[  213776ms] [LOG] Detected Host: nbcl.localhost:3001 http://nbcl.localhost:3001/dashboardportal/jutePurchase/mr @ http://nbcl.localhost:3001/_next/static/chunks/node_modules_next_dist_f3530cac._.js:2297
[  213782ms] [LOG] Detected Host: nbcl.localhost:3001 http://nbcl.localhost:3001/dashboardportal/jutePurchase/mr @ http://nbcl.localhost:3001/_next/static/chunks/node_modules_next_dist_f3530cac._.js:2297
[  214045ms] [LOG] Detected Host: nbcl.localhost:3001 http://nbcl.localhost:3001/dashboardportal/jutePurchase/mr @ http://nbcl.localhost:3001/_next/static/chunks/node_modules_next_dist_f3530cac._.js:2297
[  214047ms] [LOG] Detected Host: nbcl.localhost:3001 http://nbcl.localhost:3001/dashboardportal/jutePurchase/mr @ http://nbcl.localhost:3001/_next/static/chunks/node_modules_next_dist_f3530cac._.js:2297
[  215308ms] [LOG] [Fast Refresh] rebuilding @ http://nbcl.localhost:3001/_next/static/chunks/node_modules_next_dist_f3530cac._.js:2297
[  215337ms] [LOG] [Fast Refresh] done in 136ms @ http://nbcl.localhost:3001/_next/static/chunks/node_modules_next_dist_f3530cac._.js:2297
[  215558ms] [INFO] %cDownload the React DevTools for a better development experience: https://react.dev/link/react-devtools font-weight:bold @ http://nbcl.localhost:3001/_next/static/chunks/node_modules_next_dist_f3530cac._.js:2297
[  215584ms] [LOG] [HMR] connected @ http://nbcl.localhost:3001/_next/static/chunks/node_modules_next_dist_f3530cac._.js:2297
[  215758ms] [LOG] Detected Host: nbcl.localhost:3001 http://nbcl.localhost:3001/dashboardportal/masters/juteSupplierMaster @ http://nbcl.localhost:3001/_next/static/chunks/node_modules_next_dist_f3530cac._.js:2297
[  215759ms] [LOG] Detected Host: nbcl.localhost:3001 http://nbcl.localhost:3001/dashboardportal/masters/juteSupplierMaster @ http://nbcl.localhost:3001/_next/static/chunks/node_modules_next_dist_f3530cac._.js:2297
[  215864ms] [LOG] Detected Host: nbcl.localhost:3001 http://nbcl.localhost:3001/dashboardportal/masters/juteSupplierMaster @ http://nbcl.localhost:3001/_next/static/chunks/node_modules_next_dist_f3530cac._.js:2297
[  215871ms] [LOG] Detected Host: nbcl.localhost:3001 http://nbcl.localhost:3001/dashboardportal/masters/juteSupplierMaster @ http://nbcl.localhost:3001/_next/static/chunks/node_modules_next_dist_f3530cac._.js:2297
[  215974ms] [LOG] Detected Host: nbcl.localhost:3001 http://nbcl.localhost:3001/dashboardportal/masters/juteSupplierMaster @ http://nbcl.localhost:3001/_next/static/chunks/node_modules_next_dist_f3530cac._.js:2297
[  215977ms] [LOG] Detected Host: nbcl.localhost:3001 http://nbcl.localhost:3001/dashboardportal/masters/juteSupplierMaster @ http://nbcl.localhost:3001/_next/static/chunks/node_modules_next_dist_f3530cac._.js:2297
[  216151ms] [LOG] Detected Host: nbcl.localhost:3001 http://nbcl.localhost:3001/dashboardportal/masters/juteSupplierMaster @ http://nbcl.localhost:3001/_next/static/chunks/node_modules_next_dist_f3530cac._.js:2297
[  216158ms] [LOG] Detected Host: nbcl.localhost:3001 http://nbcl.localhost:3001/dashboardportal/masters/juteSupplierMaster @ http://nbcl.localhost:3001/_next/static/chunks/node_modules_next_dist_f3530cac._.js:2297
[  216413ms] [LOG] Detected Host: nbcl.localhost:3001 http://nbcl.localhost:3001/dashboardportal/masters/juteSupplierMaster @ http://nbcl.localhost:3001/_next/static/chunks/node_modules_next_dist_f3530cac._.js:2297
[  216417ms] [LOG] Detected Host: nbcl.localhost:3001 http://nbcl.localhost:3001/dashboardportal/masters/juteSupplierMaster @ http://nbcl.localhost:3001/_next/static/chunks/node_modules_next_dist_f3530cac._.js:2297
[  216599ms] [LOG] Detected Host: nbcl.localhost:3001 http://nbcl.localhost:3001/dashboardportal/masters/juteSupplierMaster @ http://nbcl.localhost:3001/_next/static/chunks/node_modules_next_dist_f3530cac._.js:2297
[  216601ms] [LOG] Detected Host: nbcl.localhost:3001 http://nbcl.localhost:3001/dashboardportal/masters/juteSupplierMaster @ http://nbcl.localhost:3001/_next/static/chunks/node_modules_next_dist_f3530cac._.js:2297
[  218105ms] [LOG] [Fast Refresh] rebuilding @ http://nbcl.localhost:3001/_next/static/chunks/node_modules_next_dist_f3530cac._.js:2297
[  218113ms] [LOG] [Fast Refresh] done in 110ms @ http://nbcl.localhost:3001/_next/static/chunks/node_modules_next_dist_f3530cac._.js:2297
[  218347ms] [INFO] %cDownload the React DevTools for a better development experience: https://react.dev/link/react-devtools font-weight:bold @ http://nbcl.localhost:3001/_next/static/chunks/node_modules_next_dist_f3530cac._.js:2297
[  218383ms] [LOG] [HMR] connected @ http://nbcl.localhost:3001/_next/static/chunks/node_modules_next_dist_f3530cac._.js:2297
[  218578ms] [LOG] Detected Host: nbcl.localhost:3001 http://nbcl.localhost:3001/dashboardportal/masters/juteAgentMap @ http://nbcl.localhost:3001/_next/static/chunks/node_modules_next_dist_f3530cac._.js:2297
[  218579ms] [LOG] Detected Host: nbcl.localhost:3001 http://nbcl.localhost:3001/dashboardportal/masters/juteAgentMap @ http://nbcl.localhost:3001/_next/static/chunks/node_modules_next_dist_f3530cac._.js:2297
[  218596ms] [LOG] Detected Host: nbcl.localhost:3001 http://nbcl.localhost:3001/dashboardportal/masters/juteAgentMap @ http://nbcl.localhost:3001/_next/static/chunks/node_modules_next_dist_f3530cac._.js:2297
[  218597ms] [LOG] Detected Host: nbcl.localhost:3001 http://nbcl.localhost:3001/dashboardportal/masters/juteAgentMap @ http://nbcl.localhost:3001/_next/static/chunks/node_modules_next_dist_f3530cac._.js:2297
[  218614ms] [LOG] Detected Host: nbcl.localhost:3001 http://nbcl.localhost:3001/dashboardportal/masters/juteAgentMap @ http://nbcl.localhost:3001/_next/static/chunks/node_modules_next_dist_f3530cac._.js:2297
[  218615ms] [LOG] Detected Host: nbcl.localhost:3001 http://nbcl.localhost:3001/dashboardportal/masters/juteAgentMap @ http://nbcl.localhost:3001/_next/static/chunks/node_modules_next_dist_f3530cac._.js:2297
[  218635ms] [LOG] Detected Host: nbcl.localhost:3001 http://nbcl.localhost:3001/dashboardportal/masters/juteAgentMap @ http://nbcl.localhost:3001/_next/static/chunks/node_modules_next_dist_f3530cac._.js:2297
[  218636ms] [LOG] Detected Host: nbcl.localhost:3001 http://nbcl.localhost:3001/dashboardportal/masters/juteAgentMap @ http://nbcl.localhost:3001/_next/static/chunks/node_modules_next_dist_f3530cac._.js:2297
[  218663ms] [LOG] Detected Host: nbcl.localhost:3001 http://nbcl.localhost:3001/dashboardportal/masters/juteAgentMap @ http://nbcl.localhost:3001/_next/static/chunks/node_modules_next_dist_f3530cac._.js:2297
[  218664ms] [LOG] Detected Host: nbcl.localhost:3001 http://nbcl.localhost:3001/dashboardportal/masters/juteAgentMap @ http://nbcl.localhost:3001/_next/static/chunks/node_modules_next_dist_f3530cac._.js:2297
[  218696ms] [LOG] Detected Host: nbcl.localhost:3001 http://nbcl.localhost:3001/dashboardportal/masters/juteAgentMap @ http://nbcl.localhost:3001/_next/static/chunks/node_modules_next_dist_f3530cac._.js:2297
[  218697ms] [LOG] Detected Host: nbcl.localhost:3001 http://nbcl.localhost:3001/dashboardportal/masters/juteAgentMap @ http://nbcl.localhost:3001/_next/static/chunks/node_modules_next_dist_f3530cac._.js:2297
[  218720ms] [LOG] Detected Host: nbcl.localhost:3001 http://nbcl.localhost:3001/dashboardportal/masters/juteAgentMap @ http://nbcl.localhost:3001/_next/static/chunks/node_modules_next_dist_f3530cac._.js:2297
[  218721ms] [LOG] Detected Host: nbcl.localhost:3001 http://nbcl.localhost:3001/dashboardportal/masters/juteAgentMap @ http://nbcl.localhost:3001/_next/static/chunks/node_modules_next_dist_f3530cac._.js:2297
[  218841ms] [LOG] Detected Host: nbcl.localhost:3001 http://nbcl.localhost:3001/dashboardportal/masters/juteAgentMap @ http://nbcl.localhost:3001/_next/static/chunks/node_modules_next_dist_f3530cac._.js:2297
[  218846ms] [LOG] Detected Host: nbcl.localhost:3001 http://nbcl.localhost:3001/dashboardportal/masters/juteAgentMap @ http://nbcl.localhost:3001/_next/static/chunks/node_modules_next_dist_f3530cac._.js:2297
[  219040ms] [LOG] Detected Host: nbcl.localhost:3001 http://nbcl.localhost:3001/dashboardportal/masters/juteAgentMap @ http://nbcl.localhost:3001/_next/static/chunks/node_modules_next_dist_f3530cac._.js:2297
[  219044ms] [LOG] Detected Host: nbcl.localhost:3001 http://nbcl.localhost:3001/dashboardportal/masters/juteAgentMap @ http://nbcl.localhost:3001/_next/static/chunks/node_modules_next_dist_f3530cac._.js:2297
[  219186ms] [LOG] Detected Host: nbcl.localhost:3001 http://nbcl.localhost:3001/dashboardportal/masters/juteAgentMap @ http://nbcl.localhost:3001/_next/static/chunks/node_modules_next_dist_f3530cac._.js:2297
[  219190ms] [LOG] Detected Host: nbcl.localhost:3001 http://nbcl.localhost:3001/dashboardportal/masters/juteAgentMap @ http://nbcl.localhost:3001/_next/static/chunks/node_modules_next_dist_f3530cac._.js:2297
[  219402ms] [LOG] Detected Host: nbcl.localhost:3001 http://nbcl.localhost:3001/dashboardportal/masters/juteAgentMap @ http://nbcl.localhost:3001/_next/static/chunks/node_modules_next_dist_f3530cac._.js:2297
[  219407ms] [LOG] Detected Host: nbcl.localhost:3001 http://nbcl.localhost:3001/dashboardportal/masters/juteAgentMap @ http://nbcl.localhost:3001/_next/static/chunks/node_modules_next_dist_f3530cac._.js:2297
[  219584ms] [ERROR] Failed to load resource: the server responded with a status of 500 (Internal Server Error) @ http://nbcl.localhost:3001/api/juteAgentMap/get_jute_agent_map_table?page=1&limit=10&co_id=1:0
[  219585ms] [ERROR] Error in fetchWithCookie for /api/juteAgentMap/get_jute_agent_map_table?page=1&limit=10&co_id=1: (pymysql.err.ProgrammingError) (1146, "Table 'nbcl.jute_agent_map' doesn't exist")
[SQL: 
        SELECT 
            jam.agent_map_id,
            jam.agent_branch_id,
            jam.party_branch_id,
            jam.co_id,
            -- Agent branch display: co_name - branch_name
            CONCAT(COALESCE(cm.co_name, ''), ' - ', COALESCE(bm.branch_name, '')) AS agent_branch_display,
            bm.branch_name AS agent_branch_name,
            cm.co_name AS agent_company_name,
            -- Party branch display: party_name - address
            CONCAT(COALESCE(pm.supp_name, ''), ' - ', COALESCE(pbm.address, '')) AS party_branch_display,
            pm.supp_name AS party_name,
            pm.supp_code AS party_code,
            pbm.address AS party_branch_address,
            pbm.gst_no AS party_branch_gst
        FROM jute_agent_map jam
        LEFT JOIN branch_mst bm ON bm.branch_id = jam.agent_branch_id
        LEFT JOIN co_mst cm ON cm.co_id = bm.co_id
        LEFT JOIN party_branch_mst pbm ON pbm.party_mst_branch_id = jam.party_branch_id
        LEFT JOIN party_mst pm ON pm.party_id = pbm.party_id
        WHERE jam.co_id = %(co_id)s
            AND (%(search)s IS NULL 
                OR bm.branch_name LIKE %(search)s 
                OR cm.co_name LIKE %(search)s
                OR pm.supp_name LIKE %(search)s
                OR pbm.address LIKE %(search)s)
        ORDER BY jam.agent_map_id DESC
        LIMIT %(limit)s OFFSET %(offset)s
    ]
[parameters: {'co_id': 1, 'search': None, 'limit': 10, 'offset': 0}]
(Background on this error at: https://sqlalche.me/e/20/f405) @ http://nbcl.localhost:3001/_next/static/chunks/node_modules_next_dist_f3530cac._.js:3127
[  219595ms] [LOG] Detected Host: nbcl.localhost:3001 http://nbcl.localhost:3001/dashboardportal/masters/juteAgentMap @ http://nbcl.localhost:3001/_next/static/chunks/node_modules_next_dist_f3530cac._.js:2297
[  219597ms] [LOG] Detected Host: nbcl.localhost:3001 http://nbcl.localhost:3001/dashboardportal/masters/juteAgentMap @ http://nbcl.localhost:3001/_next/static/chunks/node_modules_next_dist_f3530cac._.js:2297
[  220887ms] [LOG] [Fast Refresh] rebuilding @ http://nbcl.localhost:3001/_next/static/chunks/node_modules_next_dist_f3530cac._.js:2297
[  220896ms] [LOG] [Fast Refresh] done in 110ms @ http://nbcl.localhost:3001/_next/static/chunks/node_modules_next_dist_f3530cac._.js:2297
[  221106ms] [INFO] %cDownload the React DevTools for a better development experience: https://react.dev/link/react-devtools font-weight:bold @ http://nbcl.localhost:3001/_next/static/chunks/node_modules_next_dist_f3530cac._.js:2297
[  221145ms] [LOG] [HMR] connected @ http://nbcl.localhost:3001/_next/static/chunks/node_modules_next_dist_f3530cac._.js:2297
[  221320ms] [LOG] Detected Host: nbcl.localhost:3001 http://nbcl.localhost:3001/dashboardportal/masters/juteSupplierMap @ http://nbcl.localhost:3001/_next/static/chunks/node_modules_next_dist_f3530cac._.js:2297
[  221321ms] [LOG] Detected Host: nbcl.localhost:3001 http://nbcl.localhost:3001/dashboardportal/masters/juteSupplierMap @ http://nbcl.localhost:3001/_next/static/chunks/node_modules_next_dist_f3530cac._.js:2297
[  221410ms] [LOG] Detected Host: nbcl.localhost:3001 http://nbcl.localhost:3001/dashboardportal/masters/juteSupplierMap @ http://nbcl.localhost:3001/_next/static/chunks/node_modules_next_dist_f3530cac._.js:2297
[  221414ms] [LOG] Detected Host: nbcl.localhost:3001 http://nbcl.localhost:3001/dashboardportal/masters/juteSupplierMap @ http://nbcl.localhost:3001/_next/static/chunks/node_modules_next_dist_f3530cac._.js:2297
[  221521ms] [LOG] Detected Host: nbcl.localhost:3001 http://nbcl.localhost:3001/dashboardportal/masters/juteSupplierMap @ http://nbcl.localhost:3001/_next/static/chunks/node_modules_next_dist_f3530cac._.js:2297
[  221528ms] [LOG] Detected Host: nbcl.localhost:3001 http://nbcl.localhost:3001/dashboardportal/masters/juteSupplierMap @ http://nbcl.localhost:3001/_next/static/chunks/node_modules_next_dist_f3530cac._.js:2297
[  221715ms] [LOG] Detected Host: nbcl.localhost:3001 http://nbcl.localhost:3001/dashboardportal/masters/juteSupplierMap @ http://nbcl.localhost:3001/_next/static/chunks/node_modules_next_dist_f3530cac._.js:2297
[  221722ms] [LOG] Detected Host: nbcl.localhost:3001 http://nbcl.localhost:3001/dashboardportal/masters/juteSupplierMap @ http://nbcl.localhost:3001/_next/static/chunks/node_modules_next_dist_f3530cac._.js:2297
[  221937ms] [LOG] Detected Host: nbcl.localhost:3001 http://nbcl.localhost:3001/dashboardportal/masters/juteSupplierMap @ http://nbcl.localhost:3001/_next/static/chunks/node_modules_next_dist_f3530cac._.js:2297
[  221944ms] [LOG] Detected Host: nbcl.localhost:3001 http://nbcl.localhost:3001/dashboardportal/masters/juteSupplierMap @ http://nbcl.localhost:3001/_next/static/chunks/node_modules_next_dist_f3530cac._.js:2297
[  222158ms] [LOG] Detected Host: nbcl.localhost:3001 http://nbcl.localhost:3001/dashboardportal/masters/juteSupplierMap @ http://nbcl.localhost:3001/_next/static/chunks/node_modules_next_dist_f3530cac._.js:2297
[  222159ms] [LOG] Detected Host: nbcl.localhost:3001 http://nbcl.localhost:3001/dashboardportal/masters/juteSupplierMap @ http://nbcl.localhost:3001/_next/static/chunks/node_modules_next_dist_f3530cac._.js:2297
[  223652ms] [LOG] [Fast Refresh] rebuilding @ http://nbcl.localhost:3001/_next/static/chunks/node_modules_next_dist_f3530cac._.js:2297
[  223672ms] [LOG] [Fast Refresh] done in 134ms @ http://nbcl.localhost:3001/_next/static/chunks/node_modules_next_dist_f3530cac._.js:2297
[  223877ms] [INFO] %cDownload the React DevTools for a better development experience: https://react.dev/link/react-devtools font-weight:bold @ http://nbcl.localhost:3001/_next/static/chunks/node_modules_next_dist_f3530cac._.js:2297
[  223913ms] [LOG] [HMR] connected @ http://nbcl.localhost:3001/_next/static/chunks/node_modules_next_dist_f3530cac._.js:2297
[  224087ms] [LOG] Detected Host: nbcl.localhost:3001 http://nbcl.localhost:3001/dashboardportal/jutePurchase/billPass @ http://nbcl.localhost:3001/_next/static/chunks/node_modules_next_dist_f3530cac._.js:2297
[  224087ms] [LOG] Detected Host: nbcl.localhost:3001 http://nbcl.localhost:3001/dashboardportal/jutePurchase/billPass @ http://nbcl.localhost:3001/_next/static/chunks/node_modules_next_dist_f3530cac._.js:2297
[  224182ms] [LOG] Detected Host: nbcl.localhost:3001 http://nbcl.localhost:3001/dashboardportal/jutePurchase/billPass @ http://nbcl.localhost:3001/_next/static/chunks/node_modules_next_dist_f3530cac._.js:2297
[  224185ms] [LOG] Detected Host: nbcl.localhost:3001 http://nbcl.localhost:3001/dashboardportal/jutePurchase/billPass @ http://nbcl.localhost:3001/_next/static/chunks/node_modules_next_dist_f3530cac._.js:2297
[  224319ms] [LOG] Detected Host: nbcl.localhost:3001 http://nbcl.localhost:3001/dashboardportal/jutePurchase/billPass @ http://nbcl.localhost:3001/_next/static/chunks/node_modules_next_dist_f3530cac._.js:2297
[  224327ms] [LOG] Detected Host: nbcl.localhost:3001 http://nbcl.localhost:3001/dashboardportal/jutePurchase/billPass @ http://nbcl.localhost:3001/_next/static/chunks/node_modules_next_dist_f3530cac._.js:2297
[  224560ms] [LOG] Detected Host: nbcl.localhost:3001 http://nbcl.localhost:3001/dashboardportal/jutePurchase/billPass @ http://nbcl.localhost:3001/_next/static/chunks/node_modules_next_dist_f3530cac._.js:2297
[  224564ms] [LOG] Detected Host: nbcl.localhost:3001 http://nbcl.localhost:3001/dashboardportal/jutePurchase/billPass @ http://nbcl.localhost:3001/_next/static/chunks/node_modules_next_dist_f3530cac._.js:2297
[  224860ms] [LOG] Detected Host: nbcl.localhost:3001 http://nbcl.localhost:3001/dashboardportal/jutePurchase/billPass @ http://nbcl.localhost:3001/_next/static/chunks/node_modules_next_dist_f3530cac._.js:2297
[  224866ms] [LOG] Detected Host: nbcl.localhost:3001 http://nbcl.localhost:3001/dashboardportal/jutePurchase/billPass @ http://nbcl.localhost:3001/_next/static/chunks/node_modules_next_dist_f3530cac._.js:2297
[  225100ms] [LOG] Detected Host: nbcl.localhost:3001 http://nbcl.localhost:3001/dashboardportal/jutePurchase/billPass @ http://nbcl.localhost:3001/_next/static/chunks/node_modules_next_dist_f3530cac._.js:2297
[  225101ms] [LOG] Detected Host: nbcl.localhost:3001 http://nbcl.localhost:3001/dashboardportal/jutePurchase/billPass @ http://nbcl.localhost:3001/_next/static/chunks/node_modules_next_dist_f3530cac._.js:2297
[  226616ms] [INFO] %cDownload the React DevTools for a better development experience: https://react.dev/link/react-devtools font-weight:bold @ http://nbcl.localhost:3001/_next/static/chunks/node_modules_next_dist_f3530cac._.js:2297
[  226656ms] [LOG] [HMR] connected @ http://nbcl.localhost:3001/_next/static/chunks/node_modules_next_dist_f3530cac._.js:2297
[  226806ms] [LOG] Detected Host: nbcl.localhost:3001 http://nbcl.localhost:3001/dashboardportal/masters/YarnTypeMaster @ http://nbcl.localhost:3001/_next/static/chunks/node_modules_next_dist_f3530cac._.js:2297
[  226806ms] [LOG] Detected Host: nbcl.localhost:3001 http://nbcl.localhost:3001/dashboardportal/masters/YarnTypeMaster @ http://nbcl.localhost:3001/_next/static/chunks/node_modules_next_dist_f3530cac._.js:2297
[  226898ms] [ERROR] A tree hydrated but some attributes of the server rendered HTML didn't match the client properties. This won't be patched up. This can happen if a SSR-ed Client Component used:

- A server/client branch `if (typeof window !== 'undefined')`.
- Variable input such as `Date.now()` or `Math.random()` which changes each time it's called.
- Date formatting in a user's locale which doesn't match the server.
- External changing data without sending a snapshot of it along with the HTML.
- Invalid HTML tag nesting.

It can also happen if the client has a browser extension installed which messes with the HTML before React loaded.

%s%s https://react.dev/link/hydration-mismatch 

  ...
    <Box className="flex flex-...">
      <Styled(div) as="div" ref={null} className="flex flex-..." theme={{...}} sx={{}}>
        <Insertion>
        <div className="flex flex-...">
          <TextField size="small" value="" onChange={function IndexWrapper.useCallback[handleSearchInputChange]} ...>
            <MuiTextField-root disabled={false} error={false} fullWidth={false} required={false} color="primary" ...>
              <Insertion>
              <FormControl disabled={false} error={false} fullWidth={false} required={false} color="primary" ...>
                <MuiFormControl-root as="div" ownerState={{disabled:false, ...}} className="MuiFormCon..." ref={null}>
                  <Insertion>
                  <div className="MuiFormCon...">
                    <OutlinedInput aria-describedby={undefined} autoComplete={undefined} autoFocus={false} ...>
                      <InputBase slots={{root:{...}, ...}} slotProps={{}} renderSuffix={function renderSuffix} ...>
                        <GlobalStylesWrapper>
                        <MuiOutlinedInput-root ref={null} onClick={function handleClick} ownerState={{slots:{...}, ...}} ...>
                          <Insertion>
                          <div onClick={function handleClick} className="MuiInputBa...">
                            <MuiOutlinedInput-input aria-invalid={false} aria-describedby={undefined} ...>
                              <Insertion>
                              <input
                                aria-invalid={false}
                                aria-describedby={undefined}
                                autoComplete={undefined}
                                autoFocus={false}
                                defaultValue={undefined}
                                disabled={false}
+                               id="_R_3aaatpesne9erllb_"
-                               id="_R_d99bn5ritp9erllb_"
                                onAnimationStart={function handleAutoFill}
                                name={undefined}
                                placeholder="Search by yarn type name or code"
                                readOnly={undefined}
                                required={false}
                                rows={undefined}
                                value=""
                                onKeyDown={undefined}
                                onKeyUp={undefined}
                                type="text"
                                className="MuiInputBase-input MuiOutlinedInput-input MuiInputBase-inputSizeSmall mui-1..."
                                onBlur={function handleBlur}
                                onChange={function handleChange}
                                onFocus={function handleFocus}
                                ref={function useForkRef.useMemo}
                              >
                            ...
 @ http://nbcl.localhost:3001/_next/static/chunks/node_modules_next_dist_f3530cac._.js:3127
[  226925ms] [LOG] Detected Host: nbcl.localhost:3001 http://nbcl.localhost:3001/dashboardportal/masters/YarnTypeMaster @ http://nbcl.localhost:3001/_next/static/chunks/node_modules_next_dist_f3530cac._.js:2297
[  226931ms] [LOG] Detected Host: nbcl.localhost:3001 http://nbcl.localhost:3001/dashboardportal/masters/YarnTypeMaster @ http://nbcl.localhost:3001/_next/static/chunks/node_modules_next_dist_f3530cac._.js:2297
[  227034ms] [LOG] Detected Host: nbcl.localhost:3001 http://nbcl.localhost:3001/dashboardportal/masters/YarnTypeMaster @ http://nbcl.localhost:3001/_next/static/chunks/node_modules_next_dist_f3530cac._.js:2297
[  227037ms] [LOG] Detected Host: nbcl.localhost:3001 http://nbcl.localhost:3001/dashboardportal/masters/YarnTypeMaster @ http://nbcl.localhost:3001/_next/static/chunks/node_modules_next_dist_f3530cac._.js:2297
[  227197ms] [LOG] Detected Host: nbcl.localhost:3001 http://nbcl.localhost:3001/dashboardportal/masters/YarnTypeMaster @ http://nbcl.localhost:3001/_next/static/chunks/node_modules_next_dist_f3530cac._.js:2297
[  227204ms] [LOG] Detected Host: nbcl.localhost:3001 http://nbcl.localhost:3001/dashboardportal/masters/YarnTypeMaster @ http://nbcl.localhost:3001/_next/static/chunks/node_modules_next_dist_f3530cac._.js:2297
[  227420ms] [LOG] Detected Host: nbcl.localhost:3001 http://nbcl.localhost:3001/dashboardportal/masters/YarnTypeMaster @ http://nbcl.localhost:3001/_next/static/chunks/node_modules_next_dist_f3530cac._.js:2297
[  227424ms] [LOG] Detected Host: nbcl.localhost:3001 http://nbcl.localhost:3001/dashboardportal/masters/YarnTypeMaster @ http://nbcl.localhost:3001/_next/static/chunks/node_modules_next_dist_f3530cac._.js:2297
[  227557ms] [LOG] Detected Host: nbcl.localhost:3001 http://nbcl.localhost:3001/dashboardportal/masters/YarnTypeMaster @ http://nbcl.localhost:3001/_next/static/chunks/node_modules_next_dist_f3530cac._.js:2297
[  227559ms] [LOG] Detected Host: nbcl.localhost:3001 http://nbcl.localhost:3001/dashboardportal/masters/YarnTypeMaster @ http://nbcl.localhost:3001/_next/static/chunks/node_modules_next_dist_f3530cac._.js:2297
[  227804ms] [LOG] [Fast Refresh] rebuilding @ http://nbcl.localhost:3001/_next/static/chunks/node_modules_next_dist_f3530cac._.js:2297
[  227805ms] [LOG] [Fast Refresh] done in 116ms @ http://nbcl.localhost:3001/_next/static/chunks/node_modules_next_dist_f3530cac._.js:2297
[  229148ms] [LOG] [Fast Refresh] rebuilding @ http://nbcl.localhost:3001/_next/static/chunks/node_modules_next_dist_f3530cac._.js:2297
[  229169ms] [LOG] [Fast Refresh] done in 128ms @ http://nbcl.localhost:3001/_next/static/chunks/node_modules_next_dist_f3530cac._.js:2297
[  229443ms] [INFO] %cDownload the React DevTools for a better development experience: https://react.dev/link/react-devtools font-weight:bold @ http://nbcl.localhost:3001/_next/static/chunks/node_modules_next_dist_f3530cac._.js:2297
[  229471ms] [LOG] [HMR] connected @ http://nbcl.localhost:3001/_next/static/chunks/node_modules_next_dist_f3530cac._.js:2297
[  229676ms] [LOG] Detected Host: nbcl.localhost:3001 http://nbcl.localhost:3001/dashboardportal/masters/yarnMaster @ http://nbcl.localhost:3001/_next/static/chunks/node_modules_next_dist_f3530cac._.js:2297
[  229677ms] [LOG] Detected Host: nbcl.localhost:3001 http://nbcl.localhost:3001/dashboardportal/masters/yarnMaster @ http://nbcl.localhost:3001/_next/static/chunks/node_modules_next_dist_f3530cac._.js:2297
[  229749ms] [ERROR] A tree hydrated but some attributes of the server rendered HTML didn't match the client properties. This won't be patched up. This can happen if a SSR-ed Client Component used:

- A server/client branch `if (typeof window !== 'undefined')`.
- Variable input such as `Date.now()` or `Math.random()` which changes each time it's called.
- Date formatting in a user's locale which doesn't match the server.
- External changing data without sending a snapshot of it along with the HTML.
- Invalid HTML tag nesting.

It can also happen if the client has a browser extension installed which messes with the HTML before React loaded.

%s%s https://react.dev/link/hydration-mismatch 

  ...
    <Box className="flex flex-...">
      <Styled(div) as="div" ref={null} className="flex flex-..." theme={{...}} sx={{}}>
        <Insertion>
        <div className="flex flex-...">
          <TextField size="small" value="" onChange={function IndexWrapper.useCallback[handleSearchInputChange]} ...>
            <MuiTextField-root disabled={false} error={false} fullWidth={false} required={false} color="primary" ...>
              <Insertion>
              <FormControl disabled={false} error={false} fullWidth={false} required={false} color="primary" ...>
                <MuiFormControl-root as="div" ownerState={{disabled:false, ...}} className="MuiFormCon..." ref={null}>
                  <Insertion>
                  <div className="MuiFormCon...">
                    <OutlinedInput aria-describedby={undefined} autoComplete={undefined} autoFocus={false} ...>
                      <InputBase slots={{root:{...}, ...}} slotProps={{}} renderSuffix={function renderSuffix} ...>
                        <GlobalStylesWrapper>
                        <MuiOutlinedInput-root ref={null} onClick={function handleClick} ownerState={{slots:{...}, ...}} ...>
                          <Insertion>
                          <div onClick={function handleClick} className="MuiInputBa...">
                            <MuiOutlinedInput-input aria-invalid={false} aria-describedby={undefined} ...>
                              <Insertion>
                              <input
                                aria-invalid={false}
                                aria-describedby={undefined}
                                autoComplete={undefined}
                                autoFocus={false}
                                defaultValue={undefined}
                                disabled={false}
+                               id="_R_3aaatpesne9erllb_"
-                               id="_R_d99bn5ritp9erllb_"
                                onAnimationStart={function handleAutoFill}
                                name={undefined}
                                placeholder="Search by name, type, or remarks"
                                readOnly={undefined}
                                required={false}
                                rows={undefined}
                                value=""
                                onKeyDown={undefined}
                                onKeyUp={undefined}
                                type="text"
                                className="MuiInputBase-input MuiOutlinedInput-input MuiInputBase-inputSizeSmall mui-1..."
                                onBlur={function handleBlur}
                                onChange={function handleChange}
                                onFocus={function handleFocus}
                                ref={function useForkRef.useMemo}
                              >
                            ...
 @ http://nbcl.localhost:3001/_next/static/chunks/node_modules_next_dist_f3530cac._.js:3127
[  229772ms] [LOG] Detected Host: nbcl.localhost:3001 http://nbcl.localhost:3001/dashboardportal/masters/yarnMaster @ http://nbcl.localhost:3001/_next/static/chunks/node_modules_next_dist_f3530cac._.js:2297
[  229782ms] [LOG] Detected Host: nbcl.localhost:3001 http://nbcl.localhost:3001/dashboardportal/masters/yarnMaster @ http://nbcl.localhost:3001/_next/static/chunks/node_modules_next_dist_f3530cac._.js:2297
[  229914ms] [LOG] Detected Host: nbcl.localhost:3001 http://nbcl.localhost:3001/dashboardportal/masters/yarnMaster @ http://nbcl.localhost:3001/_next/static/chunks/node_modules_next_dist_f3530cac._.js:2297
[  229918ms] [LOG] Detected Host: nbcl.localhost:3001 http://nbcl.localhost:3001/dashboardportal/masters/yarnMaster @ http://nbcl.localhost:3001/_next/static/chunks/node_modules_next_dist_f3530cac._.js:2297
[  230108ms] [LOG] Detected Host: nbcl.localhost:3001 http://nbcl.localhost:3001/dashboardportal/masters/yarnMaster @ http://nbcl.localhost:3001/_next/static/chunks/node_modules_next_dist_f3530cac._.js:2297
[  230124ms] [LOG] Detected Host: nbcl.localhost:3001 http://nbcl.localhost:3001/dashboardportal/masters/yarnMaster @ http://nbcl.localhost:3001/_next/static/chunks/node_modules_next_dist_f3530cac._.js:2297
[  230413ms] [LOG] Detected Host: nbcl.localhost:3001 http://nbcl.localhost:3001/dashboardportal/masters/yarnMaster @ http://nbcl.localhost:3001/_next/static/chunks/node_modules_next_dist_f3530cac._.js:2297
[  230416ms] [LOG] Detected Host: nbcl.localhost:3001 http://nbcl.localhost:3001/dashboardportal/masters/yarnMaster @ http://nbcl.localhost:3001/_next/static/chunks/node_modules_next_dist_f3530cac._.js:2297
[  230677ms] [LOG] Detected Host: nbcl.localhost:3001 http://nbcl.localhost:3001/dashboardportal/masters/yarnMaster @ http://nbcl.localhost:3001/_next/static/chunks/node_modules_next_dist_f3530cac._.js:2297
[  230680ms] [LOG] Detected Host: nbcl.localhost:3001 http://nbcl.localhost:3001/dashboardportal/masters/yarnMaster @ http://nbcl.localhost:3001/_next/static/chunks/node_modules_next_dist_f3530cac._.js:2297
[  231915ms] [LOG] [Fast Refresh] rebuilding @ http://nbcl.localhost:3001/_next/static/chunks/node_modules_next_dist_f3530cac._.js:2297
[  231942ms] [LOG] [Fast Refresh] done in 131ms @ http://nbcl.localhost:3001/_next/static/chunks/node_modules_next_dist_f3530cac._.js:2297
[  232151ms] [INFO] %cDownload the React DevTools for a better development experience: https://react.dev/link/react-devtools font-weight:bold @ http://nbcl.localhost:3001/_next/static/chunks/node_modules_next_dist_f3530cac._.js:2297
[  232182ms] [LOG] [HMR] connected @ http://nbcl.localhost:3001/_next/static/chunks/node_modules_next_dist_f3530cac._.js:2297
[  232333ms] [LOG] Detected Host: nbcl.localhost:3001 http://nbcl.localhost:3001/dashboardportal/jutePurchase/batchPlanMst @ http://nbcl.localhost:3001/_next/static/chunks/node_modules_next_dist_f3530cac._.js:2297
[  232334ms] [LOG] Detected Host: nbcl.localhost:3001 http://nbcl.localhost:3001/dashboardportal/jutePurchase/batchPlanMst @ http://nbcl.localhost:3001/_next/static/chunks/node_modules_next_dist_f3530cac._.js:2297
[  232379ms] [LOG] Detected Host: nbcl.localhost:3001 http://nbcl.localhost:3001/dashboardportal/jutePurchase/batchPlanMst @ http://nbcl.localhost:3001/_next/static/chunks/node_modules_next_dist_f3530cac._.js:2297
[  232379ms] [LOG] Detected Host: nbcl.localhost:3001 http://nbcl.localhost:3001/dashboardportal/jutePurchase/batchPlanMst @ http://nbcl.localhost:3001/_next/static/chunks/node_modules_next_dist_f3530cac._.js:2297
[  232483ms] [LOG] Detected Host: nbcl.localhost:3001 http://nbcl.localhost:3001/dashboardportal/jutePurchase/batchPlanMst @ http://nbcl.localhost:3001/_next/static/chunks/node_modules_next_dist_f3530cac._.js:2297
[  232489ms] [LOG] Detected Host: nbcl.localhost:3001 http://nbcl.localhost:3001/dashboardportal/jutePurchase/batchPlanMst @ http://nbcl.localhost:3001/_next/static/chunks/node_modules_next_dist_f3530cac._.js:2297
[  232634ms] [LOG] Detected Host: nbcl.localhost:3001 http://nbcl.localhost:3001/dashboardportal/jutePurchase/batchPlanMst @ http://nbcl.localhost:3001/_next/static/chunks/node_modules_next_dist_f3530cac._.js:2297
[  232637ms] [LOG] Detected Host: nbcl.localhost:3001 http://nbcl.localhost:3001/dashboardportal/jutePurchase/batchPlanMst @ http://nbcl.localhost:3001/_next/static/chunks/node_modules_next_dist_f3530cac._.js:2297
[  232751ms] [LOG] Detected Host: nbcl.localhost:3001 http://nbcl.localhost:3001/dashboardportal/jutePurchase/batchPlanMst @ http://nbcl.localhost:3001/_next/static/chunks/node_modules_next_dist_f3530cac._.js:2297
[  232754ms] [LOG] Detected Host: nbcl.localhost:3001 http://nbcl.localhost:3001/dashboardportal/jutePurchase/batchPlanMst @ http://nbcl.localhost:3001/_next/static/chunks/node_modules_next_dist_f3530cac._.js:2297
[  232931ms] [LOG] Detected Host: nbcl.localhost:3001 http://nbcl.localhost:3001/dashboardportal/jutePurchase/batchPlanMst @ http://nbcl.localhost:3001/_next/static/chunks/node_modules_next_dist_f3530cac._.js:2297
[  232935ms] [LOG] Detected Host: nbcl.localhost:3001 http://nbcl.localhost:3001/dashboardportal/jutePurchase/batchPlanMst @ http://nbcl.localhost:3001/_next/static/chunks/node_modules_next_dist_f3530cac._.js:2297
[  233118ms] [LOG] Detected Host: nbcl.localhost:3001 http://nbcl.localhost:3001/dashboardportal/jutePurchase/batchPlanMst @ http://nbcl.localhost:3001/_next/static/chunks/node_modules_next_dist_f3530cac._.js:2297
[  233122ms] [LOG] Detected Host: nbcl.localhost:3001 http://nbcl.localhost:3001/dashboardportal/jutePurchase/batchPlanMst @ http://nbcl.localhost:3001/_next/static/chunks/node_modules_next_dist_f3530cac._.js:2297
[  234696ms] [LOG] [Fast Refresh] rebuilding @ http://nbcl.localhost:3001/_next/static/chunks/node_modules_next_dist_f3530cac._.js:2297
[  234710ms] [LOG] [Fast Refresh] done in 114ms @ http://nbcl.localhost:3001/_next/static/chunks/node_modules_next_dist_f3530cac._.js:2297
[  234906ms] [INFO] %cDownload the React DevTools for a better development experience: https://react.dev/link/react-devtools font-weight:bold @ http://nbcl.localhost:3001/_next/static/chunks/node_modules_next_dist_f3530cac._.js:2297
[  234938ms] [LOG] [HMR] connected @ http://nbcl.localhost:3001/_next/static/chunks/node_modules_next_dist_f3530cac._.js:2297
[  235108ms] [LOG] Detected Host: nbcl.localhost:3001 http://nbcl.localhost:3001/dashboardportal/jutePurchase/juteIssue @ http://nbcl.localhost:3001/_next/static/chunks/node_modules_next_dist_f3530cac._.js:2297
[  235109ms] [LOG] Detected Host: nbcl.localhost:3001 http://nbcl.localhost:3001/dashboardportal/jutePurchase/juteIssue @ http://nbcl.localhost:3001/_next/static/chunks/node_modules_next_dist_f3530cac._.js:2297
[  235243ms] [LOG] Detected Host: nbcl.localhost:3001 http://nbcl.localhost:3001/dashboardportal/jutePurchase/juteIssue @ http://nbcl.localhost:3001/_next/static/chunks/node_modules_next_dist_f3530cac._.js:2297
[  235248ms] [LOG] Detected Host: nbcl.localhost:3001 http://nbcl.localhost:3001/dashboardportal/jutePurchase/juteIssue @ http://nbcl.localhost:3001/_next/static/chunks/node_modules_next_dist_f3530cac._.js:2297
[  235420ms] [LOG] Detected Host: nbcl.localhost:3001 http://nbcl.localhost:3001/dashboardportal/jutePurchase/juteIssue @ http://nbcl.localhost:3001/_next/static/chunks/node_modules_next_dist_f3530cac._.js:2297
[  235427ms] [LOG] Detected Host: nbcl.localhost:3001 http://nbcl.localhost:3001/dashboardportal/jutePurchase/juteIssue @ http://nbcl.localhost:3001/_next/static/chunks/node_modules_next_dist_f3530cac._.js:2297
[  235658ms] [LOG] Detected Host: nbcl.localhost:3001 http://nbcl.localhost:3001/dashboardportal/jutePurchase/juteIssue @ http://nbcl.localhost:3001/_next/static/chunks/node_modules_next_dist_f3530cac._.js:2297
[  235665ms] [LOG] Detected Host: nbcl.localhost:3001 http://nbcl.localhost:3001/dashboardportal/jutePurchase/juteIssue @ http://nbcl.localhost:3001/_next/static/chunks/node_modules_next_dist_f3530cac._.js:2297
[  235939ms] [LOG] Detected Host: nbcl.localhost:3001 http://nbcl.localhost:3001/dashboardportal/jutePurchase/juteIssue @ http://nbcl.localhost:3001/_next/static/chunks/node_modules_next_dist_f3530cac._.js:2297
[  235943ms] [LOG] Detected Host: nbcl.localhost:3001 http://nbcl.localhost:3001/dashboardportal/jutePurchase/juteIssue @ http://nbcl.localhost:3001/_next/static/chunks/node_modules_next_dist_f3530cac._.js:2297
[  236147ms] [LOG] Detected Host: nbcl.localhost:3001 http://nbcl.localhost:3001/dashboardportal/jutePurchase/juteIssue @ http://nbcl.localhost:3001/_next/static/chunks/node_modules_next_dist_f3530cac._.js:2297
[  236150ms] [LOG] Detected Host: nbcl.localhost:3001 http://nbcl.localhost:3001/dashboardportal/jutePurchase/juteIssue @ http://nbcl.localhost:3001/_next/static/chunks/node_modules_next_dist_f3530cac._.js:2297
[  237461ms] [LOG] [Fast Refresh] rebuilding @ http://nbcl.localhost:3001/_next/static/chunks/node_modules_next_dist_f3530cac._.js:2297
[  237506ms] [LOG] [Fast Refresh] done in 147ms @ http://nbcl.localhost:3001/_next/static/chunks/node_modules_next_dist_f3530cac._.js:2297
[  237758ms] [INFO] %cDownload the React DevTools for a better development experience: https://react.dev/link/react-devtools font-weight:bold @ http://nbcl.localhost:3001/_next/static/chunks/node_modules_next_dist_f3530cac._.js:2297
[  237788ms] [LOG] [HMR] connected @ http://nbcl.localhost:3001/_next/static/chunks/node_modules_next_dist_f3530cac._.js:2297
[  237965ms] [LOG] Detected Host: nbcl.localhost:3001 http://nbcl.localhost:3001/dashboardportal/sales @ http://nbcl.localhost:3001/_next/static/chunks/node_modules_next_dist_f3530cac._.js:2297
[  237966ms] [LOG] Detected Host: nbcl.localhost:3001 http://nbcl.localhost:3001/dashboardportal/sales @ http://nbcl.localhost:3001/_next/static/chunks/node_modules_next_dist_f3530cac._.js:2297
[  238021ms] [LOG] [Fast Refresh] rebuilding @ http://nbcl.localhost:3001/_next/static/chunks/node_modules_next_dist_f3530cac._.js:2297
[  238087ms] [LOG] Detected Host: nbcl.localhost:3001 http://nbcl.localhost:3001/dashboardportal/sales @ http://nbcl.localhost:3001/_next/static/chunks/node_modules_next_dist_f3530cac._.js:2297
[  238094ms] [LOG] Detected Host: nbcl.localhost:3001 http://nbcl.localhost:3001/dashboardportal/sales @ http://nbcl.localhost:3001/_next/static/chunks/node_modules_next_dist_f3530cac._.js:2297
[  238281ms] [LOG] Detected Host: nbcl.localhost:3001 http://nbcl.localhost:3001/dashboardportal/sales @ http://nbcl.localhost:3001/_next/static/chunks/node_modules_next_dist_f3530cac._.js:2297
[  238287ms] [LOG] Detected Host: nbcl.localhost:3001 http://nbcl.localhost:3001/dashboardportal/sales @ http://nbcl.localhost:3001/_next/static/chunks/node_modules_next_dist_f3530cac._.js:2297
[  238410ms] [LOG] [Fast Refresh] done in 497ms @ http://nbcl.localhost:3001/_next/static/chunks/node_modules_next_dist_f3530cac._.js:2297
[  238412ms] [LOG] Detected Host: nbcl.localhost:3001 http://nbcl.localhost:3001/dashboardportal/sales @ http://nbcl.localhost:3001/_next/static/chunks/node_modules_next_dist_f3530cac._.js:2297
[  238415ms] [LOG] Detected Host: nbcl.localhost:3001 http://nbcl.localhost:3001/dashboardportal/sales @ http://nbcl.localhost:3001/_next/static/chunks/node_modules_next_dist_f3530cac._.js:2297
[  238499ms] [LOG] Detected Host: nbcl.localhost:3001 http://nbcl.localhost:3001/dashboardportal/sales @ http://nbcl.localhost:3001/_next/static/chunks/node_modules_next_dist_f3530cac._.js:2297
[  238503ms] [LOG] Detected Host: nbcl.localhost:3001 http://nbcl.localhost:3001/dashboardportal/sales @ http://nbcl.localhost:3001/_next/static/chunks/node_modules_next_dist_f3530cac._.js:2297
[  238556ms] [LOG] Detected Host: nbcl.localhost:3001 http://nbcl.localhost:3001/dashboardportal/sales @ http://nbcl.localhost:3001/_next/static/chunks/node_modules_next_dist_f3530cac._.js:2297
[  238558ms] [LOG] Detected Host: nbcl.localhost:3001 http://nbcl.localhost:3001/dashboardportal/sales @ http://nbcl.localhost:3001/_next/static/chunks/node_modules_next_dist_f3530cac._.js:2297
[  240261ms] [LOG] [Fast Refresh] rebuilding @ http://nbcl.localhost:3001/_next/static/chunks/node_modules_next_dist_f3530cac._.js:2297
[  240312ms] [LOG] [Fast Refresh] done in 159ms @ http://nbcl.localhost:3001/_next/static/chunks/node_modules_next_dist_f3530cac._.js:2297
[  240503ms] [INFO] %cDownload the React DevTools for a better development experience: https://react.dev/link/react-devtools font-weight:bold @ http://nbcl.localhost:3001/_next/static/chunks/node_modules_next_dist_f3530cac._.js:2297
[  240531ms] [LOG] [HMR] connected @ http://nbcl.localhost:3001/_next/static/chunks/node_modules_next_dist_f3530cac._.js:2297
[  240719ms] [LOG] Detected Host: nbcl.localhost:3001 http://nbcl.localhost:3001/dashboardportal/sales/quotation @ http://nbcl.localhost:3001/_next/static/chunks/node_modules_next_dist_f3530cac._.js:2297
[  240719ms] [LOG] Detected Host: nbcl.localhost:3001 http://nbcl.localhost:3001/dashboardportal/sales/quotation @ http://nbcl.localhost:3001/_next/static/chunks/node_modules_next_dist_f3530cac._.js:2297
[  240794ms] [ERROR] A tree hydrated but some attributes of the server rendered HTML didn't match the client properties. This won't be patched up. This can happen if a SSR-ed Client Component used:

- A server/client branch `if (typeof window !== 'undefined')`.
- Variable input such as `Date.now()` or `Math.random()` which changes each time it's called.
- Date formatting in a user's locale which doesn't match the server.
- External changing data without sending a snapshot of it along with the HTML.
- Invalid HTML tag nesting.

It can also happen if the client has a browser extension installed which messes with the HTML before React loaded.

%s%s https://react.dev/link/hydration-mismatch 

  ...
    <Box className="flex flex-...">
      <Styled(div) as="div" ref={null} className="flex flex-..." theme={{...}} sx={{}}>
        <Insertion>
        <div className="flex flex-...">
          <TextField size="small" value="" onChange={function IndexWrapper.useCallback[handleSearchInputChange]} ...>
            <MuiTextField-root disabled={false} error={false} fullWidth={false} required={false} color="primary" ...>
              <Insertion>
              <FormControl disabled={false} error={false} fullWidth={false} required={false} color="primary" ...>
                <MuiFormControl-root as="div" ownerState={{disabled:false, ...}} className="MuiFormCon..." ref={null}>
                  <Insertion>
                  <div className="MuiFormCon...">
                    <OutlinedInput aria-describedby={undefined} autoComplete={undefined} autoFocus={false} ...>
                      <InputBase slots={{root:{...}, ...}} slotProps={{}} renderSuffix={function renderSuffix} ...>
                        <GlobalStylesWrapper>
                        <MuiOutlinedInput-root ref={null} onClick={function handleClick} ownerState={{slots:{...}, ...}} ...>
                          <Insertion>
                          <div onClick={function handleClick} className="MuiInputBa...">
                            <MuiOutlinedInput-input aria-invalid={false} aria-describedby={undefined} ...>
                              <Insertion>
                              <input
                                aria-invalid={false}
                                aria-describedby={undefined}
                                autoComplete={undefined}
                                autoFocus={false}
                                defaultValue={undefined}
                                disabled={false}
+                               id="_R_3aaatpesne9erllb_"
-                               id="_R_d99bn5ritp9erllb_"
                                onAnimationStart={function handleAutoFill}
                                name={undefined}
                                placeholder="Search by quotation no., customer, or branch"
                                readOnly={undefined}
                                required={false}
                                rows={undefined}
                                value=""
                                onKeyDown={undefined}
                                onKeyUp={undefined}
                                type="text"
                                className="MuiInputBase-input MuiOutlinedInput-input MuiInputBase-inputSizeSmall mui-1..."
                                onBlur={function handleBlur}
                                onChange={function handleChange}
                                onFocus={function handleFocus}
                                ref={function useForkRef.useMemo}
                              >
                            ...
 @ http://nbcl.localhost:3001/_next/static/chunks/node_modules_next_dist_f3530cac._.js:3127
[  240821ms] [LOG] Detected Host: nbcl.localhost:3001 http://nbcl.localhost:3001/dashboardportal/sales/quotation @ http://nbcl.localhost:3001/_next/static/chunks/node_modules_next_dist_f3530cac._.js:2297
[  240825ms] [LOG] Detected Host: nbcl.localhost:3001 http://nbcl.localhost:3001/dashboardportal/sales/quotation @ http://nbcl.localhost:3001/_next/static/chunks/node_modules_next_dist_f3530cac._.js:2297
[  240961ms] [LOG] Detected Host: nbcl.localhost:3001 http://nbcl.localhost:3001/dashboardportal/sales/quotation @ http://nbcl.localhost:3001/_next/static/chunks/node_modules_next_dist_f3530cac._.js:2297
[  240965ms] [LOG] Detected Host: nbcl.localhost:3001 http://nbcl.localhost:3001/dashboardportal/sales/quotation @ http://nbcl.localhost:3001/_next/static/chunks/node_modules_next_dist_f3530cac._.js:2297
[  241157ms] [LOG] Detected Host: nbcl.localhost:3001 http://nbcl.localhost:3001/dashboardportal/sales/quotation @ http://nbcl.localhost:3001/_next/static/chunks/node_modules_next_dist_f3530cac._.js:2297
[  241162ms] [LOG] Detected Host: nbcl.localhost:3001 http://nbcl.localhost:3001/dashboardportal/sales/quotation @ http://nbcl.localhost:3001/_next/static/chunks/node_modules_next_dist_f3530cac._.js:2297
[  241439ms] [LOG] Detected Host: nbcl.localhost:3001 http://nbcl.localhost:3001/dashboardportal/sales/quotation @ http://nbcl.localhost:3001/_next/static/chunks/node_modules_next_dist_f3530cac._.js:2297
[  241444ms] [LOG] Detected Host: nbcl.localhost:3001 http://nbcl.localhost:3001/dashboardportal/sales/quotation @ http://nbcl.localhost:3001/_next/static/chunks/node_modules_next_dist_f3530cac._.js:2297
[  241688ms] [LOG] Detected Host: nbcl.localhost:3001 http://nbcl.localhost:3001/dashboardportal/sales/quotation @ http://nbcl.localhost:3001/_next/static/chunks/node_modules_next_dist_f3530cac._.js:2297
[  241689ms] [LOG] Detected Host: nbcl.localhost:3001 http://nbcl.localhost:3001/dashboardportal/sales/quotation @ http://nbcl.localhost:3001/_next/static/chunks/node_modules_next_dist_f3530cac._.js:2297
[  242047ms] [LOG] [Fast Refresh] rebuilding @ http://nbcl.localhost:3001/_next/static/chunks/node_modules_next_dist_f3530cac._.js:2297
[  242047ms] [LOG] [Fast Refresh] done in 106ms @ http://nbcl.localhost:3001/_next/static/chunks/node_modules_next_dist_f3530cac._.js:2297
[  243043ms] [LOG] [Fast Refresh] rebuilding @ http://nbcl.localhost:3001/_next/static/chunks/node_modules_next_dist_f3530cac._.js:2297
[  243099ms] [LOG] [Fast Refresh] done in 161ms @ http://nbcl.localhost:3001/_next/static/chunks/node_modules_next_dist_f3530cac._.js:2297
[  243327ms] [INFO] %cDownload the React DevTools for a better development experience: https://react.dev/link/react-devtools font-weight:bold @ http://nbcl.localhost:3001/_next/static/chunks/node_modules_next_dist_f3530cac._.js:2297
[  243365ms] [LOG] [HMR] connected @ http://nbcl.localhost:3001/_next/static/chunks/node_modules_next_dist_f3530cac._.js:2297
[  243507ms] [LOG] Detected Host: nbcl.localhost:3001 http://nbcl.localhost:3001/dashboardportal/sales/salesOrder @ http://nbcl.localhost:3001/_next/static/chunks/node_modules_next_dist_f3530cac._.js:2297
[  243508ms] [LOG] Detected Host: nbcl.localhost:3001 http://nbcl.localhost:3001/dashboardportal/sales/salesOrder @ http://nbcl.localhost:3001/_next/static/chunks/node_modules_next_dist_f3530cac._.js:2297
[  243620ms] [ERROR] A tree hydrated but some attributes of the server rendered HTML didn't match the client properties. This won't be patched up. This can happen if a SSR-ed Client Component used:

- A server/client branch `if (typeof window !== 'undefined')`.
- Variable input such as `Date.now()` or `Math.random()` which changes each time it's called.
- Date formatting in a user's locale which doesn't match the server.
- External changing data without sending a snapshot of it along with the HTML.
- Invalid HTML tag nesting.

It can also happen if the client has a browser extension installed which messes with the HTML before React loaded.

%s%s https://react.dev/link/hydration-mismatch 

  ...
    <Box className="flex flex-...">
      <Styled(div) as="div" ref={null} className="flex flex-..." theme={{...}} sx={{}}>
        <Insertion>
        <div className="flex flex-...">
          <TextField size="small" value="" onChange={function IndexWrapper.useCallback[handleSearchInputChange]} ...>
            <MuiTextField-root disabled={false} error={false} fullWidth={false} required={false} color="primary" ...>
              <Insertion>
              <FormControl disabled={false} error={false} fullWidth={false} required={false} color="primary" ...>
                <MuiFormControl-root as="div" ownerState={{disabled:false, ...}} className="MuiFormCon..." ref={null}>
                  <Insertion>
                  <div className="MuiFormCon...">
                    <OutlinedInput aria-describedby={undefined} autoComplete={undefined} autoFocus={false} ...>
                      <InputBase slots={{root:{...}, ...}} slotProps={{}} renderSuffix={function renderSuffix} ...>
                        <GlobalStylesWrapper>
                        <MuiOutlinedInput-root ref={null} onClick={function handleClick} ownerState={{slots:{...}, ...}} ...>
                          <Insertion>
                          <div onClick={function handleClick} className="MuiInputBa...">
                            <MuiOutlinedInput-input aria-invalid={false} aria-describedby={undefined} ...>
                              <Insertion>
                              <input
                                aria-invalid={false}
                                aria-describedby={undefined}
                                autoComplete={undefined}
                                autoFocus={false}
                                defaultValue={undefined}
                                disabled={false}
+                               id="_R_3aaatpesne9erllb_"
-                               id="_R_d99bn5ritp9erllb_"
                                onAnimationStart={function handleAutoFill}
                                name={undefined}
                                placeholder="Search by SO number, customer, or branch"
                                readOnly={undefined}
                                required={false}
                                rows={undefined}
                                value=""
                                onKeyDown={undefined}
                                onKeyUp={undefined}
                                type="text"
                                className="MuiInputBase-input MuiOutlinedInput-input MuiInputBase-inputSizeSmall mui-1..."
                                onBlur={function handleBlur}
                                onChange={function handleChange}
                                onFocus={function handleFocus}
                                ref={function useForkRef.useMemo}
                              >
                            ...
 @ http://nbcl.localhost:3001/_next/static/chunks/node_modules_next_dist_f3530cac._.js:3127
[  243647ms] [LOG] Detected Host: nbcl.localhost:3001 http://nbcl.localhost:3001/dashboardportal/sales/salesOrder @ http://nbcl.localhost:3001/_next/static/chunks/node_modules_next_dist_f3530cac._.js:2297
[  243651ms] [LOG] Detected Host: nbcl.localhost:3001 http://nbcl.localhost:3001/dashboardportal/sales/salesOrder @ http://nbcl.localhost:3001/_next/static/chunks/node_modules_next_dist_f3530cac._.js:2297
[  243773ms] [LOG] Detected Host: nbcl.localhost:3001 http://nbcl.localhost:3001/dashboardportal/sales/salesOrder @ http://nbcl.localhost:3001/_next/static/chunks/node_modules_next_dist_f3530cac._.js:2297
[  243782ms] [LOG] Detected Host: nbcl.localhost:3001 http://nbcl.localhost:3001/dashboardportal/sales/salesOrder @ http://nbcl.localhost:3001/_next/static/chunks/node_modules_next_dist_f3530cac._.js:2297
[  243954ms] [LOG] Detected Host: nbcl.localhost:3001 http://nbcl.localhost:3001/dashboardportal/sales/salesOrder @ http://nbcl.localhost:3001/_next/static/chunks/node_modules_next_dist_f3530cac._.js:2297
[  243957ms] [LOG] Detected Host: nbcl.localhost:3001 http://nbcl.localhost:3001/dashboardportal/sales/salesOrder @ http://nbcl.localhost:3001/_next/static/chunks/node_modules_next_dist_f3530cac._.js:2297
[  244252ms] [LOG] Detected Host: nbcl.localhost:3001 http://nbcl.localhost:3001/dashboardportal/sales/salesOrder @ http://nbcl.localhost:3001/_next/static/chunks/node_modules_next_dist_f3530cac._.js:2297
[  244255ms] [LOG] Detected Host: nbcl.localhost:3001 http://nbcl.localhost:3001/dashboardportal/sales/salesOrder @ http://nbcl.localhost:3001/_next/static/chunks/node_modules_next_dist_f3530cac._.js:2297
[  244545ms] [LOG] Detected Host: nbcl.localhost:3001 http://nbcl.localhost:3001/dashboardportal/sales/salesOrder @ http://nbcl.localhost:3001/_next/static/chunks/node_modules_next_dist_f3530cac._.js:2297
[  244546ms] [LOG] Detected Host: nbcl.localhost:3001 http://nbcl.localhost:3001/dashboardportal/sales/salesOrder @ http://nbcl.localhost:3001/_next/static/chunks/node_modules_next_dist_f3530cac._.js:2297
[  244896ms] [LOG] [Fast Refresh] rebuilding @ http://nbcl.localhost:3001/_next/static/chunks/node_modules_next_dist_f3530cac._.js:2297
[  244897ms] [LOG] [Fast Refresh] done in 107ms @ http://nbcl.localhost:3001/_next/static/chunks/node_modules_next_dist_f3530cac._.js:2297
[  258252ms] [LOG] [Fast Refresh] rebuilding @ http://nbcl.localhost:3001/_next/static/chunks/node_modules_next_dist_f3530cac._.js:2297
[  258273ms] [LOG] [Fast Refresh] done in 129ms @ http://nbcl.localhost:3001/_next/static/chunks/node_modules_next_dist_f3530cac._.js:2297
[  258520ms] [INFO] %cDownload the React DevTools for a better development experience: https://react.dev/link/react-devtools font-weight:bold @ http://nbcl.localhost:3001/_next/static/chunks/node_modules_next_dist_f3530cac._.js:2297
[  258562ms] [LOG] [HMR] connected @ http://nbcl.localhost:3001/_next/static/chunks/node_modules_next_dist_f3530cac._.js:2297
[  258739ms] [LOG] Detected Host: nbcl.localhost:3001 http://nbcl.localhost:3001/dashboardportal/sales/deliveryOrder @ http://nbcl.localhost:3001/_next/static/chunks/node_modules_next_dist_f3530cac._.js:2297
[  258739ms] [LOG] Detected Host: nbcl.localhost:3001 http://nbcl.localhost:3001/dashboardportal/sales/deliveryOrder @ http://nbcl.localhost:3001/_next/static/chunks/node_modules_next_dist_f3530cac._.js:2297
[  258882ms] [LOG] Detected Host: nbcl.localhost:3001 http://nbcl.localhost:3001/dashboardportal/sales/deliveryOrder @ http://nbcl.localhost:3001/_next/static/chunks/node_modules_next_dist_f3530cac._.js:2297
[  258889ms] [LOG] Detected Host: nbcl.localhost:3001 http://nbcl.localhost:3001/dashboardportal/sales/deliveryOrder @ http://nbcl.localhost:3001/_next/static/chunks/node_modules_next_dist_f3530cac._.js:2297
[  259086ms] [LOG] Detected Host: nbcl.localhost:3001 http://nbcl.localhost:3001/dashboardportal/sales/deliveryOrder @ http://nbcl.localhost:3001/_next/static/chunks/node_modules_next_dist_f3530cac._.js:2297
[  259094ms] [LOG] Detected Host: nbcl.localhost:3001 http://nbcl.localhost:3001/dashboardportal/sales/deliveryOrder @ http://nbcl.localhost:3001/_next/static/chunks/node_modules_next_dist_f3530cac._.js:2297
[  259341ms] [LOG] Detected Host: nbcl.localhost:3001 http://nbcl.localhost:3001/dashboardportal/sales/deliveryOrder @ http://nbcl.localhost:3001/_next/static/chunks/node_modules_next_dist_f3530cac._.js:2297
[  259349ms] [LOG] Detected Host: nbcl.localhost:3001 http://nbcl.localhost:3001/dashboardportal/sales/deliveryOrder @ http://nbcl.localhost:3001/_next/static/chunks/node_modules_next_dist_f3530cac._.js:2297
[  259635ms] [LOG] Detected Host: nbcl.localhost:3001 http://nbcl.localhost:3001/dashboardportal/sales/deliveryOrder @ http://nbcl.localhost:3001/_next/static/chunks/node_modules_next_dist_f3530cac._.js:2297
[  259638ms] [LOG] Detected Host: nbcl.localhost:3001 http://nbcl.localhost:3001/dashboardportal/sales/deliveryOrder @ http://nbcl.localhost:3001/_next/static/chunks/node_modules_next_dist_f3530cac._.js:2297
[  259946ms] [LOG] Detected Host: nbcl.localhost:3001 http://nbcl.localhost:3001/dashboardportal/sales/deliveryOrder @ http://nbcl.localhost:3001/_next/static/chunks/node_modules_next_dist_f3530cac._.js:2297
[  259948ms] [LOG] Detected Host: nbcl.localhost:3001 http://nbcl.localhost:3001/dashboardportal/sales/deliveryOrder @ http://nbcl.localhost:3001/_next/static/chunks/node_modules_next_dist_f3530cac._.js:2297
[  261050ms] [LOG] [Fast Refresh] rebuilding @ http://nbcl.localhost:3001/_next/static/chunks/node_modules_next_dist_f3530cac._.js:2297
[  261067ms] [LOG] [Fast Refresh] done in 119ms @ http://nbcl.localhost:3001/_next/static/chunks/node_modules_next_dist_f3530cac._.js:2297
[  261298ms] [INFO] %cDownload the React DevTools for a better development experience: https://react.dev/link/react-devtools font-weight:bold @ http://nbcl.localhost:3001/_next/static/chunks/node_modules_next_dist_f3530cac._.js:2297
[  261334ms] [LOG] [HMR] connected @ http://nbcl.localhost:3001/_next/static/chunks/node_modules_next_dist_f3530cac._.js:2297
[  261508ms] [LOG] Detected Host: nbcl.localhost:3001 http://nbcl.localhost:3001/dashboardportal/sales/salesInvoice @ http://nbcl.localhost:3001/_next/static/chunks/node_modules_next_dist_f3530cac._.js:2297
[  261509ms] [LOG] Detected Host: nbcl.localhost:3001 http://nbcl.localhost:3001/dashboardportal/sales/salesInvoice @ http://nbcl.localhost:3001/_next/static/chunks/node_modules_next_dist_f3530cac._.js:2297
[  261596ms] [ERROR] A tree hydrated but some attributes of the server rendered HTML didn't match the client properties. This won't be patched up. This can happen if a SSR-ed Client Component used:

- A server/client branch `if (typeof window !== 'undefined')`.
- Variable input such as `Date.now()` or `Math.random()` which changes each time it's called.
- Date formatting in a user's locale which doesn't match the server.
- External changing data without sending a snapshot of it along with the HTML.
- Invalid HTML tag nesting.

It can also happen if the client has a browser extension installed which messes with the HTML before React loaded.

%s%s https://react.dev/link/hydration-mismatch 

  ...
    <Box className="flex flex-...">
      <Styled(div) as="div" ref={null} className="flex flex-..." theme={{...}} sx={{}}>
        <Insertion>
        <div className="flex flex-...">
          <TextField size="small" value="" onChange={function IndexWrapper.useCallback[handleSearchInputChange]} ...>
            <MuiTextField-root disabled={false} error={false} fullWidth={false} required={false} color="primary" ...>
              <Insertion>
              <FormControl disabled={false} error={false} fullWidth={false} required={false} color="primary" ...>
                <MuiFormControl-root as="div" ownerState={{disabled:false, ...}} className="MuiFormCon..." ref={null}>
                  <Insertion>
                  <div className="MuiFormCon...">
                    <OutlinedInput aria-describedby={undefined} autoComplete={undefined} autoFocus={false} ...>
                      <InputBase slots={{root:{...}, ...}} slotProps={{}} renderSuffix={function renderSuffix} ...>
                        <GlobalStylesWrapper>
                        <MuiOutlinedInput-root ref={null} onClick={function handleClick} ownerState={{slots:{...}, ...}} ...>
                          <Insertion>
                          <div onClick={function handleClick} className="MuiInputBa...">
                            <MuiOutlinedInput-input aria-invalid={false} aria-describedby={undefined} ...>
                              <Insertion>
                              <input
                                aria-invalid={false}
                                aria-describedby={undefined}
                                autoComplete={undefined}
                                autoFocus={false}
                                defaultValue={undefined}
                                disabled={false}
+                               id="_R_3aaatpesne9erllb_"
-                               id="_R_d99bn5ritp9erllb_"
                                onAnimationStart={function handleAutoFill}
                                name={undefined}
                                placeholder="Search by invoice no., customer, or branch"
                                readOnly={undefined}
                                required={false}
                                rows={undefined}
                                value=""
                                onKeyDown={undefined}
                                onKeyUp={undefined}
                                type="text"
                                className="MuiInputBase-input MuiOutlinedInput-input MuiInputBase-inputSizeSmall mui-1..."
                                onBlur={function handleBlur}
                                onChange={function handleChange}
                                onFocus={function handleFocus}
                                ref={function useForkRef.useMemo}
                              >
                            ...
 @ http://nbcl.localhost:3001/_next/static/chunks/node_modules_next_dist_f3530cac._.js:3127
[  261628ms] [LOG] Detected Host: nbcl.localhost:3001 http://nbcl.localhost:3001/dashboardportal/sales/salesInvoice @ http://nbcl.localhost:3001/_next/static/chunks/node_modules_next_dist_f3530cac._.js:2297
[  261633ms] [LOG] Detected Host: nbcl.localhost:3001 http://nbcl.localhost:3001/dashboardportal/sales/salesInvoice @ http://nbcl.localhost:3001/_next/static/chunks/node_modules_next_dist_f3530cac._.js:2297
[  261706ms] [LOG] Detected Host: nbcl.localhost:3001 http://nbcl.localhost:3001/dashboardportal/sales/salesInvoice @ http://nbcl.localhost:3001/_next/static/chunks/node_modules_next_dist_f3530cac._.js:2297
[  261709ms] [LOG] Detected Host: nbcl.localhost:3001 http://nbcl.localhost:3001/dashboardportal/sales/salesInvoice @ http://nbcl.localhost:3001/_next/static/chunks/node_modules_next_dist_f3530cac._.js:2297
[  261934ms] [LOG] Detected Host: nbcl.localhost:3001 http://nbcl.localhost:3001/dashboardportal/sales/salesInvoice @ http://nbcl.localhost:3001/_next/static/chunks/node_modules_next_dist_f3530cac._.js:2297
[  261937ms] [LOG] Detected Host: nbcl.localhost:3001 http://nbcl.localhost:3001/dashboardportal/sales/salesInvoice @ http://nbcl.localhost:3001/_next/static/chunks/node_modules_next_dist_f3530cac._.js:2297
[  262228ms] [LOG] Detected Host: nbcl.localhost:3001 http://nbcl.localhost:3001/dashboardportal/sales/salesInvoice @ http://nbcl.localhost:3001/_next/static/chunks/node_modules_next_dist_f3530cac._.js:2297
[  262233ms] [LOG] Detected Host: nbcl.localhost:3001 http://nbcl.localhost:3001/dashboardportal/sales/salesInvoice @ http://nbcl.localhost:3001/_next/static/chunks/node_modules_next_dist_f3530cac._.js:2297
[  262439ms] [LOG] Detected Host: nbcl.localhost:3001 http://nbcl.localhost:3001/dashboardportal/sales/salesInvoice @ http://nbcl.localhost:3001/_next/static/chunks/node_modules_next_dist_f3530cac._.js:2297
[  262441ms] [LOG] Detected Host: nbcl.localhost:3001 http://nbcl.localhost:3001/dashboardportal/sales/salesInvoice @ http://nbcl.localhost:3001/_next/static/chunks/node_modules_next_dist_f3530cac._.js:2297
[  262887ms] [LOG] [Fast Refresh] rebuilding @ http://nbcl.localhost:3001/_next/static/chunks/node_modules_next_dist_f3530cac._.js:2297
[  262921ms] [LOG] [Fast Refresh] done in 134ms @ http://nbcl.localhost:3001/_next/static/chunks/node_modules_next_dist_f3530cac._.js:2297
[  263849ms] [LOG] [Fast Refresh] rebuilding @ http://nbcl.localhost:3001/_next/static/chunks/node_modules_next_dist_f3530cac._.js:2297
[  263856ms] [LOG] [Fast Refresh] done in 122ms @ http://nbcl.localhost:3001/_next/static/chunks/node_modules_next_dist_f3530cac._.js:2297
[  264116ms] [INFO] %cDownload the React DevTools for a better development experience: https://react.dev/link/react-devtools font-weight:bold @ http://nbcl.localhost:3001/_next/static/chunks/node_modules_next_dist_f3530cac._.js:2297
[  264156ms] [LOG] [HMR] connected @ http://nbcl.localhost:3001/_next/static/chunks/node_modules_next_dist_f3530cac._.js:2297
[  264394ms] [LOG] Detected Host: nbcl.localhost:3001 http://nbcl.localhost:3001/dashboardportal/jutePurchase/batchPlan @ http://nbcl.localhost:3001/_next/static/chunks/node_modules_next_dist_f3530cac._.js:2297
[  264395ms] [LOG] Detected Host: nbcl.localhost:3001 http://nbcl.localhost:3001/dashboardportal/jutePurchase/batchPlan @ http://nbcl.localhost:3001/_next/static/chunks/node_modules_next_dist_f3530cac._.js:2297
[  264495ms] [ERROR] A tree hydrated but some attributes of the server rendered HTML didn't match the client properties. This won't be patched up. This can happen if a SSR-ed Client Component used:

- A server/client branch `if (typeof window !== 'undefined')`.
- Variable input such as `Date.now()` or `Math.random()` which changes each time it's called.
- Date formatting in a user's locale which doesn't match the server.
- External changing data without sending a snapshot of it along with the HTML.
- Invalid HTML tag nesting.

It can also happen if the client has a browser extension installed which messes with the HTML before React loaded.

%s%s https://react.dev/link/hydration-mismatch 

  ...
    <div className="mb-6 flex ...">
      <Box className="flex flex-...">
        <Styled(div) as="div" ref={null} className="flex flex-..." theme={{...}} sx={{}}>
          <Insertion>
          <div className="flex flex-...">
            <DateRangeToolbar fromDate="" toDate="" ...>
              <TextField size="small" type="date" label="From" value="" ...>
                <MuiTextField-root disabled={false} error={false} fullWidth={false} required={false} color="primary" ...>
                  <Insertion>
                  <FormControl disabled={false} error={false} fullWidth={false} required={false} color="primary" ...>
                    <MuiFormControl-root as="div" ownerState={{disabled:false, ...}} className="MuiFormCon..." ref={null}>
                      <Insertion>
                      <div className="MuiFormCon...">
                        <InputLabel htmlFor="_R_36aatpe..." id="_R_36aatpe..." shrink={true} ref={null} ...>
                          <MuiInputLabel-root data-shrink={true} ref={null} className="MuiInputLa..." ...>
                            <Insertion>
                            <FormLabel data-shrink={true} className="MuiInputLa..." htmlFor="_R_36aatpe..." ...>
                              <MuiFormLabel-root as="label" ownerState={{...}} className="MuiFormLab..." ref={null} ...>
                                <Insertion>
                                <label
                                  className="MuiFormLabel-root MuiInputLabel-root MuiInputLabel-formControl MuiInputLa..."
                                  data-shrink={true}
+                                 htmlFor="_R_36aatpesne9erllb_"
-                                 htmlFor="_R_cp9bn5ritp9erllb_"
+                                 id="_R_36aatpesne9erllb_-label"
-                                 id="_R_cp9bn5ritp9erllb_-label"
                                >
                        ...
                          <MuiOutlinedInput-root ref={null} onClick={function handleClick} ...>
                            <Insertion>
                            <div onClick={function handleClick} className="MuiInputBa...">
                              <MuiOutlinedInput-input aria-invalid={false} aria-describedby={undefined} ...>
                                <Insertion>
                                <input
                                  aria-invalid={false}
                                  aria-describedby={undefined}
                                  autoComplete={undefined}
                                  autoFocus={false}
                                  defaultValue={undefined}
                                  disabled={false}
+                                 id="_R_36aatpesne9erllb_"
-                                 id="_R_cp9bn5ritp9erllb_"
                                  onAnimationStart={function handleAutoFill}
                                  name={undefined}
                                  placeholder={undefined}
                                  readOnly={undefined}
                                  required={false}
                                  rows={undefined}
                                  value=""
                                  onKeyDown={undefined}
                                  onKeyUp={undefined}
                                  type="date"
                                  className="MuiInputBase-input MuiOutlinedInput-input MuiInputBase-inputSizeSmall mui..."
                                  onBlur={function handleBlur}
                                  onChange={function handleChange}
                                  onFocus={function handleFocus}
                                  ref={function useForkRef.useMemo}
                                >
                              ...
              <TextField size="small" type="date" label="To" value="" ...>
                <MuiTextField-root disabled={false} error={false} fullWidth={false} required={false} color="primary" ...>
                  <Insertion>
                  <FormControl disabled={false} error={false} fullWidth={false} required={false} color="primary" ...>
                    <MuiFormControl-root as="div" ownerState={{disabled:false, ...}} className="MuiFormCon..." ref={null}>
                      <Insertion>
                      <div className="MuiFormCon...">
                        <InputLabel htmlFor="_R_56aatpe..." id="_R_56aatpe..." shrink={true} ref={null} ...>
                          <MuiInputLabel-root data-shrink={true} ref={null} className="MuiInputLa..." ...>
                            <Insertion>
                            <FormLabel data-shrink={true} className="MuiInputLa..." htmlFor="_R_56aatpe..." ...>
                              <MuiFormLabel-root as="label" ownerState={{...}} className="MuiFormLab..." ref={null} ...>
                                <Insertion>
                                <label
                                  className="MuiFormLabel-root MuiInputLabel-root MuiInputLabel-formControl MuiInputLa..."
                                  data-shrink={true}
+                                 htmlFor="_R_56aatpesne9erllb_"
-                                 htmlFor="_R_kp9bn5ritp9erllb_"
+                                 id="_R_56aatpesne9erllb_-label"
-                                 id="_R_kp9bn5ritp9erllb_-label"
                                >
                        ...
                          <MuiOutlinedInput-root ref={null} onClick={function handleClick} ...>
                            <Insertion>
                            <div onClick={function handleClick} className="MuiInputBa...">
                              <MuiOutlinedInput-input aria-invalid={false} aria-describedby={undefined} ...>
                                <Insertion>
                                <input
                                  aria-invalid={false}
                                  aria-describedby={undefined}
                                  autoComplete={undefined}
                                  autoFocus={false}
                                  defaultValue={undefined}
                                  disabled={false}
+                                 id="_R_56aatpesne9erllb_"
-                                 id="_R_kp9bn5ritp9erllb_"
                                  onAnimationStart={function handleAutoFill}
                                  name={undefined}
                                  placeholder={undefined}
                                  readOnly={undefined}
                                  required={false}
                                  rows={undefined}
                                  value=""
                                  onKeyDown={undefined}
                                  onKeyUp={undefined}
                                  type="date"
                                  className="MuiInputBase-input MuiOutlinedInput-input MuiInputBase-inputSizeSmall mui..."
                                  onBlur={function handleBlur}
                                  onChange={function handleChange}
                                  onFocus={function handleFocus}
                                  ref={function useForkRef.useMemo}
                                >
                              ...
      ...
        <div className="flex flex-...">
          <TextField size="small" value="" onChange={function IndexWrapper.useCallback[handleSearchInputChange]} ...>
            <MuiTextField-root disabled={false} error={false} fullWidth={false} required={false} color="primary" ...>
              <Insertion>
              <FormControl disabled={false} error={false} fullWidth={false} required={false} color="primary" ...>
                <MuiFormControl-root as="div" ownerState={{disabled:false, ...}} className="MuiFormCon..." ref={null}>
                  <Insertion>
                  <div className="MuiFormCon...">
                    <OutlinedInput aria-describedby={undefined} autoComplete={undefined} autoFocus={false} ...>
                      <InputBase slots={{root:{...}, ...}} slotProps={{}} renderSuffix={function renderSuffix} ...>
                        <GlobalStylesWrapper>
                        <MuiOutlinedInput-root ref={null} onClick={function handleClick} ownerState={{slots:{...}, ...}} ...>
                          <Insertion>
                          <div onClick={function handleClick} className="MuiInputBa...">
                            <MuiOutlinedInput-input aria-invalid={false} aria-describedby={undefined} ...>
                              <Insertion>
                              <input
                                aria-invalid={false}
                                aria-describedby={undefined}
                                autoComplete={undefined}
                                autoFocus={false}
                                defaultValue={undefined}
                                disabled={false}
+                               id="_R_3aaatpesne9erllb_"
-                               id="_R_d99bn5ritp9erllb_"
                                onAnimationStart={function handleAutoFill}
                                name={undefined}
                                placeholder="Search by date or branch"
                                readOnly={undefined}
                                required={false}
                                rows={undefined}
                                value=""
                                onKeyDown={undefined}
                                onKeyUp={undefined}
                                type="text"
                                className="MuiInputBase-input MuiOutlinedInput-input MuiInputBase-inputSizeSmall mui-1..."
                                onBlur={function handleBlur}
                                onChange={function handleChange}
                                onFocus={function handleFocus}
                                ref={function useForkRef.useMemo}
                              >
                            ...
 @ http://nbcl.localhost:3001/_next/static/chunks/node_modules_next_dist_f3530cac._.js:3127
[  264526ms] [LOG] Detected Host: nbcl.localhost:3001 http://nbcl.localhost:3001/dashboardportal/jutePurchase/batchPlan @ http://nbcl.localhost:3001/_next/static/chunks/node_modules_next_dist_f3530cac._.js:2297
[  264533ms] [LOG] Detected Host: nbcl.localhost:3001 http://nbcl.localhost:3001/dashboardportal/jutePurchase/batchPlan @ http://nbcl.localhost:3001/_next/static/chunks/node_modules_next_dist_f3530cac._.js:2297
[  264722ms] [LOG] Detected Host: nbcl.localhost:3001 http://nbcl.localhost:3001/dashboardportal/jutePurchase/batchPlan @ http://nbcl.localhost:3001/_next/static/chunks/node_modules_next_dist_f3530cac._.js:2297
[  264732ms] [LOG] Detected Host: nbcl.localhost:3001 http://nbcl.localhost:3001/dashboardportal/jutePurchase/batchPlan @ http://nbcl.localhost:3001/_next/static/chunks/node_modules_next_dist_f3530cac._.js:2297
[  264958ms] [LOG] Detected Host: nbcl.localhost:3001 http://nbcl.localhost:3001/dashboardportal/jutePurchase/batchPlan @ http://nbcl.localhost:3001/_next/static/chunks/node_modules_next_dist_f3530cac._.js:2297
[  264966ms] [LOG] Detected Host: nbcl.localhost:3001 http://nbcl.localhost:3001/dashboardportal/jutePurchase/batchPlan @ http://nbcl.localhost:3001/_next/static/chunks/node_modules_next_dist_f3530cac._.js:2297
[  265142ms] [LOG] Detected Host: nbcl.localhost:3001 http://nbcl.localhost:3001/dashboardportal/jutePurchase/batchPlan @ http://nbcl.localhost:3001/_next/static/chunks/node_modules_next_dist_f3530cac._.js:2297
[  265149ms] [LOG] Detected Host: nbcl.localhost:3001 http://nbcl.localhost:3001/dashboardportal/jutePurchase/batchPlan @ http://nbcl.localhost:3001/_next/static/chunks/node_modules_next_dist_f3530cac._.js:2297
[  265319ms] [LOG] Detected Host: nbcl.localhost:3001 http://nbcl.localhost:3001/dashboardportal/jutePurchase/batchPlan @ http://nbcl.localhost:3001/_next/static/chunks/node_modules_next_dist_f3530cac._.js:2297
[  265321ms] [LOG] Detected Host: nbcl.localhost:3001 http://nbcl.localhost:3001/dashboardportal/jutePurchase/batchPlan @ http://nbcl.localhost:3001/_next/static/chunks/node_modules_next_dist_f3530cac._.js:2297
[  265747ms] [LOG] [Fast Refresh] rebuilding @ http://nbcl.localhost:3001/_next/static/chunks/node_modules_next_dist_f3530cac._.js:2297
[  265751ms] [LOG] [Fast Refresh] done in 114ms @ http://nbcl.localhost:3001/_next/static/chunks/node_modules_next_dist_f3530cac._.js:2297
[  266631ms] [LOG] [Fast Refresh] rebuilding @ http://nbcl.localhost:3001/_next/static/chunks/node_modules_next_dist_f3530cac._.js:2297
[  266651ms] [LOG] [Fast Refresh] done in 125ms @ http://nbcl.localhost:3001/_next/static/chunks/node_modules_next_dist_f3530cac._.js:2297
[  266893ms] [INFO] %cDownload the React DevTools for a better development experience: https://react.dev/link/react-devtools font-weight:bold @ http://nbcl.localhost:3001/_next/static/chunks/node_modules_next_dist_f3530cac._.js:2297
[  266925ms] [LOG] [HMR] connected @ http://nbcl.localhost:3001/_next/static/chunks/node_modules_next_dist_f3530cac._.js:2297
[  267108ms] [LOG] Detected Host: nbcl.localhost:3001 http://nbcl.localhost:3001/dashboardportal/procurement/reports @ http://nbcl.localhost:3001/_next/static/chunks/node_modules_next_dist_f3530cac._.js:2297
[  267108ms] [LOG] Detected Host: nbcl.localhost:3001 http://nbcl.localhost:3001/dashboardportal/procurement/reports @ http://nbcl.localhost:3001/_next/static/chunks/node_modules_next_dist_f3530cac._.js:2297
[  267166ms] [LOG] Detected Host: nbcl.localhost:3001 http://nbcl.localhost:3001/dashboardportal/procurement/reports @ http://nbcl.localhost:3001/_next/static/chunks/node_modules_next_dist_f3530cac._.js:2297
[  267167ms] [LOG] Detected Host: nbcl.localhost:3001 http://nbcl.localhost:3001/dashboardportal/procurement/reports @ http://nbcl.localhost:3001/_next/static/chunks/node_modules_next_dist_f3530cac._.js:2297
[  267214ms] [LOG] Detected Host: nbcl.localhost:3001 http://nbcl.localhost:3001/dashboardportal/procurement/reports @ http://nbcl.localhost:3001/_next/static/chunks/node_modules_next_dist_f3530cac._.js:2297
[  267217ms] [LOG] Detected Host: nbcl.localhost:3001 http://nbcl.localhost:3001/dashboardportal/procurement/reports @ http://nbcl.localhost:3001/_next/static/chunks/node_modules_next_dist_f3530cac._.js:2297
[  267255ms] [LOG] Detected Host: nbcl.localhost:3001 http://nbcl.localhost:3001/dashboardportal/procurement/reports @ http://nbcl.localhost:3001/_next/static/chunks/node_modules_next_dist_f3530cac._.js:2297
[  267258ms] [LOG] Detected Host: nbcl.localhost:3001 http://nbcl.localhost:3001/dashboardportal/procurement/reports @ http://nbcl.localhost:3001/_next/static/chunks/node_modules_next_dist_f3530cac._.js:2297
[  267355ms] [LOG] Detected Host: nbcl.localhost:3001 http://nbcl.localhost:3001/dashboardportal/procurement/reports @ http://nbcl.localhost:3001/_next/static/chunks/node_modules_next_dist_f3530cac._.js:2297
[  267363ms] [LOG] Detected Host: nbcl.localhost:3001 http://nbcl.localhost:3001/dashboardportal/procurement/reports @ http://nbcl.localhost:3001/_next/static/chunks/node_modules_next_dist_f3530cac._.js:2297
[  267650ms] [LOG] Detected Host: nbcl.localhost:3001 http://nbcl.localhost:3001/dashboardportal/procurement/reports @ http://nbcl.localhost:3001/_next/static/chunks/node_modules_next_dist_f3530cac._.js:2297
[  267654ms] [LOG] Detected Host: nbcl.localhost:3001 http://nbcl.localhost:3001/dashboardportal/procurement/reports @ http://nbcl.localhost:3001/_next/static/chunks/node_modules_next_dist_f3530cac._.js:2297
[  267966ms] [LOG] Detected Host: nbcl.localhost:3001 http://nbcl.localhost:3001/dashboardportal/procurement/reports @ http://nbcl.localhost:3001/_next/static/chunks/node_modules_next_dist_f3530cac._.js:2297
[  267971ms] [LOG] Detected Host: nbcl.localhost:3001 http://nbcl.localhost:3001/dashboardportal/procurement/reports @ http://nbcl.localhost:3001/_next/static/chunks/node_modules_next_dist_f3530cac._.js:2297
[  269430ms] [LOG] [Fast Refresh] rebuilding @ http://nbcl.localhost:3001/_next/static/chunks/node_modules_next_dist_f3530cac._.js:2297
[  269476ms] [LOG] [Fast Refresh] done in 150ms @ http://nbcl.localhost:3001/_next/static/chunks/node_modules_next_dist_f3530cac._.js:2297
[  269702ms] [INFO] %cDownload the React DevTools for a better development experience: https://react.dev/link/react-devtools font-weight:bold @ http://nbcl.localhost:3001/_next/static/chunks/node_modules_next_dist_f3530cac._.js:2297
[  269741ms] [LOG] [HMR] connected @ http://nbcl.localhost:3001/_next/static/chunks/node_modules_next_dist_f3530cac._.js:2297
[  269888ms] [LOG] Detected Host: nbcl.localhost:3001 http://nbcl.localhost:3001/dashboardportal/inventory/reports @ http://nbcl.localhost:3001/_next/static/chunks/node_modules_next_dist_f3530cac._.js:2297
[  269889ms] [LOG] Detected Host: nbcl.localhost:3001 http://nbcl.localhost:3001/dashboardportal/inventory/reports @ http://nbcl.localhost:3001/_next/static/chunks/node_modules_next_dist_f3530cac._.js:2297
[  269955ms] [LOG] [Fast Refresh] rebuilding @ http://nbcl.localhost:3001/_next/static/chunks/node_modules_next_dist_f3530cac._.js:2297
[  270031ms] [LOG] Detected Host: nbcl.localhost:3001 http://nbcl.localhost:3001/dashboardportal/inventory/reports @ http://nbcl.localhost:3001/_next/static/chunks/node_modules_next_dist_f3530cac._.js:2297
[  270042ms] [LOG] Detected Host: nbcl.localhost:3001 http://nbcl.localhost:3001/dashboardportal/inventory/reports @ http://nbcl.localhost:3001/_next/static/chunks/node_modules_next_dist_f3530cac._.js:2297
[  270143ms] [LOG] Detected Host: nbcl.localhost:3001 http://nbcl.localhost:3001/dashboardportal/inventory/reports @ http://nbcl.localhost:3001/_next/static/chunks/node_modules_next_dist_f3530cac._.js:2297
[  270150ms] [LOG] Detected Host: nbcl.localhost:3001 http://nbcl.localhost:3001/dashboardportal/inventory/reports @ http://nbcl.localhost:3001/_next/static/chunks/node_modules_next_dist_f3530cac._.js:2297
[  270286ms] [LOG] [Fast Refresh] done in 441ms @ http://nbcl.localhost:3001/_next/static/chunks/node_modules_next_dist_f3530cac._.js:2297
[  270291ms] [LOG] Detected Host: nbcl.localhost:3001 http://nbcl.localhost:3001/dashboardportal/inventory/reports @ http://nbcl.localhost:3001/_next/static/chunks/node_modules_next_dist_f3530cac._.js:2297
[  270296ms] [LOG] Detected Host: nbcl.localhost:3001 http://nbcl.localhost:3001/dashboardportal/inventory/reports @ http://nbcl.localhost:3001/_next/static/chunks/node_modules_next_dist_f3530cac._.js:2297
[  270357ms] [LOG] Detected Host: nbcl.localhost:3001 http://nbcl.localhost:3001/dashboardportal/inventory/reports @ http://nbcl.localhost:3001/_next/static/chunks/node_modules_next_dist_f3530cac._.js:2297
[  270363ms] [LOG] Detected Host: nbcl.localhost:3001 http://nbcl.localhost:3001/dashboardportal/inventory/reports @ http://nbcl.localhost:3001/_next/static/chunks/node_modules_next_dist_f3530cac._.js:2297
[  270425ms] [LOG] Detected Host: nbcl.localhost:3001 http://nbcl.localhost:3001/dashboardportal/inventory/reports @ http://nbcl.localhost:3001/_next/static/chunks/node_modules_next_dist_f3530cac._.js:2297
[  270428ms] [LOG] Detected Host: nbcl.localhost:3001 http://nbcl.localhost:3001/dashboardportal/inventory/reports @ http://nbcl.localhost:3001/_next/static/chunks/node_modules_next_dist_f3530cac._.js:2297
[  272245ms] [LOG] [Fast Refresh] rebuilding @ http://nbcl.localhost:3001/_next/static/chunks/node_modules_next_dist_f3530cac._.js:2297
[  272292ms] [LOG] [Fast Refresh] done in 150ms @ http://nbcl.localhost:3001/_next/static/chunks/node_modules_next_dist_f3530cac._.js:2297
[  272527ms] [INFO] %cDownload the React DevTools for a better development experience: https://react.dev/link/react-devtools font-weight:bold @ http://nbcl.localhost:3001/_next/static/chunks/node_modules_next_dist_f3530cac._.js:2297
[  272560ms] [LOG] [HMR] connected @ http://nbcl.localhost:3001/_next/static/chunks/node_modules_next_dist_f3530cac._.js:2297
[  272745ms] [LOG] Detected Host: nbcl.localhost:3001 http://nbcl.localhost:3001/dashboardportal/BomCosting/itemBomMaster @ http://nbcl.localhost:3001/_next/static/chunks/node_modules_next_dist_f3530cac._.js:2297
[  272746ms] [LOG] Detected Host: nbcl.localhost:3001 http://nbcl.localhost:3001/dashboardportal/BomCosting/itemBomMaster @ http://nbcl.localhost:3001/_next/static/chunks/node_modules_next_dist_f3530cac._.js:2297
[  272853ms] [LOG] Detected Host: nbcl.localhost:3001 http://nbcl.localhost:3001/dashboardportal/BomCosting/itemBomMaster @ http://nbcl.localhost:3001/_next/static/chunks/node_modules_next_dist_f3530cac._.js:2297
[  272857ms] [LOG] Detected Host: nbcl.localhost:3001 http://nbcl.localhost:3001/dashboardportal/BomCosting/itemBomMaster @ http://nbcl.localhost:3001/_next/static/chunks/node_modules_next_dist_f3530cac._.js:2297
[  272974ms] [LOG] Detected Host: nbcl.localhost:3001 http://nbcl.localhost:3001/dashboardportal/BomCosting/itemBomMaster @ http://nbcl.localhost:3001/_next/static/chunks/node_modules_next_dist_f3530cac._.js:2297
[  272979ms] [LOG] Detected Host: nbcl.localhost:3001 http://nbcl.localhost:3001/dashboardportal/BomCosting/itemBomMaster @ http://nbcl.localhost:3001/_next/static/chunks/node_modules_next_dist_f3530cac._.js:2297
[  273132ms] [LOG] Detected Host: nbcl.localhost:3001 http://nbcl.localhost:3001/dashboardportal/BomCosting/itemBomMaster @ http://nbcl.localhost:3001/_next/static/chunks/node_modules_next_dist_f3530cac._.js:2297
[  273135ms] [LOG] Detected Host: nbcl.localhost:3001 http://nbcl.localhost:3001/dashboardportal/BomCosting/itemBomMaster @ http://nbcl.localhost:3001/_next/static/chunks/node_modules_next_dist_f3530cac._.js:2297
[  273304ms] [LOG] Detected Host: nbcl.localhost:3001 http://nbcl.localhost:3001/dashboardportal/BomCosting/itemBomMaster @ http://nbcl.localhost:3001/_next/static/chunks/node_modules_next_dist_f3530cac._.js:2297
[  273307ms] [LOG] Detected Host: nbcl.localhost:3001 http://nbcl.localhost:3001/dashboardportal/BomCosting/itemBomMaster @ http://nbcl.localhost:3001/_next/static/chunks/node_modules_next_dist_f3530cac._.js:2297
[  273508ms] [LOG] Detected Host: nbcl.localhost:3001 http://nbcl.localhost:3001/dashboardportal/BomCosting/itemBomMaster @ http://nbcl.localhost:3001/_next/static/chunks/node_modules_next_dist_f3530cac._.js:2297
[  273511ms] [LOG] Detected Host: nbcl.localhost:3001 http://nbcl.localhost:3001/dashboardportal/BomCosting/itemBomMaster @ http://nbcl.localhost:3001/_next/static/chunks/node_modules_next_dist_f3530cac._.js:2297
[  275041ms] [LOG] [Fast Refresh] rebuilding @ http://nbcl.localhost:3001/_next/static/chunks/node_modules_next_dist_f3530cac._.js:2297
[  275055ms] [LOG] [Fast Refresh] done in 114ms @ http://nbcl.localhost:3001/_next/static/chunks/node_modules_next_dist_f3530cac._.js:2297
[  275279ms] [INFO] %cDownload the React DevTools for a better development experience: https://react.dev/link/react-devtools font-weight:bold @ http://nbcl.localhost:3001/_next/static/chunks/node_modules_next_dist_f3530cac._.js:2297
[  275311ms] [LOG] [HMR] connected @ http://nbcl.localhost:3001/_next/static/chunks/node_modules_next_dist_f3530cac._.js:2297
[  275516ms] [LOG] Detected Host: nbcl.localhost:3001 http://nbcl.localhost:3001/dashboardportal/hrms/employeeDatabase @ http://nbcl.localhost:3001/_next/static/chunks/node_modules_next_dist_f3530cac._.js:2297
[  275517ms] [LOG] Detected Host: nbcl.localhost:3001 http://nbcl.localhost:3001/dashboardportal/hrms/employeeDatabase @ http://nbcl.localhost:3001/_next/static/chunks/node_modules_next_dist_f3530cac._.js:2297
[  275564ms] [LOG] Detected Host: nbcl.localhost:3001 http://nbcl.localhost:3001/dashboardportal/hrms/employeeDatabase @ http://nbcl.localhost:3001/_next/static/chunks/node_modules_next_dist_f3530cac._.js:2297
[  275565ms] [LOG] Detected Host: nbcl.localhost:3001 http://nbcl.localhost:3001/dashboardportal/hrms/employeeDatabase @ http://nbcl.localhost:3001/_next/static/chunks/node_modules_next_dist_f3530cac._.js:2297
[  275636ms] [LOG] Detected Host: nbcl.localhost:3001 http://nbcl.localhost:3001/dashboardportal/hrms/employeeDatabase @ http://nbcl.localhost:3001/_next/static/chunks/node_modules_next_dist_f3530cac._.js:2297
[  275640ms] [LOG] Detected Host: nbcl.localhost:3001 http://nbcl.localhost:3001/dashboardportal/hrms/employeeDatabase @ http://nbcl.localhost:3001/_next/static/chunks/node_modules_next_dist_f3530cac._.js:2297
[  275727ms] [LOG] Detected Host: nbcl.localhost:3001 http://nbcl.localhost:3001/dashboardportal/hrms/employeeDatabase @ http://nbcl.localhost:3001/_next/static/chunks/node_modules_next_dist_f3530cac._.js:2297
[  275731ms] [LOG] Detected Host: nbcl.localhost:3001 http://nbcl.localhost:3001/dashboardportal/hrms/employeeDatabase @ http://nbcl.localhost:3001/_next/static/chunks/node_modules_next_dist_f3530cac._.js:2297
[  275910ms] [LOG] Detected Host: nbcl.localhost:3001 http://nbcl.localhost:3001/dashboardportal/hrms/employeeDatabase @ http://nbcl.localhost:3001/_next/static/chunks/node_modules_next_dist_f3530cac._.js:2297
[  275916ms] [LOG] Detected Host: nbcl.localhost:3001 http://nbcl.localhost:3001/dashboardportal/hrms/employeeDatabase @ http://nbcl.localhost:3001/_next/static/chunks/node_modules_next_dist_f3530cac._.js:2297
[  276271ms] [LOG] Detected Host: nbcl.localhost:3001 http://nbcl.localhost:3001/dashboardportal/hrms/employeeDatabase @ http://nbcl.localhost:3001/_next/static/chunks/node_modules_next_dist_f3530cac._.js:2297
[  276274ms] [LOG] Detected Host: nbcl.localhost:3001 http://nbcl.localhost:3001/dashboardportal/hrms/employeeDatabase @ http://nbcl.localhost:3001/_next/static/chunks/node_modules_next_dist_f3530cac._.js:2297
[  276479ms] [LOG] Detected Host: nbcl.localhost:3001 http://nbcl.localhost:3001/dashboardportal/hrms/employeeDatabase @ http://nbcl.localhost:3001/_next/static/chunks/node_modules_next_dist_f3530cac._.js:2297
[  276482ms] [LOG] Detected Host: nbcl.localhost:3001 http://nbcl.localhost:3001/dashboardportal/hrms/employeeDatabase @ http://nbcl.localhost:3001/_next/static/chunks/node_modules_next_dist_f3530cac._.js:2297
[  278023ms] [INFO] %cDownload the React DevTools for a better development experience: https://react.dev/link/react-devtools font-weight:bold @ http://nbcl.localhost:3001/_next/static/chunks/node_modules_next_dist_f3530cac._.js:2297
[  278059ms] [LOG] [HMR] connected @ http://nbcl.localhost:3001/_next/static/chunks/node_modules_next_dist_f3530cac._.js:2297
[  278254ms] [LOG] Detected Host: nbcl.localhost:3001 http://nbcl.localhost:3001/dashboardportal/masters/designationMaster @ http://nbcl.localhost:3001/_next/static/chunks/node_modules_next_dist_f3530cac._.js:2297
[  278254ms] [LOG] Detected Host: nbcl.localhost:3001 http://nbcl.localhost:3001/dashboardportal/masters/designationMaster @ http://nbcl.localhost:3001/_next/static/chunks/node_modules_next_dist_f3530cac._.js:2297
[  278349ms] [LOG] Detected Host: nbcl.localhost:3001 http://nbcl.localhost:3001/dashboardportal/masters/designationMaster @ http://nbcl.localhost:3001/_next/static/chunks/node_modules_next_dist_f3530cac._.js:2297
[  278356ms] [LOG] Detected Host: nbcl.localhost:3001 http://nbcl.localhost:3001/dashboardportal/masters/designationMaster @ http://nbcl.localhost:3001/_next/static/chunks/node_modules_next_dist_f3530cac._.js:2297
[  278448ms] [LOG] Detected Host: nbcl.localhost:3001 http://nbcl.localhost:3001/dashboardportal/masters/designationMaster @ http://nbcl.localhost:3001/_next/static/chunks/node_modules_next_dist_f3530cac._.js:2297
[  278452ms] [LOG] Detected Host: nbcl.localhost:3001 http://nbcl.localhost:3001/dashboardportal/masters/designationMaster @ http://nbcl.localhost:3001/_next/static/chunks/node_modules_next_dist_f3530cac._.js:2297
[  278610ms] [LOG] Detected Host: nbcl.localhost:3001 http://nbcl.localhost:3001/dashboardportal/masters/designationMaster @ http://nbcl.localhost:3001/_next/static/chunks/node_modules_next_dist_f3530cac._.js:2297
[  278614ms] [LOG] Detected Host: nbcl.localhost:3001 http://nbcl.localhost:3001/dashboardportal/masters/designationMaster @ http://nbcl.localhost:3001/_next/static/chunks/node_modules_next_dist_f3530cac._.js:2297
[  278877ms] [LOG] Detected Host: nbcl.localhost:3001 http://nbcl.localhost:3001/dashboardportal/masters/designationMaster @ http://nbcl.localhost:3001/_next/static/chunks/node_modules_next_dist_f3530cac._.js:2297
[  278882ms] [LOG] Detected Host: nbcl.localhost:3001 http://nbcl.localhost:3001/dashboardportal/masters/designationMaster @ http://nbcl.localhost:3001/_next/static/chunks/node_modules_next_dist_f3530cac._.js:2297
[  279089ms] [LOG] Detected Host: nbcl.localhost:3001 http://nbcl.localhost:3001/dashboardportal/masters/designationMaster @ http://nbcl.localhost:3001/_next/static/chunks/node_modules_next_dist_f3530cac._.js:2297
[  279092ms] [LOG] Detected Host: nbcl.localhost:3001 http://nbcl.localhost:3001/dashboardportal/masters/designationMaster @ http://nbcl.localhost:3001/_next/static/chunks/node_modules_next_dist_f3530cac._.js:2297
[  280573ms] [LOG] [Fast Refresh] rebuilding @ http://nbcl.localhost:3001/_next/static/chunks/node_modules_next_dist_f3530cac._.js:2297
[  280598ms] [LOG] [Fast Refresh] done in 130ms @ http://nbcl.localhost:3001/_next/static/chunks/node_modules_next_dist_f3530cac._.js:2297
[  280786ms] [INFO] %cDownload the React DevTools for a better development experience: https://react.dev/link/react-devtools font-weight:bold @ http://nbcl.localhost:3001/_next/static/chunks/node_modules_next_dist_f3530cac._.js:2297
[  280824ms] [LOG] [HMR] connected @ http://nbcl.localhost:3001/_next/static/chunks/node_modules_next_dist_f3530cac._.js:2297
[  280988ms] [LOG] Detected Host: nbcl.localhost:3001 http://nbcl.localhost:3001/dashboardportal/masters/contractorMaster @ http://nbcl.localhost:3001/_next/static/chunks/node_modules_next_dist_f3530cac._.js:2297
[  280988ms] [LOG] Detected Host: nbcl.localhost:3001 http://nbcl.localhost:3001/dashboardportal/masters/contractorMaster @ http://nbcl.localhost:3001/_next/static/chunks/node_modules_next_dist_f3530cac._.js:2297
[  281066ms] [ERROR] A tree hydrated but some attributes of the server rendered HTML didn't match the client properties. This won't be patched up. This can happen if a SSR-ed Client Component used:

- A server/client branch `if (typeof window !== 'undefined')`.
- Variable input such as `Date.now()` or `Math.random()` which changes each time it's called.
- Date formatting in a user's locale which doesn't match the server.
- External changing data without sending a snapshot of it along with the HTML.
- Invalid HTML tag nesting.

It can also happen if the client has a browser extension installed which messes with the HTML before React loaded.

%s%s https://react.dev/link/hydration-mismatch 

  ...
    <Box className="flex flex-...">
      <Styled(div) as="div" ref={null} className="flex flex-..." theme={{...}} sx={{}}>
        <Insertion>
        <div className="flex flex-...">
          <TextField size="small" value="" onChange={function IndexWrapper.useCallback[handleSearchInputChange]} ...>
            <MuiTextField-root disabled={false} error={false} fullWidth={false} required={false} color="primary" ...>
              <Insertion>
              <FormControl disabled={false} error={false} fullWidth={false} required={false} color="primary" ...>
                <MuiFormControl-root as="div" ownerState={{disabled:false, ...}} className="MuiFormCon..." ref={null}>
                  <Insertion>
                  <div className="MuiFormCon...">
                    <OutlinedInput aria-describedby={undefined} autoComplete={undefined} autoFocus={false} ...>
                      <InputBase slots={{root:{...}, ...}} slotProps={{}} renderSuffix={function renderSuffix} ...>
                        <GlobalStylesWrapper>
                        <MuiOutlinedInput-root ref={null} onClick={function handleClick} ownerState={{slots:{...}, ...}} ...>
                          <Insertion>
                          <div onClick={function handleClick} className="MuiInputBa...">
                            <MuiOutlinedInput-input aria-invalid={false} aria-describedby={undefined} ...>
                              <Insertion>
                              <input
                                aria-invalid={false}
                                aria-describedby={undefined}
                                autoComplete={undefined}
                                autoFocus={false}
                                defaultValue={undefined}
                                disabled={false}
+                               id="_R_3aaatpesne9erllb_"
-                               id="_R_d99bn5ritp9erllb_"
                                onAnimationStart={function handleAutoFill}
                                name={undefined}
                                placeholder="Search by name, phone, email or PAN"
                                readOnly={undefined}
                                required={false}
                                rows={undefined}
                                value=""
                                onKeyDown={undefined}
                                onKeyUp={undefined}
                                type="text"
                                className="MuiInputBase-input MuiOutlinedInput-input MuiInputBase-inputSizeSmall mui-1..."
                                onBlur={function handleBlur}
                                onChange={function handleChange}
                                onFocus={function handleFocus}
                                ref={function useForkRef.useMemo}
                              >
                            ...
 @ http://nbcl.localhost:3001/_next/static/chunks/node_modules_next_dist_f3530cac._.js:3127
[  281101ms] [LOG] Detected Host: nbcl.localhost:3001 http://nbcl.localhost:3001/dashboardportal/masters/contractorMaster @ http://nbcl.localhost:3001/_next/static/chunks/node_modules_next_dist_f3530cac._.js:2297
[  281107ms] [LOG] Detected Host: nbcl.localhost:3001 http://nbcl.localhost:3001/dashboardportal/masters/contractorMaster @ http://nbcl.localhost:3001/_next/static/chunks/node_modules_next_dist_f3530cac._.js:2297
[  281188ms] [LOG] Detected Host: nbcl.localhost:3001 http://nbcl.localhost:3001/dashboardportal/masters/contractorMaster @ http://nbcl.localhost:3001/_next/static/chunks/node_modules_next_dist_f3530cac._.js:2297
[  281192ms] [LOG] Detected Host: nbcl.localhost:3001 http://nbcl.localhost:3001/dashboardportal/masters/contractorMaster @ http://nbcl.localhost:3001/_next/static/chunks/node_modules_next_dist_f3530cac._.js:2297
[  281388ms] [LOG] Detected Host: nbcl.localhost:3001 http://nbcl.localhost:3001/dashboardportal/masters/contractorMaster @ http://nbcl.localhost:3001/_next/static/chunks/node_modules_next_dist_f3530cac._.js:2297
[  281397ms] [LOG] Detected Host: nbcl.localhost:3001 http://nbcl.localhost:3001/dashboardportal/masters/contractorMaster @ http://nbcl.localhost:3001/_next/static/chunks/node_modules_next_dist_f3530cac._.js:2297
[  281672ms] [LOG] Detected Host: nbcl.localhost:3001 http://nbcl.localhost:3001/dashboardportal/masters/contractorMaster @ http://nbcl.localhost:3001/_next/static/chunks/node_modules_next_dist_f3530cac._.js:2297
[  281675ms] [LOG] Detected Host: nbcl.localhost:3001 http://nbcl.localhost:3001/dashboardportal/masters/contractorMaster @ http://nbcl.localhost:3001/_next/static/chunks/node_modules_next_dist_f3530cac._.js:2297
[  281807ms] [ERROR] Failed to load resource: the server responded with a status of 500 (Internal Server Error) @ http://nbcl.localhost:3001/api/contractorMaster/get_contractor_table?page=1&limit=10&branch_id=3:0
[  281809ms] [ERROR] Error in fetchWithCookie for /api/contractorMaster/get_contractor_table?page=1&limit=10&branch_id=3: (pymysql.err.OperationalError) (1054, "Unknown column 'c.date_of_registration_mill' in 'field list'")
[SQL: 
        SELECT
            c.cont_id,
            c.contractor_name,
            c.phone_no,
            c.email_id,
            c.pan_no,
            c.aadhar_no,
            c.pf_code,
            c.esi_code,
            c.address_1,
            c.address_2,
            c.address_3,
            c.bank_acc_no,
            c.bank_name,
            c.ifsc_code,
            c.branch_id,
            c.date_of_registration,
            c.date_of_registration_mill,
            c.updated_by,
            c.updated_date_time,
            b.branch_name
        FROM contractor_mst c
        LEFT JOIN branch_mst b ON b.branch_id = c.branch_id
        WHERE (%(search)s IS NULL
               OR c.contractor_name LIKE %(search)s
               OR c.phone_no LIKE %(search)s
               OR c.email_id LIKE %(search)s
               OR c.pan_no LIKE %(search)s)
          AND c.branch_id IN (3)
        ORDER BY c.cont_id DESC
    ]
[parameters: {'search': None}]
(Background on this error at: https://sqlalche.me/e/20/e3q8) @ http://nbcl.localhost:3001/_next/static/chunks/node_modules_next_dist_f3530cac._.js:3127
[  281821ms] [LOG] Detected Host: nbcl.localhost:3001 http://nbcl.localhost:3001/dashboardportal/masters/contractorMaster @ http://nbcl.localhost:3001/_next/static/chunks/node_modules_next_dist_f3530cac._.js:2297
[  281825ms] [LOG] Detected Host: nbcl.localhost:3001 http://nbcl.localhost:3001/dashboardportal/masters/contractorMaster @ http://nbcl.localhost:3001/_next/static/chunks/node_modules_next_dist_f3530cac._.js:2297
[  282172ms] [LOG] [Fast Refresh] rebuilding @ http://nbcl.localhost:3001/_next/static/chunks/node_modules_next_dist_f3530cac._.js:2297
[  282207ms] [LOG] [Fast Refresh] done in 136ms @ http://nbcl.localhost:3001/_next/static/chunks/node_modules_next_dist_f3530cac._.js:2297
[  283340ms] [LOG] [Fast Refresh] rebuilding @ http://nbcl.localhost:3001/_next/static/chunks/node_modules_next_dist_f3530cac._.js:2297
[  283348ms] [LOG] [Fast Refresh] done in 116ms @ http://nbcl.localhost:3001/_next/static/chunks/node_modules_next_dist_f3530cac._.js:2297
[  283548ms] [INFO] %cDownload the React DevTools for a better development experience: https://react.dev/link/react-devtools font-weight:bold @ http://nbcl.localhost:3001/_next/static/chunks/node_modules_next_dist_f3530cac._.js:2297
[  283597ms] [LOG] [HMR] connected @ http://nbcl.localhost:3001/_next/static/chunks/node_modules_next_dist_f3530cac._.js:2297
[  283795ms] [LOG] Detected Host: nbcl.localhost:3001 http://nbcl.localhost:3001/dashboardportal/masters/categoryMaster @ http://nbcl.localhost:3001/_next/static/chunks/node_modules_next_dist_f3530cac._.js:2297
[  283796ms] [LOG] Detected Host: nbcl.localhost:3001 http://nbcl.localhost:3001/dashboardportal/masters/categoryMaster @ http://nbcl.localhost:3001/_next/static/chunks/node_modules_next_dist_f3530cac._.js:2297
[  283865ms] [ERROR] A tree hydrated but some attributes of the server rendered HTML didn't match the client properties. This won't be patched up. This can happen if a SSR-ed Client Component used:

- A server/client branch `if (typeof window !== 'undefined')`.
- Variable input such as `Date.now()` or `Math.random()` which changes each time it's called.
- Date formatting in a user's locale which doesn't match the server.
- External changing data without sending a snapshot of it along with the HTML.
- Invalid HTML tag nesting.

It can also happen if the client has a browser extension installed which messes with the HTML before React loaded.

%s%s https://react.dev/link/hydration-mismatch 

  ...
    <Box className="flex flex-...">
      <Styled(div) as="div" ref={null} className="flex flex-..." theme={{...}} sx={{}}>
        <Insertion>
        <div className="flex flex-...">
          <TextField size="small" value="" onChange={function IndexWrapper.useCallback[handleSearchInputChange]} ...>
            <MuiTextField-root disabled={false} error={false} fullWidth={false} required={false} color="primary" ...>
              <Insertion>
              <FormControl disabled={false} error={false} fullWidth={false} required={false} color="primary" ...>
                <MuiFormControl-root as="div" ownerState={{disabled:false, ...}} className="MuiFormCon..." ref={null}>
                  <Insertion>
                  <div className="MuiFormCon...">
                    <OutlinedInput aria-describedby={undefined} autoComplete={undefined} autoFocus={false} ...>
                      <InputBase slots={{root:{...}, ...}} slotProps={{}} renderSuffix={function renderSuffix} ...>
                        <GlobalStylesWrapper>
                        <MuiOutlinedInput-root ref={null} onClick={function handleClick} ownerState={{slots:{...}, ...}} ...>
                          <Insertion>
                          <div onClick={function handleClick} className="MuiInputBa...">
                            <MuiOutlinedInput-input aria-invalid={false} aria-describedby={undefined} ...>
                              <Insertion>
                              <input
                                aria-invalid={false}
                                aria-describedby={undefined}
                                autoComplete={undefined}
                                autoFocus={false}
                                defaultValue={undefined}
                                disabled={false}
+                               id="_R_3aaatpesne9erllb_"
-                               id="_R_d99bn5ritp9erllb_"
                                onAnimationStart={function handleAutoFill}
                                name={undefined}
                                placeholder="Search by category code or name"
                                readOnly={undefined}
                                required={false}
                                rows={undefined}
                                value=""
                                onKeyDown={undefined}
                                onKeyUp={undefined}
                                type="text"
                                className="MuiInputBase-input MuiOutlinedInput-input MuiInputBase-inputSizeSmall mui-1..."
                                onBlur={function handleBlur}
                                onChange={function handleChange}
                                onFocus={function handleFocus}
                                ref={function useForkRef.useMemo}
                              >
                            ...
 @ http://nbcl.localhost:3001/_next/static/chunks/node_modules_next_dist_f3530cac._.js:3127
[  283885ms] [LOG] Detected Host: nbcl.localhost:3001 http://nbcl.localhost:3001/dashboardportal/masters/categoryMaster @ http://nbcl.localhost:3001/_next/static/chunks/node_modules_next_dist_f3530cac._.js:2297
[  283890ms] [LOG] Detected Host: nbcl.localhost:3001 http://nbcl.localhost:3001/dashboardportal/masters/categoryMaster @ http://nbcl.localhost:3001/_next/static/chunks/node_modules_next_dist_f3530cac._.js:2297
[  283969ms] [LOG] Detected Host: nbcl.localhost:3001 http://nbcl.localhost:3001/dashboardportal/masters/categoryMaster @ http://nbcl.localhost:3001/_next/static/chunks/node_modules_next_dist_f3530cac._.js:2297
[  283972ms] [LOG] Detected Host: nbcl.localhost:3001 http://nbcl.localhost:3001/dashboardportal/masters/categoryMaster @ http://nbcl.localhost:3001/_next/static/chunks/node_modules_next_dist_f3530cac._.js:2297
[  284075ms] [LOG] Detected Host: nbcl.localhost:3001 http://nbcl.localhost:3001/dashboardportal/masters/categoryMaster @ http://nbcl.localhost:3001/_next/static/chunks/node_modules_next_dist_f3530cac._.js:2297
[  284079ms] [LOG] Detected Host: nbcl.localhost:3001 http://nbcl.localhost:3001/dashboardportal/masters/categoryMaster @ http://nbcl.localhost:3001/_next/static/chunks/node_modules_next_dist_f3530cac._.js:2297
[  284255ms] [LOG] Detected Host: nbcl.localhost:3001 http://nbcl.localhost:3001/dashboardportal/masters/categoryMaster @ http://nbcl.localhost:3001/_next/static/chunks/node_modules_next_dist_f3530cac._.js:2297
[  284259ms] [LOG] Detected Host: nbcl.localhost:3001 http://nbcl.localhost:3001/dashboardportal/masters/categoryMaster @ http://nbcl.localhost:3001/_next/static/chunks/node_modules_next_dist_f3530cac._.js:2297
[  284440ms] [LOG] Detected Host: nbcl.localhost:3001 http://nbcl.localhost:3001/dashboardportal/masters/categoryMaster @ http://nbcl.localhost:3001/_next/static/chunks/node_modules_next_dist_f3530cac._.js:2297
[  284441ms] [LOG] Detected Host: nbcl.localhost:3001 http://nbcl.localhost:3001/dashboardportal/masters/categoryMaster @ http://nbcl.localhost:3001/_next/static/chunks/node_modules_next_dist_f3530cac._.js:2297
[  284658ms] [LOG] [Fast Refresh] rebuilding @ http://nbcl.localhost:3001/_next/static/chunks/node_modules_next_dist_f3530cac._.js:2297
[  284710ms] [LOG] [Fast Refresh] done in 152ms @ http://nbcl.localhost:3001/_next/static/chunks/node_modules_next_dist_f3530cac._.js:2297
[  286303ms] [INFO] %cDownload the React DevTools for a better development experience: https://react.dev/link/react-devtools font-weight:bold @ http://nbcl.localhost:3001/_next/static/chunks/node_modules_next_dist_f3530cac._.js:2297
[  286336ms] [LOG] [HMR] connected @ http://nbcl.localhost:3001/_next/static/chunks/node_modules_next_dist_f3530cac._.js:2297
[  286538ms] [LOG] Detected Host: nbcl.localhost:3001 http://nbcl.localhost:3001/dashboardportal/hrms/payRegister @ http://nbcl.localhost:3001/_next/static/chunks/node_modules_next_dist_f3530cac._.js:2297
[  286539ms] [LOG] Detected Host: nbcl.localhost:3001 http://nbcl.localhost:3001/dashboardportal/hrms/payRegister @ http://nbcl.localhost:3001/_next/static/chunks/node_modules_next_dist_f3530cac._.js:2297
[  286571ms] [LOG] Detected Host: nbcl.localhost:3001 http://nbcl.localhost:3001/dashboardportal/hrms/payRegister @ http://nbcl.localhost:3001/_next/static/chunks/node_modules_next_dist_f3530cac._.js:2297
[  286571ms] [LOG] Detected Host: nbcl.localhost:3001 http://nbcl.localhost:3001/dashboardportal/hrms/payRegister @ http://nbcl.localhost:3001/_next/static/chunks/node_modules_next_dist_f3530cac._.js:2297
[  286657ms] [LOG] Detected Host: nbcl.localhost:3001 http://nbcl.localhost:3001/dashboardportal/hrms/payRegister @ http://nbcl.localhost:3001/_next/static/chunks/node_modules_next_dist_f3530cac._.js:2297
[  286661ms] [LOG] Detected Host: nbcl.localhost:3001 http://nbcl.localhost:3001/dashboardportal/hrms/payRegister @ http://nbcl.localhost:3001/_next/static/chunks/node_modules_next_dist_f3530cac._.js:2297
[  286760ms] [LOG] Detected Host: nbcl.localhost:3001 http://nbcl.localhost:3001/dashboardportal/hrms/payRegister @ http://nbcl.localhost:3001/_next/static/chunks/node_modules_next_dist_f3530cac._.js:2297
[  286765ms] [LOG] Detected Host: nbcl.localhost:3001 http://nbcl.localhost:3001/dashboardportal/hrms/payRegister @ http://nbcl.localhost:3001/_next/static/chunks/node_modules_next_dist_f3530cac._.js:2297
[  286908ms] [LOG] Detected Host: nbcl.localhost:3001 http://nbcl.localhost:3001/dashboardportal/hrms/payRegister @ http://nbcl.localhost:3001/_next/static/chunks/node_modules_next_dist_f3530cac._.js:2297
[  286912ms] [LOG] Detected Host: nbcl.localhost:3001 http://nbcl.localhost:3001/dashboardportal/hrms/payRegister @ http://nbcl.localhost:3001/_next/static/chunks/node_modules_next_dist_f3530cac._.js:2297
[  287160ms] [LOG] Detected Host: nbcl.localhost:3001 http://nbcl.localhost:3001/dashboardportal/hrms/payRegister @ http://nbcl.localhost:3001/_next/static/chunks/node_modules_next_dist_f3530cac._.js:2297
[  287163ms] [LOG] Detected Host: nbcl.localhost:3001 http://nbcl.localhost:3001/dashboardportal/hrms/payRegister @ http://nbcl.localhost:3001/_next/static/chunks/node_modules_next_dist_f3530cac._.js:2297
[  287401ms] [LOG] Detected Host: nbcl.localhost:3001 http://nbcl.localhost:3001/dashboardportal/hrms/payRegister @ http://nbcl.localhost:3001/_next/static/chunks/node_modules_next_dist_f3530cac._.js:2297
[  287418ms] [LOG] Detected Host: nbcl.localhost:3001 http://nbcl.localhost:3001/dashboardportal/hrms/payRegister @ http://nbcl.localhost:3001/_next/static/chunks/node_modules_next_dist_f3530cac._.js:2297
[  288836ms] [LOG] [Fast Refresh] rebuilding @ http://nbcl.localhost:3001/_next/static/chunks/node_modules_next_dist_f3530cac._.js:2297
[  288858ms] [LOG] [Fast Refresh] done in 131ms @ http://nbcl.localhost:3001/_next/static/chunks/node_modules_next_dist_f3530cac._.js:2297
[  289146ms] [INFO] %cDownload the React DevTools for a better development experience: https://react.dev/link/react-devtools font-weight:bold @ http://nbcl.localhost:3001/_next/static/chunks/node_modules_next_dist_f3530cac._.js:2297
[  289180ms] [LOG] [HMR] connected @ http://nbcl.localhost:3001/_next/static/chunks/node_modules_next_dist_f3530cac._.js:2297
[  289743ms] [LOG] [Fast Refresh] rebuilding @ http://nbcl.localhost:3001/_next/static/chunks/node_modules_next_dist_f3530cac._.js:2297
[  289813ms] [LOG] Detected Host: nbcl.localhost:3001 http://nbcl.localhost:3001/dashboardportal/BomCosting/costElementMaster @ http://nbcl.localhost:3001/_next/static/chunks/node_modules_next_dist_f3530cac._.js:2297
[  289814ms] [LOG] Detected Host: nbcl.localhost:3001 http://nbcl.localhost:3001/dashboardportal/BomCosting/costElementMaster @ http://nbcl.localhost:3001/_next/static/chunks/node_modules_next_dist_f3530cac._.js:2297
[  289883ms] [LOG] Detected Host: nbcl.localhost:3001 http://nbcl.localhost:3001/dashboardportal/BomCosting/costElementMaster @ http://nbcl.localhost:3001/_next/static/chunks/node_modules_next_dist_f3530cac._.js:2297
[  289890ms] [LOG] Detected Host: nbcl.localhost:3001 http://nbcl.localhost:3001/dashboardportal/BomCosting/costElementMaster @ http://nbcl.localhost:3001/_next/static/chunks/node_modules_next_dist_f3530cac._.js:2297
[  289911ms] [LOG] Detected Host: nbcl.localhost:3001 http://nbcl.localhost:3001/dashboardportal/BomCosting/costElementMaster @ http://nbcl.localhost:3001/_next/static/chunks/node_modules_next_dist_f3530cac._.js:2297
[  289915ms] [LOG] Detected Host: nbcl.localhost:3001 http://nbcl.localhost:3001/dashboardportal/BomCosting/costElementMaster @ http://nbcl.localhost:3001/_next/static/chunks/node_modules_next_dist_f3530cac._.js:2297
[  289963ms] [LOG] Detected Host: nbcl.localhost:3001 http://nbcl.localhost:3001/dashboardportal/BomCosting/costElementMaster @ http://nbcl.localhost:3001/_next/static/chunks/node_modules_next_dist_f3530cac._.js:2297
[  289965ms] [LOG] Detected Host: nbcl.localhost:3001 http://nbcl.localhost:3001/dashboardportal/BomCosting/costElementMaster @ http://nbcl.localhost:3001/_next/static/chunks/node_modules_next_dist_f3530cac._.js:2297
[  289986ms] [LOG] Detected Host: nbcl.localhost:3001 http://nbcl.localhost:3001/dashboardportal/BomCosting/costElementMaster @ http://nbcl.localhost:3001/_next/static/chunks/node_modules_next_dist_f3530cac._.js:2297
[  289989ms] [LOG] Detected Host: nbcl.localhost:3001 http://nbcl.localhost:3001/dashboardportal/BomCosting/costElementMaster @ http://nbcl.localhost:3001/_next/static/chunks/node_modules_next_dist_f3530cac._.js:2297
[  290008ms] [LOG] Detected Host: nbcl.localhost:3001 http://nbcl.localhost:3001/dashboardportal/BomCosting/costElementMaster @ http://nbcl.localhost:3001/_next/static/chunks/node_modules_next_dist_f3530cac._.js:2297
[  290011ms] [LOG] Detected Host: nbcl.localhost:3001 http://nbcl.localhost:3001/dashboardportal/BomCosting/costElementMaster @ http://nbcl.localhost:3001/_next/static/chunks/node_modules_next_dist_f3530cac._.js:2297
[  290042ms] [LOG] [Fast Refresh] done in 404ms @ http://nbcl.localhost:3001/_next/static/chunks/node_modules_next_dist_f3530cac._.js:2297
[  291619ms] [LOG] [Fast Refresh] rebuilding @ http://nbcl.localhost:3001/_next/static/chunks/node_modules_next_dist_f3530cac._.js:2297
[  291627ms] [LOG] [Fast Refresh] done in 115ms @ http://nbcl.localhost:3001/_next/static/chunks/node_modules_next_dist_f3530cac._.js:2297
[  291800ms] [INFO] %cDownload the React DevTools for a better development experience: https://react.dev/link/react-devtools font-weight:bold @ http://nbcl.localhost:3001/_next/static/chunks/node_modules_next_dist_f3530cac._.js:2297
[  291835ms] [LOG] [HMR] connected @ http://nbcl.localhost:3001/_next/static/chunks/node_modules_next_dist_f3530cac._.js:2297
[  292074ms] [LOG] Detected Host: nbcl.localhost:3001 http://nbcl.localhost:3001/dashboardportal/BomCosting/bomCosting @ http://nbcl.localhost:3001/_next/static/chunks/node_modules_next_dist_f3530cac._.js:2297
[  292075ms] [LOG] Detected Host: nbcl.localhost:3001 http://nbcl.localhost:3001/dashboardportal/BomCosting/bomCosting @ http://nbcl.localhost:3001/_next/static/chunks/node_modules_next_dist_f3530cac._.js:2297
[  292118ms] [LOG] Detected Host: nbcl.localhost:3001 http://nbcl.localhost:3001/dashboardportal/BomCosting/bomCosting @ http://nbcl.localhost:3001/_next/static/chunks/node_modules_next_dist_f3530cac._.js:2297
[  292118ms] [LOG] Detected Host: nbcl.localhost:3001 http://nbcl.localhost:3001/dashboardportal/BomCosting/bomCosting @ http://nbcl.localhost:3001/_next/static/chunks/node_modules_next_dist_f3530cac._.js:2297
[  292203ms] [LOG] Detected Host: nbcl.localhost:3001 http://nbcl.localhost:3001/dashboardportal/BomCosting/bomCosting @ http://nbcl.localhost:3001/_next/static/chunks/node_modules_next_dist_f3530cac._.js:2297
[  292207ms] [LOG] Detected Host: nbcl.localhost:3001 http://nbcl.localhost:3001/dashboardportal/BomCosting/bomCosting @ http://nbcl.localhost:3001/_next/static/chunks/node_modules_next_dist_f3530cac._.js:2297
[  292337ms] [LOG] Detected Host: nbcl.localhost:3001 http://nbcl.localhost:3001/dashboardportal/BomCosting/bomCosting @ http://nbcl.localhost:3001/_next/static/chunks/node_modules_next_dist_f3530cac._.js:2297
[  292344ms] [LOG] Detected Host: nbcl.localhost:3001 http://nbcl.localhost:3001/dashboardportal/BomCosting/bomCosting @ http://nbcl.localhost:3001/_next/static/chunks/node_modules_next_dist_f3530cac._.js:2297
[  292561ms] [LOG] Detected Host: nbcl.localhost:3001 http://nbcl.localhost:3001/dashboardportal/BomCosting/bomCosting @ http://nbcl.localhost:3001/_next/static/chunks/node_modules_next_dist_f3530cac._.js:2297
[  292566ms] [LOG] Detected Host: nbcl.localhost:3001 http://nbcl.localhost:3001/dashboardportal/BomCosting/bomCosting @ http://nbcl.localhost:3001/_next/static/chunks/node_modules_next_dist_f3530cac._.js:2297
[  292810ms] [LOG] Detected Host: nbcl.localhost:3001 http://nbcl.localhost:3001/dashboardportal/BomCosting/bomCosting @ http://nbcl.localhost:3001/_next/static/chunks/node_modules_next_dist_f3530cac._.js:2297
[  292816ms] [LOG] Detected Host: nbcl.localhost:3001 http://nbcl.localhost:3001/dashboardportal/BomCosting/bomCosting @ http://nbcl.localhost:3001/_next/static/chunks/node_modules_next_dist_f3530cac._.js:2297
[  293070ms] [ERROR] Failed to load resource: the server responded with a status of 500 (Internal Server Error) @ http://nbcl.localhost:3001/api/bomCosting/bom_costing_list?co_id=1:0
[  293071ms] [ERROR] Error in fetchWithCookie for /api/bomCosting/bom_costing_list?co_id=1: (pymysql.err.OperationalError) (1054, "Unknown column 'bh.cost_basis_qty' in 'field list'")
[SQL: 
    SELECT
        bh.bom_hdr_id,
        bh.item_id,
        im.item_code,
        vip.full_item_code,
        im.item_name,
        bh.bom_version,
        bh.version_label,
        bh.status_id,
        sm.status_name,
        bh.effective_from,
        bh.effective_to,
        bh.is_current,
        bh.cost_basis_qty,
        bh.remarks,
        bh.updated_date_time,
        COALESCE(snap.material_cost, 0) AS material_cost,
        COALESCE(snap.conversion_cost, 0) AS conversion_cost,
        COALESCE(snap.overhead_cost, 0) AS overhead_cost,
        COALESCE(snap.total_cost, 0) AS total_cost,
        COALESCE(snap.cost_per_unit, 0) AS cost_per_unit,
        snap.computed_at AS last_computed_at,
        snap.status AS snapshot_status
    FROM item_bom_hdr_mst bh
    INNER JOIN item_mst im ON im.item_id = bh.item_id
    LEFT JOIN vw_item_with_group_path AS vip ON vip.item_id = im.item_id
    LEFT JOIN status_mst sm ON sm.status_id = bh.status_id
    LEFT JOIN bom_cost_snapshot snap
        ON snap.bom_hdr_id = bh.bom_hdr_id
        AND snap.co_id = bh.co_id
        AND snap.is_current = 1
        AND snap.active = 1
    WHERE bh.co_id = %(co_id)s AND bh.active = 1
      AND (%(search)s IS NULL OR im.item_code LIKE %(search)s OR im.item_name LIKE %(search)s OR vip.full_item_code LIKE %(search)s)
    ORDER BY bh.updated_date_time DESC;
    ]
[parameters: {'co_id': 1, 'search': None}]
(Background on this error at: https://sqlalche.me/e/20/e3q8) @ http://nbcl.localhost:3001/_next/static/chunks/node_modules_next_dist_f3530cac._.js:3127
[  293084ms] [LOG] Detected Host: nbcl.localhost:3001 http://nbcl.localhost:3001/dashboardportal/BomCosting/bomCosting @ http://nbcl.localhost:3001/_next/static/chunks/node_modules_next_dist_f3530cac._.js:2297
[  293087ms] [LOG] Detected Host: nbcl.localhost:3001 http://nbcl.localhost:3001/dashboardportal/BomCosting/bomCosting @ http://nbcl.localhost:3001/_next/static/chunks/node_modules_next_dist_f3530cac._.js:2297
[  294350ms] [LOG] [Fast Refresh] rebuilding @ http://nbcl.localhost:3001/_next/static/chunks/node_modules_next_dist_f3530cac._.js:2297
[  294383ms] [LOG] [Fast Refresh] done in 135ms @ http://nbcl.localhost:3001/_next/static/chunks/node_modules_next_dist_f3530cac._.js:2297
[  294587ms] [INFO] %cDownload the React DevTools for a better development experience: https://react.dev/link/react-devtools font-weight:bold @ http://nbcl.localhost:3001/_next/static/chunks/node_modules_next_dist_f3530cac._.js:2297
[  294621ms] [LOG] [HMR] connected @ http://nbcl.localhost:3001/_next/static/chunks/node_modules_next_dist_f3530cac._.js:2297
[  294788ms] [LOG] Detected Host: nbcl.localhost:3001 http://nbcl.localhost:3001/dashboardportal/masters/bankDetailsMaster @ http://nbcl.localhost:3001/_next/static/chunks/node_modules_next_dist_f3530cac._.js:2297
[  294789ms] [LOG] Detected Host: nbcl.localhost:3001 http://nbcl.localhost:3001/dashboardportal/masters/bankDetailsMaster @ http://nbcl.localhost:3001/_next/static/chunks/node_modules_next_dist_f3530cac._.js:2297
[  294880ms] [LOG] Detected Host: nbcl.localhost:3001 http://nbcl.localhost:3001/dashboardportal/masters/bankDetailsMaster @ http://nbcl.localhost:3001/_next/static/chunks/node_modules_next_dist_f3530cac._.js:2297
[  294886ms] [LOG] Detected Host: nbcl.localhost:3001 http://nbcl.localhost:3001/dashboardportal/masters/bankDetailsMaster @ http://nbcl.localhost:3001/_next/static/chunks/node_modules_next_dist_f3530cac._.js:2297
[  295002ms] [LOG] Detected Host: nbcl.localhost:3001 http://nbcl.localhost:3001/dashboardportal/masters/bankDetailsMaster @ http://nbcl.localhost:3001/_next/static/chunks/node_modules_next_dist_f3530cac._.js:2297
[  295010ms] [LOG] Detected Host: nbcl.localhost:3001 http://nbcl.localhost:3001/dashboardportal/masters/bankDetailsMaster @ http://nbcl.localhost:3001/_next/static/chunks/node_modules_next_dist_f3530cac._.js:2297
[  295187ms] [LOG] Detected Host: nbcl.localhost:3001 http://nbcl.localhost:3001/dashboardportal/masters/bankDetailsMaster @ http://nbcl.localhost:3001/_next/static/chunks/node_modules_next_dist_f3530cac._.js:2297
[  295193ms] [LOG] Detected Host: nbcl.localhost:3001 http://nbcl.localhost:3001/dashboardportal/masters/bankDetailsMaster @ http://nbcl.localhost:3001/_next/static/chunks/node_modules_next_dist_f3530cac._.js:2297
[  295411ms] [LOG] Detected Host: nbcl.localhost:3001 http://nbcl.localhost:3001/dashboardportal/masters/bankDetailsMaster @ http://nbcl.localhost:3001/_next/static/chunks/node_modules_next_dist_f3530cac._.js:2297
[  295417ms] [LOG] Detected Host: nbcl.localhost:3001 http://nbcl.localhost:3001/dashboardportal/masters/bankDetailsMaster @ http://nbcl.localhost:3001/_next/static/chunks/node_modules_next_dist_f3530cac._.js:2297
[  295547ms] [LOG] Detected Host: nbcl.localhost:3001 http://nbcl.localhost:3001/dashboardportal/masters/bankDetailsMaster @ http://nbcl.localhost:3001/_next/static/chunks/node_modules_next_dist_f3530cac._.js:2297
[  295549ms] [LOG] Detected Host: nbcl.localhost:3001 http://nbcl.localhost:3001/dashboardportal/masters/bankDetailsMaster @ http://nbcl.localhost:3001/_next/static/chunks/node_modules_next_dist_f3530cac._.js:2297
[  297133ms] [LOG] [Fast Refresh] rebuilding @ http://nbcl.localhost:3001/_next/static/chunks/node_modules_next_dist_f3530cac._.js:2297
[  297162ms] [LOG] [Fast Refresh] done in 137ms @ http://nbcl.localhost:3001/_next/static/chunks/node_modules_next_dist_f3530cac._.js:2297
[  297383ms] [INFO] %cDownload the React DevTools for a better development experience: https://react.dev/link/react-devtools font-weight:bold @ http://nbcl.localhost:3001/_next/static/chunks/node_modules_next_dist_f3530cac._.js:2297
[  297418ms] [LOG] [HMR] connected @ http://nbcl.localhost:3001/_next/static/chunks/node_modules_next_dist_f3530cac._.js:2297
[  297601ms] [LOG] Detected Host: nbcl.localhost:3001 http://nbcl.localhost:3001/dashboardportal/accounting/accountDeterminations @ http://nbcl.localhost:3001/_next/static/chunks/node_modules_next_dist_f3530cac._.js:2297
[  297602ms] [LOG] Detected Host: nbcl.localhost:3001 http://nbcl.localhost:3001/dashboardportal/accounting/accountDeterminations @ http://nbcl.localhost:3001/_next/static/chunks/node_modules_next_dist_f3530cac._.js:2297
[  297661ms] [LOG] Detected Host: nbcl.localhost:3001 http://nbcl.localhost:3001/dashboardportal/accounting/accountDeterminations @ http://nbcl.localhost:3001/_next/static/chunks/node_modules_next_dist_f3530cac._.js:2297
[  297661ms] [LOG] Detected Host: nbcl.localhost:3001 http://nbcl.localhost:3001/dashboardportal/accounting/accountDeterminations @ http://nbcl.localhost:3001/_next/static/chunks/node_modules_next_dist_f3530cac._.js:2297
[  297724ms] [LOG] Detected Host: nbcl.localhost:3001 http://nbcl.localhost:3001/dashboardportal/accounting/accountDeterminations @ http://nbcl.localhost:3001/_next/static/chunks/node_modules_next_dist_f3530cac._.js:2297
[  297728ms] [LOG] Detected Host: nbcl.localhost:3001 http://nbcl.localhost:3001/dashboardportal/accounting/accountDeterminations @ http://nbcl.localhost:3001/_next/static/chunks/node_modules_next_dist_f3530cac._.js:2297
[  297813ms] [LOG] Detected Host: nbcl.localhost:3001 http://nbcl.localhost:3001/dashboardportal/accounting/accountDeterminations @ http://nbcl.localhost:3001/_next/static/chunks/node_modules_next_dist_f3530cac._.js:2297
[  297818ms] [LOG] Detected Host: nbcl.localhost:3001 http://nbcl.localhost:3001/dashboardportal/accounting/accountDeterminations @ http://nbcl.localhost:3001/_next/static/chunks/node_modules_next_dist_f3530cac._.js:2297
[  297962ms] [LOG] Detected Host: nbcl.localhost:3001 http://nbcl.localhost:3001/dashboardportal/accounting/accountDeterminations @ http://nbcl.localhost:3001/_next/static/chunks/node_modules_next_dist_f3530cac._.js:2297
[  297967ms] [LOG] Detected Host: nbcl.localhost:3001 http://nbcl.localhost:3001/dashboardportal/accounting/accountDeterminations @ http://nbcl.localhost:3001/_next/static/chunks/node_modules_next_dist_f3530cac._.js:2297
[  298077ms] [LOG] Detected Host: nbcl.localhost:3001 http://nbcl.localhost:3001/dashboardportal/accounting/accountDeterminations @ http://nbcl.localhost:3001/_next/static/chunks/node_modules_next_dist_f3530cac._.js:2297
[  298082ms] [LOG] Detected Host: nbcl.localhost:3001 http://nbcl.localhost:3001/dashboardportal/accounting/accountDeterminations @ http://nbcl.localhost:3001/_next/static/chunks/node_modules_next_dist_f3530cac._.js:2297
[  298293ms] [LOG] Detected Host: nbcl.localhost:3001 http://nbcl.localhost:3001/dashboardportal/accounting/accountDeterminations @ http://nbcl.localhost:3001/_next/static/chunks/node_modules_next_dist_f3530cac._.js:2297
[  298298ms] [LOG] Detected Host: nbcl.localhost:3001 http://nbcl.localhost:3001/dashboardportal/accounting/accountDeterminations @ http://nbcl.localhost:3001/_next/static/chunks/node_modules_next_dist_f3530cac._.js:2297
[  298538ms] [ERROR] Failed to load resource: the server responded with a status of 500 (Internal Server Error) @ http://nbcl.localhost:3001/api/accounting/ledgers?co_id=1&limit=500:0
[  298539ms] [ERROR] Error in fetchWithCookie for /api/accounting/ledgers?co_id=1&limit=500: (pymysql.err.ProgrammingError) (1146, "Table 'nbcl.acc_ledger' doesn't exist")
[SQL: SELECT
        al.acc_ledger_id,
        al.co_id,
        al.acc_ledger_group_id,
        alg.group_name,
        alg.nature AS group_nature,
        al.ledger_name,
        al.ledger_code,
        al.ledger_type,
        al.party_id,
        pm.supp_name AS party_name,
        al.credit_days,
        al.credit_limit,
        al.opening_balance,
        al.opening_balance_type,
        al.opening_fy_id,
        al.gst_applicable,
        al.hsn_sac_code,
        al.is_system_ledger,
        al.is_related_party
    FROM acc_ledger al
    LEFT JOIN acc_ledger_group alg ON alg.acc_ledger_group_id = al.acc_ledger_group_id
    LEFT JOIN party_mst pm ON pm.party_id = al.party_id
    WHERE al.active = 1
        AND (%(co_id)s IS NULL OR al.co_id = %(co_id)s)
        AND (%(ledger_type)s IS NULL OR al.ledger_type = %(ledger_type)s)
        AND (
            %(search)s IS NULL
            OR al.ledger_name LIKE %(search)s
            OR al.ledger_code LIKE %(search)s
        )
    ORDER BY alg.group_name, al.ledger_name;]
[parameters: {'co_id': 1, 'ledger_type': None, 'search': None}]
(Background on this error at: https://sqlalche.me/e/20/f405) @ http://nbcl.localhost:3001/_next/static/chunks/node_modules_next_dist_f3530cac._.js:3127
[  298540ms] [ERROR] Failed to load resource: the server responded with a status of 500 (Internal Server Error) @ http://nbcl.localhost:3001/api/accounting/account_determinations?co_id=1:0
[  298541ms] [ERROR] Error in fetchWithCookie for /api/accounting/account_determinations?co_id=1: (pymysql.err.ProgrammingError) (1146, "Table 'nbcl.acc_account_determination' doesn't exist")
[SQL: SELECT
        aad.acc_account_determination_id,
        aad.co_id,
        aad.doc_type,
        aad.line_type,
        aad.acc_ledger_id,
        al.ledger_name,
        al.ledger_code,
        aad.item_grp_id,
        igm.item_grp_name,
        aad.is_default
    FROM acc_account_determination aad
    LEFT JOIN acc_ledger al ON al.acc_ledger_id = aad.acc_ledger_id
    LEFT JOIN item_grp_mst igm ON igm.item_grp_id = aad.item_grp_id
    WHERE aad.active = 1
        AND (%(co_id)s IS NULL OR aad.co_id = %(co_id)s)
    ORDER BY aad.doc_type, aad.line_type, aad.is_default DESC;]
[parameters: {'co_id': 1}]
(Background on this error at: https://sqlalche.me/e/20/f405) @ http://nbcl.localhost:3001/_next/static/chunks/node_modules_next_dist_f3530cac._.js:3127
[  298544ms] [ERROR] Failed to load resource: the server responded with a status of 500 (Internal Server Error) @ http://nbcl.localhost:3001/api/accounting/account_determinations?co_id=1:0
[  298546ms] [ERROR] Error in fetchWithCookie for /api/accounting/account_determinations?co_id=1: (pymysql.err.ProgrammingError) (1146, "Table 'nbcl.acc_account_determination' doesn't exist")
[SQL: SELECT
        aad.acc_account_determination_id,
        aad.co_id,
        aad.doc_type,
        aad.line_type,
        aad.acc_ledger_id,
        al.ledger_name,
        al.ledger_code,
        aad.item_grp_id,
        igm.item_grp_name,
        aad.is_default
    FROM acc_account_determination aad
    LEFT JOIN acc_ledger al ON al.acc_ledger_id = aad.acc_ledger_id
    LEFT JOIN item_grp_mst igm ON igm.item_grp_id = aad.item_grp_id
    WHERE aad.active = 1
        AND (%(co_id)s IS NULL OR aad.co_id = %(co_id)s)
    ORDER BY aad.doc_type, aad.line_type, aad.is_default DESC;]
[parameters: {'co_id': 1}]
(Background on this error at: https://sqlalche.me/e/20/f405) @ http://nbcl.localhost:3001/_next/static/chunks/node_modules_next_dist_f3530cac._.js:3127
[  298546ms] [ERROR] Failed to load resource: the server responded with a status of 500 (Internal Server Error) @ http://nbcl.localhost:3001/api/accounting/ledgers?co_id=1&limit=500:0
[  298547ms] [ERROR] Error in fetchWithCookie for /api/accounting/ledgers?co_id=1&limit=500: (pymysql.err.ProgrammingError) (1146, "Table 'nbcl.acc_ledger' doesn't exist")
[SQL: SELECT
        al.acc_ledger_id,
        al.co_id,
        al.acc_ledger_group_id,
        alg.group_name,
        alg.nature AS group_nature,
        al.ledger_name,
        al.ledger_code,
        al.ledger_type,
        al.party_id,
        pm.supp_name AS party_name,
        al.credit_days,
        al.credit_limit,
        al.opening_balance,
        al.opening_balance_type,
        al.opening_fy_id,
        al.gst_applicable,
        al.hsn_sac_code,
        al.is_system_ledger,
        al.is_related_party
    FROM acc_ledger al
    LEFT JOIN acc_ledger_group alg ON alg.acc_ledger_group_id = al.acc_ledger_group_id
    LEFT JOIN party_mst pm ON pm.party_id = al.party_id
    WHERE al.active = 1
        AND (%(co_id)s IS NULL OR al.co_id = %(co_id)s)
        AND (%(ledger_type)s IS NULL OR al.ledger_type = %(ledger_type)s)
        AND (
            %(search)s IS NULL
            OR al.ledger_name LIKE %(search)s
            OR al.ledger_code LIKE %(search)s
        )
    ORDER BY alg.group_name, al.ledger_name;]
[parameters: {'co_id': 1, 'ledger_type': None, 'search': None}]
(Background on this error at: https://sqlalche.me/e/20/f405) @ http://nbcl.localhost:3001/_next/static/chunks/node_modules_next_dist_f3530cac._.js:3127
[  298548ms] [ERROR] Failed to load resource: the server responded with a status of 500 (Internal Server Error) @ http://nbcl.localhost:3001/api/accounting/account_determinations?co_id=1:0
[  298549ms] [ERROR] Error in fetchWithCookie for /api/accounting/account_determinations?co_id=1: (pymysql.err.ProgrammingError) (1146, "Table 'nbcl.acc_account_determination' doesn't exist")
[SQL: SELECT
        aad.acc_account_determination_id,
        aad.co_id,
        aad.doc_type,
        aad.line_type,
        aad.acc_ledger_id,
        al.ledger_name,
        al.ledger_code,
        aad.item_grp_id,
        igm.item_grp_name,
        aad.is_default
    FROM acc_account_determination aad
    LEFT JOIN acc_ledger al ON al.acc_ledger_id = aad.acc_ledger_id
    LEFT JOIN item_grp_mst igm ON igm.item_grp_id = aad.item_grp_id
    WHERE aad.active = 1
        AND (%(co_id)s IS NULL OR aad.co_id = %(co_id)s)
    ORDER BY aad.doc_type, aad.line_type, aad.is_default DESC;]
[parameters: {'co_id': 1}]
(Background on this error at: https://sqlalche.me/e/20/f405) @ http://nbcl.localhost:3001/_next/static/chunks/node_modules_next_dist_f3530cac._.js:3127
[  298550ms] [ERROR] Failed to load resource: the server responded with a status of 500 (Internal Server Error) @ http://nbcl.localhost:3001/api/accounting/ledgers?co_id=1&limit=500:0
[  298550ms] [ERROR] Error in fetchWithCookie for /api/accounting/ledgers?co_id=1&limit=500: (pymysql.err.ProgrammingError) (1146, "Table 'nbcl.acc_ledger' doesn't exist")
[SQL: SELECT
        al.acc_ledger_id,
        al.co_id,
        al.acc_ledger_group_id,
        alg.group_name,
        alg.nature AS group_nature,
        al.ledger_name,
        al.ledger_code,
        al.ledger_type,
        al.party_id,
        pm.supp_name AS party_name,
        al.credit_days,
        al.credit_limit,
        al.opening_balance,
        al.opening_balance_type,
        al.opening_fy_id,
        al.gst_applicable,
        al.hsn_sac_code,
        al.is_system_ledger,
        al.is_related_party
    FROM acc_ledger al
    LEFT JOIN acc_ledger_group alg ON alg.acc_ledger_group_id = al.acc_ledger_group_id
    LEFT JOIN party_mst pm ON pm.party_id = al.party_id
    WHERE al.active = 1
        AND (%(co_id)s IS NULL OR al.co_id = %(co_id)s)
        AND (%(ledger_type)s IS NULL OR al.ledger_type = %(ledger_type)s)
        AND (
            %(search)s IS NULL
            OR al.ledger_name LIKE %(search)s
            OR al.ledger_code LIKE %(search)s
        )
    ORDER BY alg.group_name, al.ledger_name;]
[parameters: {'co_id': 1, 'ledger_type': None, 'search': None}]
(Background on this error at: https://sqlalche.me/e/20/f405) @ http://nbcl.localhost:3001/_next/static/chunks/node_modules_next_dist_f3530cac._.js:3127
[  298853ms] [LOG] [Fast Refresh] rebuilding @ http://nbcl.localhost:3001/_next/static/chunks/node_modules_next_dist_f3530cac._.js:2297
[  298983ms] [LOG] [Fast Refresh] done in 232ms @ http://nbcl.localhost:3001/_next/static/chunks/node_modules_next_dist_f3530cac._.js:2297
[  300120ms] [INFO] %cDownload the React DevTools for a better development experience: https://react.dev/link/react-devtools font-weight:bold @ http://nbcl.localhost:3001/_next/static/chunks/node_modules_next_dist_f3530cac._.js:2297
[  300150ms] [LOG] [HMR] connected @ http://nbcl.localhost:3001/_next/static/chunks/node_modules_next_dist_f3530cac._.js:2297
[  300371ms] [LOG] Detected Host: nbcl.localhost:3001 http://nbcl.localhost:3001/dashboardportal/accounting/financialYears @ http://nbcl.localhost:3001/_next/static/chunks/node_modules_next_dist_f3530cac._.js:2297
[  300372ms] [LOG] Detected Host: nbcl.localhost:3001 http://nbcl.localhost:3001/dashboardportal/accounting/financialYears @ http://nbcl.localhost:3001/_next/static/chunks/node_modules_next_dist_f3530cac._.js:2297
[  300400ms] [LOG] Detected Host: nbcl.localhost:3001 http://nbcl.localhost:3001/dashboardportal/accounting/financialYears @ http://nbcl.localhost:3001/_next/static/chunks/node_modules_next_dist_f3530cac._.js:2297
[  300401ms] [LOG] Detected Host: nbcl.localhost:3001 http://nbcl.localhost:3001/dashboardportal/accounting/financialYears @ http://nbcl.localhost:3001/_next/static/chunks/node_modules_next_dist_f3530cac._.js:2297
[  300451ms] [LOG] Detected Host: nbcl.localhost:3001 http://nbcl.localhost:3001/dashboardportal/accounting/financialYears @ http://nbcl.localhost:3001/_next/static/chunks/node_modules_next_dist_f3530cac._.js:2297
[  300451ms] [LOG] Detected Host: nbcl.localhost:3001 http://nbcl.localhost:3001/dashboardportal/accounting/financialYears @ http://nbcl.localhost:3001/_next/static/chunks/node_modules_next_dist_f3530cac._.js:2297
[  300505ms] [LOG] Detected Host: nbcl.localhost:3001 http://nbcl.localhost:3001/dashboardportal/accounting/financialYears @ http://nbcl.localhost:3001/_next/static/chunks/node_modules_next_dist_f3530cac._.js:2297
[  300510ms] [LOG] Detected Host: nbcl.localhost:3001 http://nbcl.localhost:3001/dashboardportal/accounting/financialYears @ http://nbcl.localhost:3001/_next/static/chunks/node_modules_next_dist_f3530cac._.js:2297
[  300595ms] [LOG] Detected Host: nbcl.localhost:3001 http://nbcl.localhost:3001/dashboardportal/accounting/financialYears @ http://nbcl.localhost:3001/_next/static/chunks/node_modules_next_dist_f3530cac._.js:2297
[  300600ms] [LOG] Detected Host: nbcl.localhost:3001 http://nbcl.localhost:3001/dashboardportal/accounting/financialYears @ http://nbcl.localhost:3001/_next/static/chunks/node_modules_next_dist_f3530cac._.js:2297
[  300757ms] [LOG] Detected Host: nbcl.localhost:3001 http://nbcl.localhost:3001/dashboardportal/accounting/financialYears @ http://nbcl.localhost:3001/_next/static/chunks/node_modules_next_dist_f3530cac._.js:2297
[  300764ms] [LOG] Detected Host: nbcl.localhost:3001 http://nbcl.localhost:3001/dashboardportal/accounting/financialYears @ http://nbcl.localhost:3001/_next/static/chunks/node_modules_next_dist_f3530cac._.js:2297
[  300886ms] [LOG] Detected Host: nbcl.localhost:3001 http://nbcl.localhost:3001/dashboardportal/accounting/financialYears @ http://nbcl.localhost:3001/_next/static/chunks/node_modules_next_dist_f3530cac._.js:2297
[  300892ms] [LOG] Detected Host: nbcl.localhost:3001 http://nbcl.localhost:3001/dashboardportal/accounting/financialYears @ http://nbcl.localhost:3001/_next/static/chunks/node_modules_next_dist_f3530cac._.js:2297
[  301078ms] [LOG] Detected Host: nbcl.localhost:3001 http://nbcl.localhost:3001/dashboardportal/accounting/financialYears @ http://nbcl.localhost:3001/_next/static/chunks/node_modules_next_dist_f3530cac._.js:2297
[  301082ms] [LOG] Detected Host: nbcl.localhost:3001 http://nbcl.localhost:3001/dashboardportal/accounting/financialYears @ http://nbcl.localhost:3001/_next/static/chunks/node_modules_next_dist_f3530cac._.js:2297
[  301302ms] [ERROR] Failed to load resource: the server responded with a status of 500 (Internal Server Error) @ http://nbcl.localhost:3001/api/accounting/financial_years?co_id=1:0
[  301304ms] [ERROR] Error in fetchWithCookie for /api/accounting/financial_years?co_id=1: (pymysql.err.ProgrammingError) (1146, "Table 'nbcl.acc_financial_year' doesn't exist")
[SQL: SELECT
        afy.acc_financial_year_id,
        afy.co_id,
        afy.fy_start,
        afy.fy_end,
        afy.fy_label,
        afy.is_active,
        afy.is_locked,
        afy.locked_by,
        afy.locked_date_time
    FROM acc_financial_year afy
    WHERE (%(co_id)s IS NULL OR afy.co_id = %(co_id)s)
    ORDER BY afy.fy_start DESC;]
[parameters: {'co_id': 1}]
(Background on this error at: https://sqlalche.me/e/20/f405) @ http://nbcl.localhost:3001/_next/static/chunks/node_modules_next_dist_f3530cac._.js:3127
[  301313ms] [ERROR] Failed to load resource: the server responded with a status of 500 (Internal Server Error) @ http://nbcl.localhost:3001/api/accounting/financial_years?co_id=1:0
[  301314ms] [ERROR] Error in fetchWithCookie for /api/accounting/financial_years?co_id=1: (pymysql.err.ProgrammingError) (1146, "Table 'nbcl.acc_financial_year' doesn't exist")
[SQL: SELECT
        afy.acc_financial_year_id,
        afy.co_id,
        afy.fy_start,
        afy.fy_end,
        afy.fy_label,
        afy.is_active,
        afy.is_locked,
        afy.locked_by,
        afy.locked_date_time
    FROM acc_financial_year afy
    WHERE (%(co_id)s IS NULL OR afy.co_id = %(co_id)s)
    ORDER BY afy.fy_start DESC;]
[parameters: {'co_id': 1}]
(Background on this error at: https://sqlalche.me/e/20/f405) @ http://nbcl.localhost:3001/_next/static/chunks/node_modules_next_dist_f3530cac._.js:3127
[  301315ms] [ERROR] Failed to load resource: the server responded with a status of 500 (Internal Server Error) @ http://nbcl.localhost:3001/api/accounting/financial_years?co_id=1:0
[  301316ms] [ERROR] Error in fetchWithCookie for /api/accounting/financial_years?co_id=1: (pymysql.err.ProgrammingError) (1146, "Table 'nbcl.acc_financial_year' doesn't exist")
[SQL: SELECT
        afy.acc_financial_year_id,
        afy.co_id,
        afy.fy_start,
        afy.fy_end,
        afy.fy_label,
        afy.is_active,
        afy.is_locked,
        afy.locked_by,
        afy.locked_date_time
    FROM acc_financial_year afy
    WHERE (%(co_id)s IS NULL OR afy.co_id = %(co_id)s)
    ORDER BY afy.fy_start DESC;]
[parameters: {'co_id': 1}]
(Background on this error at: https://sqlalche.me/e/20/f405) @ http://nbcl.localhost:3001/_next/static/chunks/node_modules_next_dist_f3530cac._.js:3127
[  301564ms] [LOG] [Fast Refresh] rebuilding @ http://nbcl.localhost:3001/_next/static/chunks/node_modules_next_dist_f3530cac._.js:2297
[  301600ms] [LOG] [Fast Refresh] done in 143ms @ http://nbcl.localhost:3001/_next/static/chunks/node_modules_next_dist_f3530cac._.js:2297
[  302667ms] [LOG] [Fast Refresh] rebuilding @ http://nbcl.localhost:3001/_next/static/chunks/node_modules_next_dist_f3530cac._.js:2297
[  302668ms] [LOG] [Fast Refresh] done in 112ms @ http://nbcl.localhost:3001/_next/static/chunks/node_modules_next_dist_f3530cac._.js:2297
[  302903ms] [INFO] %cDownload the React DevTools for a better development experience: https://react.dev/link/react-devtools font-weight:bold @ http://nbcl.localhost:3001/_next/static/chunks/node_modules_next_dist_f3530cac._.js:2297
[  302943ms] [LOG] [HMR] connected @ http://nbcl.localhost:3001/_next/static/chunks/node_modules_next_dist_f3530cac._.js:2297
[  303119ms] [LOG] Detected Host: nbcl.localhost:3001 http://nbcl.localhost:3001/dashboardportal/accounting/ledgerGroups @ http://nbcl.localhost:3001/_next/static/chunks/node_modules_next_dist_f3530cac._.js:2297
[  303120ms] [LOG] Detected Host: nbcl.localhost:3001 http://nbcl.localhost:3001/dashboardportal/accounting/ledgerGroups @ http://nbcl.localhost:3001/_next/static/chunks/node_modules_next_dist_f3530cac._.js:2297
[  303149ms] [LOG] Detected Host: nbcl.localhost:3001 http://nbcl.localhost:3001/dashboardportal/accounting/ledgerGroups @ http://nbcl.localhost:3001/_next/static/chunks/node_modules_next_dist_f3530cac._.js:2297
[  303149ms] [LOG] Detected Host: nbcl.localhost:3001 http://nbcl.localhost:3001/dashboardportal/accounting/ledgerGroups @ http://nbcl.localhost:3001/_next/static/chunks/node_modules_next_dist_f3530cac._.js:2297
[  303200ms] [LOG] Detected Host: nbcl.localhost:3001 http://nbcl.localhost:3001/dashboardportal/accounting/ledgerGroups @ http://nbcl.localhost:3001/_next/static/chunks/node_modules_next_dist_f3530cac._.js:2297
[  303201ms] [LOG] Detected Host: nbcl.localhost:3001 http://nbcl.localhost:3001/dashboardportal/accounting/ledgerGroups @ http://nbcl.localhost:3001/_next/static/chunks/node_modules_next_dist_f3530cac._.js:2297
[  303315ms] [LOG] Detected Host: nbcl.localhost:3001 http://nbcl.localhost:3001/dashboardportal/accounting/ledgerGroups @ http://nbcl.localhost:3001/_next/static/chunks/node_modules_next_dist_f3530cac._.js:2297
[  303323ms] [LOG] Detected Host: nbcl.localhost:3001 http://nbcl.localhost:3001/dashboardportal/accounting/ledgerGroups @ http://nbcl.localhost:3001/_next/static/chunks/node_modules_next_dist_f3530cac._.js:2297
[  303424ms] [WARNING] MUI X: The page size `25` is not present in the `pageSizeOptions`.
Add it to show the pagination select. @ http://nbcl.localhost:3001/_next/static/chunks/node_modules_next_dist_f3530cac._.js:2297
[  303456ms] [LOG] Detected Host: nbcl.localhost:3001 http://nbcl.localhost:3001/dashboardportal/accounting/ledgerGroups @ http://nbcl.localhost:3001/_next/static/chunks/node_modules_next_dist_f3530cac._.js:2297
[  303463ms] [LOG] Detected Host: nbcl.localhost:3001 http://nbcl.localhost:3001/dashboardportal/accounting/ledgerGroups @ http://nbcl.localhost:3001/_next/static/chunks/node_modules_next_dist_f3530cac._.js:2297
[  303550ms] [WARNING] MUI X: The page size `25` is not present in the `pageSizeOptions`.
Add it to show the pagination select. @ http://nbcl.localhost:3001/_next/static/chunks/node_modules_next_dist_f3530cac._.js:2297
[  303636ms] [LOG] Detected Host: nbcl.localhost:3001 http://nbcl.localhost:3001/dashboardportal/accounting/ledgerGroups @ http://nbcl.localhost:3001/_next/static/chunks/node_modules_next_dist_f3530cac._.js:2297
[  303639ms] [LOG] Detected Host: nbcl.localhost:3001 http://nbcl.localhost:3001/dashboardportal/accounting/ledgerGroups @ http://nbcl.localhost:3001/_next/static/chunks/node_modules_next_dist_f3530cac._.js:2297
[  303723ms] [LOG] Detected Host: nbcl.localhost:3001 http://nbcl.localhost:3001/dashboardportal/accounting/ledgerGroups @ http://nbcl.localhost:3001/_next/static/chunks/node_modules_next_dist_f3530cac._.js:2297
[  303728ms] [LOG] Detected Host: nbcl.localhost:3001 http://nbcl.localhost:3001/dashboardportal/accounting/ledgerGroups @ http://nbcl.localhost:3001/_next/static/chunks/node_modules_next_dist_f3530cac._.js:2297
[  303915ms] [LOG] Detected Host: nbcl.localhost:3001 http://nbcl.localhost:3001/dashboardportal/accounting/ledgerGroups @ http://nbcl.localhost:3001/_next/static/chunks/node_modules_next_dist_f3530cac._.js:2297
[  303919ms] [LOG] Detected Host: nbcl.localhost:3001 http://nbcl.localhost:3001/dashboardportal/accounting/ledgerGroups @ http://nbcl.localhost:3001/_next/static/chunks/node_modules_next_dist_f3530cac._.js:2297
[  304089ms] [ERROR] Failed to load resource: the server responded with a status of 500 (Internal Server Error) @ http://nbcl.localhost:3001/api/accounting/ledger_groups?co_id=1:0
[  304090ms] [ERROR] Error in fetchWithCookie for /api/accounting/ledger_groups?co_id=1: (pymysql.err.ProgrammingError) (1146, "Table 'nbcl.acc_ledger_group' doesn't exist")
[SQL: SELECT
        alg.acc_ledger_group_id,
        alg.co_id,
        alg.parent_group_id,
        pg.group_name AS parent_group_name,
        alg.group_name,
        alg.group_code,
        alg.nature,
        alg.affects_gross_profit,
        alg.is_revenue,
        alg.normal_balance,
        alg.is_party_group,
        alg.is_system_group,
        alg.sequence_no
    FROM acc_ledger_group alg
    LEFT JOIN acc_ledger_group pg ON pg.acc_ledger_group_id = alg.parent_group_id
    WHERE alg.active = 1
        AND (%(co_id)s IS NULL OR alg.co_id = %(co_id)s)
    ORDER BY alg.sequence_no, alg.group_name;]
[parameters: {'co_id': 1}]
(Background on this error at: https://sqlalche.me/e/20/f405) @ http://nbcl.localhost:3001/_next/static/chunks/node_modules_next_dist_f3530cac._.js:3127
[  304103ms] [ERROR] Failed to load resource: the server responded with a status of 500 (Internal Server Error) @ http://nbcl.localhost:3001/api/accounting/ledger_groups?co_id=1:0
[  304103ms] [ERROR] Error in fetchWithCookie for /api/accounting/ledger_groups?co_id=1: (pymysql.err.ProgrammingError) (1146, "Table 'nbcl.acc_ledger_group' doesn't exist")
[SQL: SELECT
        alg.acc_ledger_group_id,
        alg.co_id,
        alg.parent_group_id,
        pg.group_name AS parent_group_name,
        alg.group_name,
        alg.group_code,
        alg.nature,
        alg.affects_gross_profit,
        alg.is_revenue,
        alg.normal_balance,
        alg.is_party_group,
        alg.is_system_group,
        alg.sequence_no
    FROM acc_ledger_group alg
    LEFT JOIN acc_ledger_group pg ON pg.acc_ledger_group_id = alg.parent_group_id
    WHERE alg.active = 1
        AND (%(co_id)s IS NULL OR alg.co_id = %(co_id)s)
    ORDER BY alg.sequence_no, alg.group_name;]
[parameters: {'co_id': 1}]
(Background on this error at: https://sqlalche.me/e/20/f405) @ http://nbcl.localhost:3001/_next/static/chunks/node_modules_next_dist_f3530cac._.js:3127
[  304260ms] [ERROR] Failed to load resource: the server responded with a status of 500 (Internal Server Error) @ http://nbcl.localhost:3001/api/accounting/ledger_groups?co_id=1:0
[  304262ms] [ERROR] Error in fetchWithCookie for /api/accounting/ledger_groups?co_id=1: (pymysql.err.ProgrammingError) (1146, "Table 'nbcl.acc_ledger_group' doesn't exist")
[SQL: SELECT
        alg.acc_ledger_group_id,
        alg.co_id,
        alg.parent_group_id,
        pg.group_name AS parent_group_name,
        alg.group_name,
        alg.group_code,
        alg.nature,
        alg.affects_gross_profit,
        alg.is_revenue,
        alg.normal_balance,
        alg.is_party_group,
        alg.is_system_group,
        alg.sequence_no
    FROM acc_ledger_group alg
    LEFT JOIN acc_ledger_group pg ON pg.acc_ledger_group_id = alg.parent_group_id
    WHERE alg.active = 1
        AND (%(co_id)s IS NULL OR alg.co_id = %(co_id)s)
    ORDER BY alg.sequence_no, alg.group_name;]
[parameters: {'co_id': 1}]
(Background on this error at: https://sqlalche.me/e/20/f405) @ http://nbcl.localhost:3001/_next/static/chunks/node_modules_next_dist_f3530cac._.js:3127
[  305414ms] [LOG] [Fast Refresh] rebuilding @ http://nbcl.localhost:3001/_next/static/chunks/node_modules_next_dist_f3530cac._.js:2297
[  305430ms] [LOG] [Fast Refresh] done in 124ms @ http://nbcl.localhost:3001/_next/static/chunks/node_modules_next_dist_f3530cac._.js:2297
[  305625ms] [INFO] %cDownload the React DevTools for a better development experience: https://react.dev/link/react-devtools font-weight:bold @ http://nbcl.localhost:3001/_next/static/chunks/node_modules_next_dist_f3530cac._.js:2297
[  305661ms] [LOG] [HMR] connected @ http://nbcl.localhost:3001/_next/static/chunks/node_modules_next_dist_f3530cac._.js:2297
[  305874ms] [LOG] Detected Host: nbcl.localhost:3001 http://nbcl.localhost:3001/dashboardportal/accounting/ledgers @ http://nbcl.localhost:3001/_next/static/chunks/node_modules_next_dist_f3530cac._.js:2297
[  305875ms] [LOG] Detected Host: nbcl.localhost:3001 http://nbcl.localhost:3001/dashboardportal/accounting/ledgers @ http://nbcl.localhost:3001/_next/static/chunks/node_modules_next_dist_f3530cac._.js:2297
[  305986ms] [LOG] [Fast Refresh] rebuilding @ http://nbcl.localhost:3001/_next/static/chunks/node_modules_next_dist_f3530cac._.js:2297
[  306025ms] [LOG] Detected Host: nbcl.localhost:3001 http://nbcl.localhost:3001/dashboardportal/accounting/ledgers @ http://nbcl.localhost:3001/_next/static/chunks/node_modules_next_dist_f3530cac._.js:2297
[  306035ms] [LOG] Detected Host: nbcl.localhost:3001 http://nbcl.localhost:3001/dashboardportal/accounting/ledgers @ http://nbcl.localhost:3001/_next/static/chunks/node_modules_next_dist_f3530cac._.js:2297
[  306137ms] [WARNING] MUI X: The page size `15` is not present in the `pageSizeOptions`.
Add it to show the pagination select. @ http://nbcl.localhost:3001/_next/static/chunks/node_modules_next_dist_f3530cac._.js:2297
[  306161ms] [LOG] Detected Host: nbcl.localhost:3001 http://nbcl.localhost:3001/dashboardportal/accounting/ledgers @ http://nbcl.localhost:3001/_next/static/chunks/node_modules_next_dist_f3530cac._.js:2297
[  306168ms] [LOG] Detected Host: nbcl.localhost:3001 http://nbcl.localhost:3001/dashboardportal/accounting/ledgers @ http://nbcl.localhost:3001/_next/static/chunks/node_modules_next_dist_f3530cac._.js:2297
[  306261ms] [WARNING] MUI X: The page size `15` is not present in the `pageSizeOptions`.
Add it to show the pagination select. @ http://nbcl.localhost:3001/_next/static/chunks/node_modules_next_dist_f3530cac._.js:2297
[  306363ms] [LOG] Detected Host: nbcl.localhost:3001 http://nbcl.localhost:3001/dashboardportal/accounting/ledgers @ http://nbcl.localhost:3001/_next/static/chunks/node_modules_next_dist_f3530cac._.js:2297
[  306377ms] [LOG] Detected Host: nbcl.localhost:3001 http://nbcl.localhost:3001/dashboardportal/accounting/ledgers @ http://nbcl.localhost:3001/_next/static/chunks/node_modules_next_dist_f3530cac._.js:2297
[  306495ms] [LOG] Detected Host: nbcl.localhost:3001 http://nbcl.localhost:3001/dashboardportal/accounting/ledgers @ http://nbcl.localhost:3001/_next/static/chunks/node_modules_next_dist_f3530cac._.js:2297
[  306502ms] [LOG] Detected Host: nbcl.localhost:3001 http://nbcl.localhost:3001/dashboardportal/accounting/ledgers @ http://nbcl.localhost:3001/_next/static/chunks/node_modules_next_dist_f3530cac._.js:2297
[  306716ms] [LOG] Detected Host: nbcl.localhost:3001 http://nbcl.localhost:3001/dashboardportal/accounting/ledgers @ http://nbcl.localhost:3001/_next/static/chunks/node_modules_next_dist_f3530cac._.js:2297
[  306720ms] [LOG] Detected Host: nbcl.localhost:3001 http://nbcl.localhost:3001/dashboardportal/accounting/ledgers @ http://nbcl.localhost:3001/_next/static/chunks/node_modules_next_dist_f3530cac._.js:2297
[  306934ms] [ERROR] Failed to load resource: the server responded with a status of 500 (Internal Server Error) @ http://nbcl.localhost:3001/api/accounting/ledger_groups?co_id=1:0
[  306935ms] [ERROR] Error in fetchWithCookie for /api/accounting/ledger_groups?co_id=1: (pymysql.err.ProgrammingError) (1146, "Table 'nbcl.acc_ledger_group' doesn't exist")
[SQL: SELECT
        alg.acc_ledger_group_id,
        alg.co_id,
        alg.parent_group_id,
        pg.group_name AS parent_group_name,
        alg.group_name,
        alg.group_code,
        alg.nature,
        alg.affects_gross_profit,
        alg.is_revenue,
        alg.normal_balance,
        alg.is_party_group,
        alg.is_system_group,
        alg.sequence_no
    FROM acc_ledger_group alg
    LEFT JOIN acc_ledger_group pg ON pg.acc_ledger_group_id = alg.parent_group_id
    WHERE alg.active = 1
        AND (%(co_id)s IS NULL OR alg.co_id = %(co_id)s)
    ORDER BY alg.sequence_no, alg.group_name;]
[parameters: {'co_id': 1}]
(Background on this error at: https://sqlalche.me/e/20/f405) @ http://nbcl.localhost:3001/_next/static/chunks/node_modules_next_dist_f3530cac._.js:3127
[  306936ms] [ERROR] Failed to load resource: the server responded with a status of 500 (Internal Server Error) @ http://nbcl.localhost:3001/api/accounting/ledgers?co_id=1&page=1&limit=15:0
[  306937ms] [ERROR] Error in fetchWithCookie for /api/accounting/ledgers?co_id=1&page=1&limit=15: (pymysql.err.ProgrammingError) (1146, "Table 'nbcl.acc_ledger' doesn't exist")
[SQL: SELECT
        al.acc_ledger_id,
        al.co_id,
        al.acc_ledger_group_id,
        alg.group_name,
        alg.nature AS group_nature,
        al.ledger_name,
        al.ledger_code,
        al.ledger_type,
        al.party_id,
        pm.supp_name AS party_name,
        al.credit_days,
        al.credit_limit,
        al.opening_balance,
        al.opening_balance_type,
        al.opening_fy_id,
        al.gst_applicable,
        al.hsn_sac_code,
        al.is_system_ledger,
        al.is_related_party
    FROM acc_ledger al
    LEFT JOIN acc_ledger_group alg ON alg.acc_ledger_group_id = al.acc_ledger_group_id
    LEFT JOIN party_mst pm ON pm.party_id = al.party_id
    WHERE al.active = 1
        AND (%(co_id)s IS NULL OR al.co_id = %(co_id)s)
        AND (%(ledger_type)s IS NULL OR al.ledger_type = %(ledger_type)s)
        AND (
            %(search)s IS NULL
            OR al.ledger_name LIKE %(search)s
            OR al.ledger_code LIKE %(search)s
        )
    ORDER BY alg.group_name, al.ledger_name;]
[parameters: {'co_id': 1, 'ledger_type': None, 'search': None}]
(Background on this error at: https://sqlalche.me/e/20/f405) @ http://nbcl.localhost:3001/_next/static/chunks/node_modules_next_dist_f3530cac._.js:3127
[  306942ms] [LOG] [Fast Refresh] done in 1063ms @ http://nbcl.localhost:3001/_next/static/chunks/node_modules_next_dist_f3530cac._.js:2297
[  306945ms] [ERROR] Failed to load resource: the server responded with a status of 500 (Internal Server Error) @ http://nbcl.localhost:3001/api/accounting/ledger_groups?co_id=1:0
[  306946ms] [ERROR] Error in fetchWithCookie for /api/accounting/ledger_groups?co_id=1: (pymysql.err.ProgrammingError) (1146, "Table 'nbcl.acc_ledger_group' doesn't exist")
[SQL: SELECT
        alg.acc_ledger_group_id,
        alg.co_id,
        alg.parent_group_id,
        pg.group_name AS parent_group_name,
        alg.group_name,
        alg.group_code,
        alg.nature,
        alg.affects_gross_profit,
        alg.is_revenue,
        alg.normal_balance,
        alg.is_party_group,
        alg.is_system_group,
        alg.sequence_no
    FROM acc_ledger_group alg
    LEFT JOIN acc_ledger_group pg ON pg.acc_ledger_group_id = alg.parent_group_id
    WHERE alg.active = 1
        AND (%(co_id)s IS NULL OR alg.co_id = %(co_id)s)
    ORDER BY alg.sequence_no, alg.group_name;]
[parameters: {'co_id': 1}]
(Background on this error at: https://sqlalche.me/e/20/f405) @ http://nbcl.localhost:3001/_next/static/chunks/node_modules_next_dist_f3530cac._.js:3127
[  306946ms] [ERROR] Failed to load resource: the server responded with a status of 500 (Internal Server Error) @ http://nbcl.localhost:3001/api/accounting/ledgers?co_id=1&page=1&limit=15:0
[  306947ms] [ERROR] Error in fetchWithCookie for /api/accounting/ledgers?co_id=1&page=1&limit=15: (pymysql.err.ProgrammingError) (1146, "Table 'nbcl.acc_ledger' doesn't exist")
[SQL: SELECT
        al.acc_ledger_id,
        al.co_id,
        al.acc_ledger_group_id,
        alg.group_name,
        alg.nature AS group_nature,
        al.ledger_name,
        al.ledger_code,
        al.ledger_type,
        al.party_id,
        pm.supp_name AS party_name,
        al.credit_days,
        al.credit_limit,
        al.opening_balance,
        al.opening_balance_type,
        al.opening_fy_id,
        al.gst_applicable,
        al.hsn_sac_code,
        al.is_system_ledger,
        al.is_related_party
    FROM acc_ledger al
    LEFT JOIN acc_ledger_group alg ON alg.acc_ledger_group_id = al.acc_ledger_group_id
    LEFT JOIN party_mst pm ON pm.party_id = al.party_id
    WHERE al.active = 1
        AND (%(co_id)s IS NULL OR al.co_id = %(co_id)s)
        AND (%(ledger_type)s IS NULL OR al.ledger_type = %(ledger_type)s)
        AND (
            %(search)s IS NULL
            OR al.ledger_name LIKE %(search)s
            OR al.ledger_code LIKE %(search)s
        )
    ORDER BY alg.group_name, al.ledger_name;]
[parameters: {'co_id': 1, 'ledger_type': None, 'search': None}]
(Background on this error at: https://sqlalche.me/e/20/f405) @ http://nbcl.localhost:3001/_next/static/chunks/node_modules_next_dist_f3530cac._.js:3127
[  307107ms] [ERROR] Failed to load resource: the server responded with a status of 500 (Internal Server Error) @ http://nbcl.localhost:3001/api/accounting/ledger_groups?co_id=1:0
[  307110ms] [ERROR] Error in fetchWithCookie for /api/accounting/ledger_groups?co_id=1: (pymysql.err.ProgrammingError) (1146, "Table 'nbcl.acc_ledger_group' doesn't exist")
[SQL: SELECT
        alg.acc_ledger_group_id,
        alg.co_id,
        alg.parent_group_id,
        pg.group_name AS parent_group_name,
        alg.group_name,
        alg.group_code,
        alg.nature,
        alg.affects_gross_profit,
        alg.is_revenue,
        alg.normal_balance,
        alg.is_party_group,
        alg.is_system_group,
        alg.sequence_no
    FROM acc_ledger_group alg
    LEFT JOIN acc_ledger_group pg ON pg.acc_ledger_group_id = alg.parent_group_id
    WHERE alg.active = 1
        AND (%(co_id)s IS NULL OR alg.co_id = %(co_id)s)
    ORDER BY alg.sequence_no, alg.group_name;]
[parameters: {'co_id': 1}]
(Background on this error at: https://sqlalche.me/e/20/f405) @ http://nbcl.localhost:3001/_next/static/chunks/node_modules_next_dist_f3530cac._.js:3127
[  307110ms] [ERROR] Failed to load resource: the server responded with a status of 500 (Internal Server Error) @ http://nbcl.localhost:3001/api/accounting/ledgers?co_id=1&page=1&limit=15:0
[  307112ms] [ERROR] Error in fetchWithCookie for /api/accounting/ledgers?co_id=1&page=1&limit=15: (pymysql.err.ProgrammingError) (1146, "Table 'nbcl.acc_ledger' doesn't exist")
[SQL: SELECT
        al.acc_ledger_id,
        al.co_id,
        al.acc_ledger_group_id,
        alg.group_name,
        alg.nature AS group_nature,
        al.ledger_name,
        al.ledger_code,
        al.ledger_type,
        al.party_id,
        pm.supp_name AS party_name,
        al.credit_days,
        al.credit_limit,
        al.opening_balance,
        al.opening_balance_type,
        al.opening_fy_id,
        al.gst_applicable,
        al.hsn_sac_code,
        al.is_system_ledger,
        al.is_related_party
    FROM acc_ledger al
    LEFT JOIN acc_ledger_group alg ON alg.acc_ledger_group_id = al.acc_ledger_group_id
    LEFT JOIN party_mst pm ON pm.party_id = al.party_id
    WHERE al.active = 1
        AND (%(co_id)s IS NULL OR al.co_id = %(co_id)s)
        AND (%(ledger_type)s IS NULL OR al.ledger_type = %(ledger_type)s)
        AND (
            %(search)s IS NULL
            OR al.ledger_name LIKE %(search)s
            OR al.ledger_code LIKE %(search)s
        )
    ORDER BY alg.group_name, al.ledger_name;]
[parameters: {'co_id': 1, 'ledger_type': None, 'search': None}]
(Background on this error at: https://sqlalche.me/e/20/f405) @ http://nbcl.localhost:3001/_next/static/chunks/node_modules_next_dist_f3530cac._.js:3127
[  308187ms] [LOG] [Fast Refresh] rebuilding @ http://nbcl.localhost:3001/_next/static/chunks/node_modules_next_dist_f3530cac._.js:2297
[  308234ms] [LOG] [Fast Refresh] done in 151ms @ http://nbcl.localhost:3001/_next/static/chunks/node_modules_next_dist_f3530cac._.js:2297
[  308454ms] [INFO] %cDownload the React DevTools for a better development experience: https://react.dev/link/react-devtools font-weight:bold @ http://nbcl.localhost:3001/_next/static/chunks/node_modules_next_dist_f3530cac._.js:2297
[  308501ms] [LOG] [HMR] connected @ http://nbcl.localhost:3001/_next/static/chunks/node_modules_next_dist_f3530cac._.js:2297
[  308692ms] [LOG] Detected Host: nbcl.localhost:3001 http://nbcl.localhost:3001/dashboardportal/accounting/vouchers @ http://nbcl.localhost:3001/_next/static/chunks/node_modules_next_dist_f3530cac._.js:2297
[  308693ms] [LOG] Detected Host: nbcl.localhost:3001 http://nbcl.localhost:3001/dashboardportal/accounting/vouchers @ http://nbcl.localhost:3001/_next/static/chunks/node_modules_next_dist_f3530cac._.js:2297
[  308788ms] [LOG] Detected Host: nbcl.localhost:3001 http://nbcl.localhost:3001/dashboardportal/accounting/vouchers @ http://nbcl.localhost:3001/_next/static/chunks/node_modules_next_dist_f3530cac._.js:2297
[  308795ms] [LOG] Detected Host: nbcl.localhost:3001 http://nbcl.localhost:3001/dashboardportal/accounting/vouchers @ http://nbcl.localhost:3001/_next/static/chunks/node_modules_next_dist_f3530cac._.js:2297
[  308940ms] [LOG] Detected Host: nbcl.localhost:3001 http://nbcl.localhost:3001/dashboardportal/accounting/vouchers @ http://nbcl.localhost:3001/_next/static/chunks/node_modules_next_dist_f3530cac._.js:2297
[  308943ms] [LOG] Detected Host: nbcl.localhost:3001 http://nbcl.localhost:3001/dashboardportal/accounting/vouchers @ http://nbcl.localhost:3001/_next/static/chunks/node_modules_next_dist_f3530cac._.js:2297
[  309128ms] [LOG] Detected Host: nbcl.localhost:3001 http://nbcl.localhost:3001/dashboardportal/accounting/vouchers @ http://nbcl.localhost:3001/_next/static/chunks/node_modules_next_dist_f3530cac._.js:2297
[  309138ms] [LOG] Detected Host: nbcl.localhost:3001 http://nbcl.localhost:3001/dashboardportal/accounting/vouchers @ http://nbcl.localhost:3001/_next/static/chunks/node_modules_next_dist_f3530cac._.js:2297
[  309460ms] [LOG] Detected Host: nbcl.localhost:3001 http://nbcl.localhost:3001/dashboardportal/accounting/vouchers @ http://nbcl.localhost:3001/_next/static/chunks/node_modules_next_dist_f3530cac._.js:2297
[  309465ms] [LOG] Detected Host: nbcl.localhost:3001 http://nbcl.localhost:3001/dashboardportal/accounting/vouchers @ http://nbcl.localhost:3001/_next/static/chunks/node_modules_next_dist_f3530cac._.js:2297
[  309677ms] [LOG] Detected Host: nbcl.localhost:3001 http://nbcl.localhost:3001/dashboardportal/accounting/vouchers @ http://nbcl.localhost:3001/_next/static/chunks/node_modules_next_dist_f3530cac._.js:2297
[  309679ms] [LOG] Detected Host: nbcl.localhost:3001 http://nbcl.localhost:3001/dashboardportal/accounting/vouchers @ http://nbcl.localhost:3001/_next/static/chunks/node_modules_next_dist_f3530cac._.js:2297
[  309893ms] [ERROR] Failed to load resource: the server responded with a status of 500 (Internal Server Error) @ http://nbcl.localhost:3001/api/accounting/vouchers?co_id=1&page=1&limit=20:0
[  309894ms] [ERROR] Error in fetchWithCookie for /api/accounting/vouchers?co_id=1&page=1&limit=20: (pymysql.err.ProgrammingError) (1146, "Table 'nbcl.acc_voucher' doesn't exist")
[SQL: SELECT
        av.acc_voucher_id,
        av.co_id,
        av.branch_id,
        bm.branch_name,
        av.acc_voucher_type_id,
        avt.type_name AS voucher_type_name,
        avt.type_code AS voucher_type_code,
        av.acc_financial_year_id,
        afy.fy_label,
        av.voucher_no,
        av.voucher_date,
        av.party_id,
        pm.supp_name AS party_name,
        av.ref_no,
        av.ref_date,
        av.narration,
        av.total_amount,
        av.source_doc_type,
        av.source_doc_id,
        av.is_auto_posted,
        av.is_reversed,
        av.status_id,
        sm.status_name,
        av.approval_level,
        av.updated_date_time
    FROM acc_voucher av
    LEFT JOIN acc_voucher_type avt ON avt.acc_voucher_type_id = av.acc_voucher_type_id
    LEFT JOIN acc_financial_year afy ON afy.acc_financial_year_id = av.acc_financial_year_id
    LEFT JOIN branch_mst bm ON bm.branch_id = av.branch_id
    LEFT JOIN party_mst pm ON pm.party_id = av.party_id
    LEFT JOIN status_mst sm ON sm.status_id = av.status_id
    WHERE av.active = 1
        AND (%(co_id)s IS NULL OR av.co_id = %(co_id)s)
        AND (%(branch_id)s IS NULL OR av.branch_id = %(branch_id)s)
        AND (%(voucher_type_id)s IS NULL OR av.acc_voucher_type_id = %(voucher_type_id)s)
        AND (%(from_date)s IS NULL OR av.voucher_date >= %(from_date)s)
        AND (%(to_date)s IS NULL OR av.voucher_date <= %(to_date)s)
        AND (%(party_id)s IS NULL OR av.party_id = %(party_id)s)
        AND (%(source_doc_type)s IS NULL OR av.source_doc_type = %(source_doc_type)s)
        AND (%(status_id)s IS NULL OR av.status_id = %(status_id)s)
        AND (%(search)s IS NULL OR av.voucher_no LIKE %(search)s
             OR pm.supp_name LIKE %(search)s OR avt.type_name LIKE %(search)s)
    ORDER BY av.voucher_date DESC, av.acc_voucher_id DESC
    LIMIT %(limit)s OFFSET %(offset)s;]
[parameters: {'co_id': 1, 'branch_id': None, 'voucher_type_id': None, 'from_date': None, 'to_date': None, 'party_id': None, 'source_doc_type': None, 'status_id': None, 'search': None, 'limit': 20, 'offset': 0}]
(Background on this error at: https://sqlalche.me/e/20/f405) @ http://nbcl.localhost:3001/_next/static/chunks/node_modules_next_dist_f3530cac._.js:3127
[  310159ms] [LOG] [Fast Refresh] rebuilding @ http://nbcl.localhost:3001/_next/static/chunks/node_modules_next_dist_f3530cac._.js:2297
[  310169ms] [LOG] [Fast Refresh] done in 115ms @ http://nbcl.localhost:3001/_next/static/chunks/node_modules_next_dist_f3530cac._.js:2297
[  310982ms] [LOG] [Fast Refresh] rebuilding @ http://nbcl.localhost:3001/_next/static/chunks/node_modules_next_dist_f3530cac._.js:2297
[  311007ms] [LOG] [Fast Refresh] done in 129ms @ http://nbcl.localhost:3001/_next/static/chunks/node_modules_next_dist_f3530cac._.js:2297
[  311227ms] [INFO] %cDownload the React DevTools for a better development experience: https://react.dev/link/react-devtools font-weight:bold @ http://nbcl.localhost:3001/_next/static/chunks/node_modules_next_dist_f3530cac._.js:2297
[  311259ms] [LOG] [HMR] connected @ http://nbcl.localhost:3001/_next/static/chunks/node_modules_next_dist_f3530cac._.js:2297
[  311427ms] [LOG] Detected Host: nbcl.localhost:3001 http://nbcl.localhost:3001/dashboardportal/accounting/voucherTypes @ http://nbcl.localhost:3001/_next/static/chunks/node_modules_next_dist_f3530cac._.js:2297
[  311428ms] [LOG] Detected Host: nbcl.localhost:3001 http://nbcl.localhost:3001/dashboardportal/accounting/voucherTypes @ http://nbcl.localhost:3001/_next/static/chunks/node_modules_next_dist_f3530cac._.js:2297
[  311457ms] [LOG] Detected Host: nbcl.localhost:3001 http://nbcl.localhost:3001/dashboardportal/accounting/voucherTypes @ http://nbcl.localhost:3001/_next/static/chunks/node_modules_next_dist_f3530cac._.js:2297
[  311457ms] [LOG] Detected Host: nbcl.localhost:3001 http://nbcl.localhost:3001/dashboardportal/accounting/voucherTypes @ http://nbcl.localhost:3001/_next/static/chunks/node_modules_next_dist_f3530cac._.js:2297
[  311574ms] [LOG] Detected Host: nbcl.localhost:3001 http://nbcl.localhost:3001/dashboardportal/accounting/voucherTypes @ http://nbcl.localhost:3001/_next/static/chunks/node_modules_next_dist_f3530cac._.js:2297
[  311583ms] [LOG] Detected Host: nbcl.localhost:3001 http://nbcl.localhost:3001/dashboardportal/accounting/voucherTypes @ http://nbcl.localhost:3001/_next/static/chunks/node_modules_next_dist_f3530cac._.js:2297
[  311669ms] [WARNING] MUI X: The page size `15` is not present in the `pageSizeOptions`.
Add it to show the pagination select. @ http://nbcl.localhost:3001/_next/static/chunks/node_modules_next_dist_f3530cac._.js:2297
[  311684ms] [LOG] Detected Host: nbcl.localhost:3001 http://nbcl.localhost:3001/dashboardportal/accounting/voucherTypes @ http://nbcl.localhost:3001/_next/static/chunks/node_modules_next_dist_f3530cac._.js:2297
[  311687ms] [LOG] Detected Host: nbcl.localhost:3001 http://nbcl.localhost:3001/dashboardportal/accounting/voucherTypes @ http://nbcl.localhost:3001/_next/static/chunks/node_modules_next_dist_f3530cac._.js:2297
[  311734ms] [WARNING] MUI X: The page size `15` is not present in the `pageSizeOptions`.
Add it to show the pagination select. @ http://nbcl.localhost:3001/_next/static/chunks/node_modules_next_dist_f3530cac._.js:2297
[  311802ms] [LOG] Detected Host: nbcl.localhost:3001 http://nbcl.localhost:3001/dashboardportal/accounting/voucherTypes @ http://nbcl.localhost:3001/_next/static/chunks/node_modules_next_dist_f3530cac._.js:2297
[  311805ms] [LOG] Detected Host: nbcl.localhost:3001 http://nbcl.localhost:3001/dashboardportal/accounting/voucherTypes @ http://nbcl.localhost:3001/_next/static/chunks/node_modules_next_dist_f3530cac._.js:2297
[  311924ms] [LOG] Detected Host: nbcl.localhost:3001 http://nbcl.localhost:3001/dashboardportal/accounting/voucherTypes @ http://nbcl.localhost:3001/_next/static/chunks/node_modules_next_dist_f3530cac._.js:2297
[  311931ms] [LOG] Detected Host: nbcl.localhost:3001 http://nbcl.localhost:3001/dashboardportal/accounting/voucherTypes @ http://nbcl.localhost:3001/_next/static/chunks/node_modules_next_dist_f3530cac._.js:2297
[  312186ms] [LOG] Detected Host: nbcl.localhost:3001 http://nbcl.localhost:3001/dashboardportal/accounting/voucherTypes @ http://nbcl.localhost:3001/_next/static/chunks/node_modules_next_dist_f3530cac._.js:2297
[  312191ms] [LOG] Detected Host: nbcl.localhost:3001 http://nbcl.localhost:3001/dashboardportal/accounting/voucherTypes @ http://nbcl.localhost:3001/_next/static/chunks/node_modules_next_dist_f3530cac._.js:2297
[  312365ms] [ERROR] Failed to load resource: the server responded with a status of 500 (Internal Server Error) @ http://nbcl.localhost:3001/api/accounting/voucher_types?co_id=1:0
[  312366ms] [ERROR] Error in fetchWithCookie for /api/accounting/voucher_types?co_id=1: (pymysql.err.ProgrammingError) (1146, "Table 'nbcl.acc_voucher_type' doesn't exist")
[SQL: SELECT
        avt.acc_voucher_type_id,
        avt.co_id,
        avt.type_name,
        avt.type_code,
        avt.type_category,
        avt.auto_numbering,
        avt.prefix,
        avt.requires_bank_cash,
        avt.is_system_type
    FROM acc_voucher_type avt
    WHERE avt.active = 1
        AND (%(co_id)s IS NULL OR avt.co_id = %(co_id)s)
    ORDER BY avt.type_name;]
[parameters: {'co_id': 1}]
(Background on this error at: https://sqlalche.me/e/20/f405) @ http://nbcl.localhost:3001/_next/static/chunks/node_modules_next_dist_f3530cac._.js:3127
[  312369ms] [ERROR] Failed to load resource: the server responded with a status of 500 (Internal Server Error) @ http://nbcl.localhost:3001/api/accounting/voucher_types?co_id=1:0
[  312370ms] [ERROR] Error in fetchWithCookie for /api/accounting/voucher_types?co_id=1: (pymysql.err.ProgrammingError) (1146, "Table 'nbcl.acc_voucher_type' doesn't exist")
[SQL: SELECT
        avt.acc_voucher_type_id,
        avt.co_id,
        avt.type_name,
        avt.type_code,
        avt.type_category,
        avt.auto_numbering,
        avt.prefix,
        avt.requires_bank_cash,
        avt.is_system_type
    FROM acc_voucher_type avt
    WHERE avt.active = 1
        AND (%(co_id)s IS NULL OR avt.co_id = %(co_id)s)
    ORDER BY avt.type_name;]
[parameters: {'co_id': 1}]
(Background on this error at: https://sqlalche.me/e/20/f405) @ http://nbcl.localhost:3001/_next/static/chunks/node_modules_next_dist_f3530cac._.js:3127
[  312489ms] [ERROR] Failed to load resource: the server responded with a status of 500 (Internal Server Error) @ http://nbcl.localhost:3001/api/accounting/voucher_types?co_id=1:0
[  312490ms] [ERROR] Error in fetchWithCookie for /api/accounting/voucher_types?co_id=1: (pymysql.err.ProgrammingError) (1146, "Table 'nbcl.acc_voucher_type' doesn't exist")
[SQL: SELECT
        avt.acc_voucher_type_id,
        avt.co_id,
        avt.type_name,
        avt.type_code,
        avt.type_category,
        avt.auto_numbering,
        avt.prefix,
        avt.requires_bank_cash,
        avt.is_system_type
    FROM acc_voucher_type avt
    WHERE avt.active = 1
        AND (%(co_id)s IS NULL OR avt.co_id = %(co_id)s)
    ORDER BY avt.type_name;]
[parameters: {'co_id': 1}]
(Background on this error at: https://sqlalche.me/e/20/f405) @ http://nbcl.localhost:3001/_next/static/chunks/node_modules_next_dist_f3530cac._.js:3127
[  414647ms] [LOG] [HMR] connected @ http://nbcl.localhost:3001/_next/static/chunks/node_modules_next_dist_f3530cac._.js:2297
[  414969ms] [LOG] [Fast Refresh] rebuilding @ http://nbcl.localhost:3001/_next/static/chunks/node_modules_next_dist_f3530cac._.js:2297
[  415010ms] [LOG] [Fast Refresh] done in 161ms @ http://nbcl.localhost:3001/_next/static/chunks/node_modules_next_dist_f3530cac._.js:2297
[  427891ms] [LOG] [Fast Refresh] rebuilding @ http://nbcl.localhost:3001/_next/static/chunks/node_modules_next_dist_f3530cac._.js:2297
[  427914ms] [LOG] [Fast Refresh] done in 135ms @ http://nbcl.localhost:3001/_next/static/chunks/node_modules_next_dist_f3530cac._.js:2297
[  428139ms] [INFO] %cDownload the React DevTools for a better development experience: https://react.dev/link/react-devtools font-weight:bold @ http://nbcl.localhost:3001/_next/static/chunks/node_modules_next_dist_f3530cac._.js:2297
[  428188ms] [LOG] [HMR] connected @ http://nbcl.localhost:3001/_next/static/chunks/node_modules_next_dist_f3530cac._.js:2297
[  428393ms] [LOG] Detected Host: nbcl.localhost:3001 http://nbcl.localhost:3001/dashboardportal/masters/shiftMaster @ http://nbcl.localhost:3001/_next/static/chunks/node_modules_next_dist_f3530cac._.js:2297
[  428393ms] [LOG] Detected Host: nbcl.localhost:3001 http://nbcl.localhost:3001/dashboardportal/masters/shiftMaster @ http://nbcl.localhost:3001/_next/static/chunks/node_modules_next_dist_f3530cac._.js:2297
[  428460ms] [ERROR] A tree hydrated but some attributes of the server rendered HTML didn't match the client properties. This won't be patched up. This can happen if a SSR-ed Client Component used:

- A server/client branch `if (typeof window !== 'undefined')`.
- Variable input such as `Date.now()` or `Math.random()` which changes each time it's called.
- Date formatting in a user's locale which doesn't match the server.
- External changing data without sending a snapshot of it along with the HTML.
- Invalid HTML tag nesting.

It can also happen if the client has a browser extension installed which messes with the HTML before React loaded.

%s%s https://react.dev/link/hydration-mismatch 

  ...
    <Box className="flex flex-...">
      <Styled(div) as="div" ref={null} className="flex flex-..." theme={{...}} sx={{}}>
        <Insertion>
        <div className="flex flex-...">
          <TextField size="small" value="" onChange={function IndexWrapper.useCallback[handleSearchInputChange]} ...>
            <MuiTextField-root disabled={false} error={false} fullWidth={false} required={false} color="primary" ...>
              <Insertion>
              <FormControl disabled={false} error={false} fullWidth={false} required={false} color="primary" ...>
                <MuiFormControl-root as="div" ownerState={{disabled:false, ...}} className="MuiFormCon..." ref={null}>
                  <Insertion>
                  <div className="MuiFormCon...">
                    <OutlinedInput aria-describedby={undefined} autoComplete={undefined} autoFocus={false} ...>
                      <InputBase slots={{root:{...}, ...}} slotProps={{}} renderSuffix={function renderSuffix} ...>
                        <GlobalStylesWrapper>
                        <MuiOutlinedInput-root ref={null} onClick={function handleClick} ownerState={{slots:{...}, ...}} ...>
                          <Insertion>
                          <div onClick={function handleClick} className="MuiInputBa...">
                            <MuiOutlinedInput-input aria-invalid={false} aria-describedby={undefined} ...>
                              <Insertion>
                              <input
                                aria-invalid={false}
                                aria-describedby={undefined}
                                autoComplete={undefined}
                                autoFocus={false}
                                defaultValue={undefined}
                                disabled={false}
+                               id="_R_3aaatpesne9erllb_"
-                               id="_R_d99bn5ritp9erllb_"
                                onAnimationStart={function handleAutoFill}
                                name={undefined}
                                placeholder="Search by shift name or branch"
                                readOnly={undefined}
                                required={false}
                                rows={undefined}
                                value=""
                                onKeyDown={undefined}
                                onKeyUp={undefined}
                                type="text"
                                className="MuiInputBase-input MuiOutlinedInput-input MuiInputBase-inputSizeSmall mui-1..."
                                onBlur={function handleBlur}
                                onChange={function handleChange}
                                onFocus={function handleFocus}
                                ref={function useForkRef.useMemo}
                              >
                            ...
 @ http://nbcl.localhost:3001/_next/static/chunks/node_modules_next_dist_f3530cac._.js:3127
[  428478ms] [LOG] Detected Host: nbcl.localhost:3001 http://nbcl.localhost:3001/dashboardportal/masters/shiftMaster @ http://nbcl.localhost:3001/_next/static/chunks/node_modules_next_dist_f3530cac._.js:2297
[  428484ms] [LOG] Detected Host: nbcl.localhost:3001 http://nbcl.localhost:3001/dashboardportal/masters/shiftMaster @ http://nbcl.localhost:3001/_next/static/chunks/node_modules_next_dist_f3530cac._.js:2297
[  428620ms] [LOG] Detected Host: nbcl.localhost:3001 http://nbcl.localhost:3001/dashboardportal/masters/shiftMaster @ http://nbcl.localhost:3001/_next/static/chunks/node_modules_next_dist_f3530cac._.js:2297
[  428627ms] [LOG] Detected Host: nbcl.localhost:3001 http://nbcl.localhost:3001/dashboardportal/masters/shiftMaster @ http://nbcl.localhost:3001/_next/static/chunks/node_modules_next_dist_f3530cac._.js:2297
[  428797ms] [LOG] Detected Host: nbcl.localhost:3001 http://nbcl.localhost:3001/dashboardportal/masters/shiftMaster @ http://nbcl.localhost:3001/_next/static/chunks/node_modules_next_dist_f3530cac._.js:2297
[  428800ms] [LOG] Detected Host: nbcl.localhost:3001 http://nbcl.localhost:3001/dashboardportal/masters/shiftMaster @ http://nbcl.localhost:3001/_next/static/chunks/node_modules_next_dist_f3530cac._.js:2297
[  429042ms] [LOG] Detected Host: nbcl.localhost:3001 http://nbcl.localhost:3001/dashboardportal/masters/shiftMaster @ http://nbcl.localhost:3001/_next/static/chunks/node_modules_next_dist_f3530cac._.js:2297
[  429046ms] [LOG] Detected Host: nbcl.localhost:3001 http://nbcl.localhost:3001/dashboardportal/masters/shiftMaster @ http://nbcl.localhost:3001/_next/static/chunks/node_modules_next_dist_f3530cac._.js:2297
[  429317ms] [LOG] Detected Host: nbcl.localhost:3001 http://nbcl.localhost:3001/dashboardportal/masters/shiftMaster @ http://nbcl.localhost:3001/_next/static/chunks/node_modules_next_dist_f3530cac._.js:2297
[  429319ms] [LOG] Detected Host: nbcl.localhost:3001 http://nbcl.localhost:3001/dashboardportal/masters/shiftMaster @ http://nbcl.localhost:3001/_next/static/chunks/node_modules_next_dist_f3530cac._.js:2297
[  429590ms] [LOG] [Fast Refresh] rebuilding @ http://nbcl.localhost:3001/_next/static/chunks/node_modules_next_dist_f3530cac._.js:2297
[  429594ms] [LOG] [Fast Refresh] done in 109ms @ http://nbcl.localhost:3001/_next/static/chunks/node_modules_next_dist_f3530cac._.js:2297
[  430675ms] [LOG] [Fast Refresh] rebuilding @ http://nbcl.localhost:3001/_next/static/chunks/node_modules_next_dist_f3530cac._.js:2297
[  430689ms] [LOG] [Fast Refresh] done in 125ms @ http://nbcl.localhost:3001/_next/static/chunks/node_modules_next_dist_f3530cac._.js:2297
[  430917ms] [INFO] %cDownload the React DevTools for a better development experience: https://react.dev/link/react-devtools font-weight:bold @ http://nbcl.localhost:3001/_next/static/chunks/node_modules_next_dist_f3530cac._.js:2297
[  430955ms] [LOG] [HMR] connected @ http://nbcl.localhost:3001/_next/static/chunks/node_modules_next_dist_f3530cac._.js:2297
[  431124ms] [LOG] Detected Host: nbcl.localhost:3001 http://nbcl.localhost:3001/dashboardportal/masters/spellMaster @ http://nbcl.localhost:3001/_next/static/chunks/node_modules_next_dist_f3530cac._.js:2297
[  431124ms] [LOG] Detected Host: nbcl.localhost:3001 http://nbcl.localhost:3001/dashboardportal/masters/spellMaster @ http://nbcl.localhost:3001/_next/static/chunks/node_modules_next_dist_f3530cac._.js:2297
[  431174ms] [LOG] Detected Host: nbcl.localhost:3001 http://nbcl.localhost:3001/dashboardportal/masters/spellMaster @ http://nbcl.localhost:3001/_next/static/chunks/node_modules_next_dist_f3530cac._.js:2297
[  431175ms] [LOG] Detected Host: nbcl.localhost:3001 http://nbcl.localhost:3001/dashboardportal/masters/spellMaster @ http://nbcl.localhost:3001/_next/static/chunks/node_modules_next_dist_f3530cac._.js:2297
[  431248ms] [LOG] Detected Host: nbcl.localhost:3001 http://nbcl.localhost:3001/dashboardportal/masters/spellMaster @ http://nbcl.localhost:3001/_next/static/chunks/node_modules_next_dist_f3530cac._.js:2297
[  431254ms] [LOG] Detected Host: nbcl.localhost:3001 http://nbcl.localhost:3001/dashboardportal/masters/spellMaster @ http://nbcl.localhost:3001/_next/static/chunks/node_modules_next_dist_f3530cac._.js:2297
[  431396ms] [LOG] Detected Host: nbcl.localhost:3001 http://nbcl.localhost:3001/dashboardportal/masters/spellMaster @ http://nbcl.localhost:3001/_next/static/chunks/node_modules_next_dist_f3530cac._.js:2297
[  431402ms] [LOG] Detected Host: nbcl.localhost:3001 http://nbcl.localhost:3001/dashboardportal/masters/spellMaster @ http://nbcl.localhost:3001/_next/static/chunks/node_modules_next_dist_f3530cac._.js:2297
[  431575ms] [LOG] Detected Host: nbcl.localhost:3001 http://nbcl.localhost:3001/dashboardportal/masters/spellMaster @ http://nbcl.localhost:3001/_next/static/chunks/node_modules_next_dist_f3530cac._.js:2297
[  431578ms] [LOG] Detected Host: nbcl.localhost:3001 http://nbcl.localhost:3001/dashboardportal/masters/spellMaster @ http://nbcl.localhost:3001/_next/static/chunks/node_modules_next_dist_f3530cac._.js:2297
[  431835ms] [LOG] Detected Host: nbcl.localhost:3001 http://nbcl.localhost:3001/dashboardportal/masters/spellMaster @ http://nbcl.localhost:3001/_next/static/chunks/node_modules_next_dist_f3530cac._.js:2297
[  431839ms] [LOG] Detected Host: nbcl.localhost:3001 http://nbcl.localhost:3001/dashboardportal/masters/spellMaster @ http://nbcl.localhost:3001/_next/static/chunks/node_modules_next_dist_f3530cac._.js:2297
[  432090ms] [LOG] Detected Host: nbcl.localhost:3001 http://nbcl.localhost:3001/dashboardportal/masters/spellMaster @ http://nbcl.localhost:3001/_next/static/chunks/node_modules_next_dist_f3530cac._.js:2297
[  432094ms] [LOG] Detected Host: nbcl.localhost:3001 http://nbcl.localhost:3001/dashboardportal/masters/spellMaster @ http://nbcl.localhost:3001/_next/static/chunks/node_modules_next_dist_f3530cac._.js:2297
[  433456ms] [LOG] [Fast Refresh] rebuilding @ http://nbcl.localhost:3001/_next/static/chunks/node_modules_next_dist_f3530cac._.js:2297
[  433466ms] [LOG] [Fast Refresh] done in 115ms @ http://nbcl.localhost:3001/_next/static/chunks/node_modules_next_dist_f3530cac._.js:2297
[  433916ms] [INFO] %cDownload the React DevTools for a better development experience: https://react.dev/link/react-devtools font-weight:bold @ http://nbcl.localhost:3001/_next/static/chunks/node_modules_next_dist_f3530cac._.js:2297
[  433956ms] [LOG] [HMR] connected @ http://nbcl.localhost:3001/_next/static/chunks/node_modules_next_dist_f3530cac._.js:2297
[  434192ms] [LOG] Detected Host: nbcl.localhost:3001 http://nbcl.localhost:3001/dashboardportal/hrmsmasters/LeaveMaster @ http://nbcl.localhost:3001/_next/static/chunks/node_modules_next_dist_f3530cac._.js:2297
[  434192ms] [LOG] Detected Host: nbcl.localhost:3001 http://nbcl.localhost:3001/dashboardportal/hrmsmasters/LeaveMaster @ http://nbcl.localhost:3001/_next/static/chunks/node_modules_next_dist_f3530cac._.js:2297
[  434268ms] [LOG] Detected Host: nbcl.localhost:3001 http://nbcl.localhost:3001/dashboardportal/hrmsmasters/LeaveMaster @ http://nbcl.localhost:3001/_next/static/chunks/node_modules_next_dist_f3530cac._.js:2297
[  434272ms] [LOG] Detected Host: nbcl.localhost:3001 http://nbcl.localhost:3001/dashboardportal/hrmsmasters/LeaveMaster @ http://nbcl.localhost:3001/_next/static/chunks/node_modules_next_dist_f3530cac._.js:2297
[  434349ms] [LOG] Detected Host: nbcl.localhost:3001 http://nbcl.localhost:3001/dashboardportal/hrmsmasters/LeaveMaster @ http://nbcl.localhost:3001/_next/static/chunks/node_modules_next_dist_f3530cac._.js:2297
[  434352ms] [LOG] Detected Host: nbcl.localhost:3001 http://nbcl.localhost:3001/dashboardportal/hrmsmasters/LeaveMaster @ http://nbcl.localhost:3001/_next/static/chunks/node_modules_next_dist_f3530cac._.js:2297
[  434494ms] [LOG] Detected Host: nbcl.localhost:3001 http://nbcl.localhost:3001/dashboardportal/hrmsmasters/LeaveMaster @ http://nbcl.localhost:3001/_next/static/chunks/node_modules_next_dist_f3530cac._.js:2297
[  434497ms] [LOG] Detected Host: nbcl.localhost:3001 http://nbcl.localhost:3001/dashboardportal/hrmsmasters/LeaveMaster @ http://nbcl.localhost:3001/_next/static/chunks/node_modules_next_dist_f3530cac._.js:2297
[  434670ms] [LOG] Detected Host: nbcl.localhost:3001 http://nbcl.localhost:3001/dashboardportal/hrmsmasters/LeaveMaster @ http://nbcl.localhost:3001/_next/static/chunks/node_modules_next_dist_f3530cac._.js:2297
[  434675ms] [LOG] Detected Host: nbcl.localhost:3001 http://nbcl.localhost:3001/dashboardportal/hrmsmasters/LeaveMaster @ http://nbcl.localhost:3001/_next/static/chunks/node_modules_next_dist_f3530cac._.js:2297
[  434868ms] [LOG] Detected Host: nbcl.localhost:3001 http://nbcl.localhost:3001/dashboardportal/hrmsmasters/LeaveMaster @ http://nbcl.localhost:3001/_next/static/chunks/node_modules_next_dist_f3530cac._.js:2297
[  434871ms] [LOG] Detected Host: nbcl.localhost:3001 http://nbcl.localhost:3001/dashboardportal/hrmsmasters/LeaveMaster @ http://nbcl.localhost:3001/_next/static/chunks/node_modules_next_dist_f3530cac._.js:2297
[  436286ms] [LOG] [Fast Refresh] rebuilding @ http://nbcl.localhost:3001/_next/static/chunks/node_modules_next_dist_f3530cac._.js:2297
[  436291ms] [LOG] [Fast Refresh] done in 112ms @ http://nbcl.localhost:3001/_next/static/chunks/node_modules_next_dist_f3530cac._.js:2297
[  436487ms] [INFO] %cDownload the React DevTools for a better development experience: https://react.dev/link/react-devtools font-weight:bold @ http://nbcl.localhost:3001/_next/static/chunks/node_modules_next_dist_f3530cac._.js:2297
[  436514ms] [LOG] [HMR] connected @ http://nbcl.localhost:3001/_next/static/chunks/node_modules_next_dist_f3530cac._.js:2297
[  436677ms] [LOG] Detected Host: nbcl.localhost:3001 http://nbcl.localhost:3001/dashboardportal/procurement/priceEnquiry @ http://nbcl.localhost:3001/_next/static/chunks/node_modules_next_dist_f3530cac._.js:2297
[  436678ms] [LOG] Detected Host: nbcl.localhost:3001 http://nbcl.localhost:3001/dashboardportal/procurement/priceEnquiry @ http://nbcl.localhost:3001/_next/static/chunks/node_modules_next_dist_f3530cac._.js:2297
[  436724ms] [LOG] Detected Host: nbcl.localhost:3001 http://nbcl.localhost:3001/dashboardportal/procurement/priceEnquiry @ http://nbcl.localhost:3001/_next/static/chunks/node_modules_next_dist_f3530cac._.js:2297
[  436728ms] [LOG] Detected Host: nbcl.localhost:3001 http://nbcl.localhost:3001/dashboardportal/procurement/priceEnquiry @ http://nbcl.localhost:3001/_next/static/chunks/node_modules_next_dist_f3530cac._.js:2297
[  436748ms] [LOG] Detected Host: nbcl.localhost:3001 http://nbcl.localhost:3001/dashboardportal/procurement/priceEnquiry @ http://nbcl.localhost:3001/_next/static/chunks/node_modules_next_dist_f3530cac._.js:2297
[  436750ms] [LOG] Detected Host: nbcl.localhost:3001 http://nbcl.localhost:3001/dashboardportal/procurement/priceEnquiry @ http://nbcl.localhost:3001/_next/static/chunks/node_modules_next_dist_f3530cac._.js:2297
[  436793ms] [LOG] Detected Host: nbcl.localhost:3001 http://nbcl.localhost:3001/dashboardportal/procurement/priceEnquiry @ http://nbcl.localhost:3001/_next/static/chunks/node_modules_next_dist_f3530cac._.js:2297
[  436795ms] [LOG] Detected Host: nbcl.localhost:3001 http://nbcl.localhost:3001/dashboardportal/procurement/priceEnquiry @ http://nbcl.localhost:3001/_next/static/chunks/node_modules_next_dist_f3530cac._.js:2297
[  436862ms] [LOG] Detected Host: nbcl.localhost:3001 http://nbcl.localhost:3001/dashboardportal/procurement/priceEnquiry @ http://nbcl.localhost:3001/_next/static/chunks/node_modules_next_dist_f3530cac._.js:2297
[  436865ms] [LOG] Detected Host: nbcl.localhost:3001 http://nbcl.localhost:3001/dashboardportal/procurement/priceEnquiry @ http://nbcl.localhost:3001/_next/static/chunks/node_modules_next_dist_f3530cac._.js:2297
[  437011ms] [LOG] Detected Host: nbcl.localhost:3001 http://nbcl.localhost:3001/dashboardportal/procurement/priceEnquiry @ http://nbcl.localhost:3001/_next/static/chunks/node_modules_next_dist_f3530cac._.js:2297
[  437013ms] [LOG] Detected Host: nbcl.localhost:3001 http://nbcl.localhost:3001/dashboardportal/procurement/priceEnquiry @ http://nbcl.localhost:3001/_next/static/chunks/node_modules_next_dist_f3530cac._.js:2297
[  439162ms] [INFO] %cDownload the React DevTools for a better development experience: https://react.dev/link/react-devtools font-weight:bold @ http://nbcl.localhost:3001/_next/static/chunks/node_modules_next_dist_f3530cac._.js:2297
[  439192ms] [LOG] [HMR] connected @ http://nbcl.localhost:3001/_next/static/chunks/node_modules_next_dist_f3530cac._.js:2297
[  439341ms] [LOG] Detected Host: nbcl.localhost:3001 http://nbcl.localhost:3001/dashboardportal/sales/juteTallyDownload @ http://nbcl.localhost:3001/_next/static/chunks/node_modules_next_dist_f3530cac._.js:2297
[  439342ms] [LOG] Detected Host: nbcl.localhost:3001 http://nbcl.localhost:3001/dashboardportal/sales/juteTallyDownload @ http://nbcl.localhost:3001/_next/static/chunks/node_modules_next_dist_f3530cac._.js:2297
[  439386ms] [LOG] Detected Host: nbcl.localhost:3001 http://nbcl.localhost:3001/dashboardportal/sales/juteTallyDownload @ http://nbcl.localhost:3001/_next/static/chunks/node_modules_next_dist_f3530cac._.js:2297
[  439390ms] [LOG] Detected Host: nbcl.localhost:3001 http://nbcl.localhost:3001/dashboardportal/sales/juteTallyDownload @ http://nbcl.localhost:3001/_next/static/chunks/node_modules_next_dist_f3530cac._.js:2297
[  439468ms] [LOG] Detected Host: nbcl.localhost:3001 http://nbcl.localhost:3001/dashboardportal/sales/juteTallyDownload @ http://nbcl.localhost:3001/_next/static/chunks/node_modules_next_dist_f3530cac._.js:2297
[  439472ms] [LOG] Detected Host: nbcl.localhost:3001 http://nbcl.localhost:3001/dashboardportal/sales/juteTallyDownload @ http://nbcl.localhost:3001/_next/static/chunks/node_modules_next_dist_f3530cac._.js:2297
[  439572ms] [LOG] Detected Host: nbcl.localhost:3001 http://nbcl.localhost:3001/dashboardportal/sales/juteTallyDownload @ http://nbcl.localhost:3001/_next/static/chunks/node_modules_next_dist_f3530cac._.js:2297
[  439574ms] [LOG] Detected Host: nbcl.localhost:3001 http://nbcl.localhost:3001/dashboardportal/sales/juteTallyDownload @ http://nbcl.localhost:3001/_next/static/chunks/node_modules_next_dist_f3530cac._.js:2297
[  439730ms] [LOG] Detected Host: nbcl.localhost:3001 http://nbcl.localhost:3001/dashboardportal/sales/juteTallyDownload @ http://nbcl.localhost:3001/_next/static/chunks/node_modules_next_dist_f3530cac._.js:2297
[  439732ms] [LOG] Detected Host: nbcl.localhost:3001 http://nbcl.localhost:3001/dashboardportal/sales/juteTallyDownload @ http://nbcl.localhost:3001/_next/static/chunks/node_modules_next_dist_f3530cac._.js:2297
[  439830ms] [LOG] Detected Host: nbcl.localhost:3001 http://nbcl.localhost:3001/dashboardportal/sales/juteTallyDownload @ http://nbcl.localhost:3001/_next/static/chunks/node_modules_next_dist_f3530cac._.js:2297
[  439831ms] [LOG] Detected Host: nbcl.localhost:3001 http://nbcl.localhost:3001/dashboardportal/sales/juteTallyDownload @ http://nbcl.localhost:3001/_next/static/chunks/node_modules_next_dist_f3530cac._.js:2297
[  441862ms] [INFO] %cDownload the React DevTools for a better development experience: https://react.dev/link/react-devtools font-weight:bold @ http://nbcl.localhost:3001/_next/static/chunks/node_modules_next_dist_f3530cac._.js:2297
[  441897ms] [LOG] [HMR] connected @ http://nbcl.localhost:3001/_next/static/chunks/node_modules_next_dist_f3530cac._.js:2297
[  442024ms] [LOG] Detected Host: nbcl.localhost:3001 http://nbcl.localhost:3001/dashboardportal/hrms/LeaveRequest @ http://nbcl.localhost:3001/_next/static/chunks/node_modules_next_dist_f3530cac._.js:2297
[  442025ms] [LOG] Detected Host: nbcl.localhost:3001 http://nbcl.localhost:3001/dashboardportal/hrms/LeaveRequest @ http://nbcl.localhost:3001/_next/static/chunks/node_modules_next_dist_f3530cac._.js:2297
[  442099ms] [LOG] Detected Host: nbcl.localhost:3001 http://nbcl.localhost:3001/dashboardportal/hrms/LeaveRequest @ http://nbcl.localhost:3001/_next/static/chunks/node_modules_next_dist_f3530cac._.js:2297
[  442103ms] [LOG] Detected Host: nbcl.localhost:3001 http://nbcl.localhost:3001/dashboardportal/hrms/LeaveRequest @ http://nbcl.localhost:3001/_next/static/chunks/node_modules_next_dist_f3530cac._.js:2297
[  442173ms] [LOG] Detected Host: nbcl.localhost:3001 http://nbcl.localhost:3001/dashboardportal/hrms/LeaveRequest @ http://nbcl.localhost:3001/_next/static/chunks/node_modules_next_dist_f3530cac._.js:2297
[  442175ms] [LOG] Detected Host: nbcl.localhost:3001 http://nbcl.localhost:3001/dashboardportal/hrms/LeaveRequest @ http://nbcl.localhost:3001/_next/static/chunks/node_modules_next_dist_f3530cac._.js:2297
[  442282ms] [LOG] Detected Host: nbcl.localhost:3001 http://nbcl.localhost:3001/dashboardportal/hrms/LeaveRequest @ http://nbcl.localhost:3001/_next/static/chunks/node_modules_next_dist_f3530cac._.js:2297
[  442287ms] [LOG] Detected Host: nbcl.localhost:3001 http://nbcl.localhost:3001/dashboardportal/hrms/LeaveRequest @ http://nbcl.localhost:3001/_next/static/chunks/node_modules_next_dist_f3530cac._.js:2297
[  442423ms] [LOG] Detected Host: nbcl.localhost:3001 http://nbcl.localhost:3001/dashboardportal/hrms/LeaveRequest @ http://nbcl.localhost:3001/_next/static/chunks/node_modules_next_dist_f3530cac._.js:2297
[  442425ms] [LOG] Detected Host: nbcl.localhost:3001 http://nbcl.localhost:3001/dashboardportal/hrms/LeaveRequest @ http://nbcl.localhost:3001/_next/static/chunks/node_modules_next_dist_f3530cac._.js:2297
[  442534ms] [LOG] Detected Host: nbcl.localhost:3001 http://nbcl.localhost:3001/dashboardportal/hrms/LeaveRequest @ http://nbcl.localhost:3001/_next/static/chunks/node_modules_next_dist_f3530cac._.js:2297
[  442534ms] [LOG] Detected Host: nbcl.localhost:3001 http://nbcl.localhost:3001/dashboardportal/hrms/LeaveRequest @ http://nbcl.localhost:3001/_next/static/chunks/node_modules_next_dist_f3530cac._.js:2297
[  444626ms] [INFO] %cDownload the React DevTools for a better development experience: https://react.dev/link/react-devtools font-weight:bold @ http://nbcl.localhost:3001/_next/static/chunks/node_modules_next_dist_f3530cac._.js:2297
[  444660ms] [LOG] [HMR] connected @ http://nbcl.localhost:3001/_next/static/chunks/node_modules_next_dist_f3530cac._.js:2297
[  444814ms] [LOG] Detected Host: nbcl.localhost:3001 http://nbcl.localhost:3001/dashboardportal/sales/reports @ http://nbcl.localhost:3001/_next/static/chunks/node_modules_next_dist_f3530cac._.js:2297
[  444815ms] [LOG] Detected Host: nbcl.localhost:3001 http://nbcl.localhost:3001/dashboardportal/sales/reports @ http://nbcl.localhost:3001/_next/static/chunks/node_modules_next_dist_f3530cac._.js:2297
[  444852ms] [LOG] Detected Host: nbcl.localhost:3001 http://nbcl.localhost:3001/dashboardportal/sales/reports @ http://nbcl.localhost:3001/_next/static/chunks/node_modules_next_dist_f3530cac._.js:2297
[  444853ms] [LOG] Detected Host: nbcl.localhost:3001 http://nbcl.localhost:3001/dashboardportal/sales/reports @ http://nbcl.localhost:3001/_next/static/chunks/node_modules_next_dist_f3530cac._.js:2297
[  444882ms] [LOG] Detected Host: nbcl.localhost:3001 http://nbcl.localhost:3001/dashboardportal/sales/reports @ http://nbcl.localhost:3001/_next/static/chunks/node_modules_next_dist_f3530cac._.js:2297
[  444888ms] [LOG] Detected Host: nbcl.localhost:3001 http://nbcl.localhost:3001/dashboardportal/sales/reports @ http://nbcl.localhost:3001/_next/static/chunks/node_modules_next_dist_f3530cac._.js:2297
[  444983ms] [LOG] Detected Host: nbcl.localhost:3001 http://nbcl.localhost:3001/dashboardportal/sales/reports @ http://nbcl.localhost:3001/_next/static/chunks/node_modules_next_dist_f3530cac._.js:2297
[  444986ms] [LOG] Detected Host: nbcl.localhost:3001 http://nbcl.localhost:3001/dashboardportal/sales/reports @ http://nbcl.localhost:3001/_next/static/chunks/node_modules_next_dist_f3530cac._.js:2297
[  445131ms] [LOG] Detected Host: nbcl.localhost:3001 http://nbcl.localhost:3001/dashboardportal/sales/reports @ http://nbcl.localhost:3001/_next/static/chunks/node_modules_next_dist_f3530cac._.js:2297
[  445134ms] [LOG] Detected Host: nbcl.localhost:3001 http://nbcl.localhost:3001/dashboardportal/sales/reports @ http://nbcl.localhost:3001/_next/static/chunks/node_modules_next_dist_f3530cac._.js:2297
[  445320ms] [LOG] Detected Host: nbcl.localhost:3001 http://nbcl.localhost:3001/dashboardportal/sales/reports @ http://nbcl.localhost:3001/_next/static/chunks/node_modules_next_dist_f3530cac._.js:2297
[  445323ms] [LOG] Detected Host: nbcl.localhost:3001 http://nbcl.localhost:3001/dashboardportal/sales/reports @ http://nbcl.localhost:3001/_next/static/chunks/node_modules_next_dist_f3530cac._.js:2297
[  445462ms] [LOG] Detected Host: nbcl.localhost:3001 http://nbcl.localhost:3001/dashboardportal/sales/reports @ http://nbcl.localhost:3001/_next/static/chunks/node_modules_next_dist_f3530cac._.js:2297
[  445465ms] [LOG] Detected Host: nbcl.localhost:3001 http://nbcl.localhost:3001/dashboardportal/sales/reports @ http://nbcl.localhost:3001/_next/static/chunks/node_modules_next_dist_f3530cac._.js:2297
[  447132ms] [LOG] [Fast Refresh] rebuilding @ http://nbcl.localhost:3001/_next/static/chunks/node_modules_next_dist_f3530cac._.js:2297
[  447161ms] [LOG] [Fast Refresh] done in 142ms @ http://nbcl.localhost:3001/_next/static/chunks/node_modules_next_dist_f3530cac._.js:2297
[  447392ms] [INFO] %cDownload the React DevTools for a better development experience: https://react.dev/link/react-devtools font-weight:bold @ http://nbcl.localhost:3001/_next/static/chunks/node_modules_next_dist_f3530cac._.js:2297
[  447428ms] [LOG] [HMR] connected @ http://nbcl.localhost:3001/_next/static/chunks/node_modules_next_dist_f3530cac._.js:2297
[  447605ms] [LOG] Detected Host: nbcl.localhost:3001 http://nbcl.localhost:3001/dashboardportal/hrms/payRoll @ http://nbcl.localhost:3001/_next/static/chunks/node_modules_next_dist_f3530cac._.js:2297
[  447606ms] [LOG] Detected Host: nbcl.localhost:3001 http://nbcl.localhost:3001/dashboardportal/hrms/payRoll @ http://nbcl.localhost:3001/_next/static/chunks/node_modules_next_dist_f3530cac._.js:2297
[  447658ms] [LOG] Detected Host: nbcl.localhost:3001 http://nbcl.localhost:3001/dashboardportal/hrms/payRoll @ http://nbcl.localhost:3001/_next/static/chunks/node_modules_next_dist_f3530cac._.js:2297
[  447658ms] [LOG] Detected Host: nbcl.localhost:3001 http://nbcl.localhost:3001/dashboardportal/hrms/payRoll @ http://nbcl.localhost:3001/_next/static/chunks/node_modules_next_dist_f3530cac._.js:2297
[  447702ms] [LOG] Detected Host: nbcl.localhost:3001 http://nbcl.localhost:3001/dashboardportal/hrms/payRoll @ http://nbcl.localhost:3001/_next/static/chunks/node_modules_next_dist_f3530cac._.js:2297
[  447706ms] [LOG] Detected Host: nbcl.localhost:3001 http://nbcl.localhost:3001/dashboardportal/hrms/payRoll @ http://nbcl.localhost:3001/_next/static/chunks/node_modules_next_dist_f3530cac._.js:2297
[  447819ms] [LOG] Detected Host: nbcl.localhost:3001 http://nbcl.localhost:3001/dashboardportal/hrms/payRoll @ http://nbcl.localhost:3001/_next/static/chunks/node_modules_next_dist_f3530cac._.js:2297
[  447822ms] [LOG] Detected Host: nbcl.localhost:3001 http://nbcl.localhost:3001/dashboardportal/hrms/payRoll @ http://nbcl.localhost:3001/_next/static/chunks/node_modules_next_dist_f3530cac._.js:2297
[  447896ms] [LOG] Detected Host: nbcl.localhost:3001 http://nbcl.localhost:3001/dashboardportal/hrms/payRoll @ http://nbcl.localhost:3001/_next/static/chunks/node_modules_next_dist_f3530cac._.js:2297
[  447899ms] [LOG] Detected Host: nbcl.localhost:3001 http://nbcl.localhost:3001/dashboardportal/hrms/payRoll @ http://nbcl.localhost:3001/_next/static/chunks/node_modules_next_dist_f3530cac._.js:2297
[  448004ms] [LOG] Detected Host: nbcl.localhost:3001 http://nbcl.localhost:3001/dashboardportal/hrms/payRoll @ http://nbcl.localhost:3001/_next/static/chunks/node_modules_next_dist_f3530cac._.js:2297
[  448006ms] [LOG] Detected Host: nbcl.localhost:3001 http://nbcl.localhost:3001/dashboardportal/hrms/payRoll @ http://nbcl.localhost:3001/_next/static/chunks/node_modules_next_dist_f3530cac._.js:2297
[  448072ms] [LOG] Detected Host: nbcl.localhost:3001 http://nbcl.localhost:3001/dashboardportal/hrms/payRoll @ http://nbcl.localhost:3001/_next/static/chunks/node_modules_next_dist_f3530cac._.js:2297
[  448075ms] [LOG] Detected Host: nbcl.localhost:3001 http://nbcl.localhost:3001/dashboardportal/hrms/payRoll @ http://nbcl.localhost:3001/_next/static/chunks/node_modules_next_dist_f3530cac._.js:2297
[  448158ms] [LOG] [Fast Refresh] rebuilding @ http://nbcl.localhost:3001/_next/static/chunks/node_modules_next_dist_f3530cac._.js:2297
[  448160ms] [LOG] [Fast Refresh] done in 537ms @ http://nbcl.localhost:3001/_next/static/chunks/node_modules_next_dist_f3530cac._.js:2297
[  448161ms] [LOG] Detected Host: nbcl.localhost:3001 http://nbcl.localhost:3001/dashboardportal/hrms/payRoll @ http://nbcl.localhost:3001/_next/static/chunks/node_modules_next_dist_f3530cac._.js:2297
[  448164ms] [LOG] Detected Host: nbcl.localhost:3001 http://nbcl.localhost:3001/dashboardportal/hrms/payRoll @ http://nbcl.localhost:3001/_next/static/chunks/node_modules_next_dist_f3530cac._.js:2297
[  450052ms] [INFO] %cDownload the React DevTools for a better development experience: https://react.dev/link/react-devtools font-weight:bold @ http://nbcl.localhost:3001/_next/static/chunks/node_modules_next_dist_f3530cac._.js:2297
[  450089ms] [LOG] [HMR] connected @ http://nbcl.localhost:3001/_next/static/chunks/node_modules_next_dist_f3530cac._.js:2297
[  450240ms] [LOG] Detected Host: nbcl.localhost:3001 http://nbcl.localhost:3001/dashboardportal/juteProduction @ http://nbcl.localhost:3001/_next/static/chunks/node_modules_next_dist_f3530cac._.js:2297
[  450241ms] [LOG] Detected Host: nbcl.localhost:3001 http://nbcl.localhost:3001/dashboardportal/juteProduction @ http://nbcl.localhost:3001/_next/static/chunks/node_modules_next_dist_f3530cac._.js:2297
[  450293ms] [LOG] [Fast Refresh] rebuilding @ http://nbcl.localhost:3001/_next/static/chunks/node_modules_next_dist_f3530cac._.js:2297
[  450355ms] [LOG] Detected Host: nbcl.localhost:3001 http://nbcl.localhost:3001/dashboardportal/juteProduction @ http://nbcl.localhost:3001/_next/static/chunks/node_modules_next_dist_f3530cac._.js:2297
[  450359ms] [LOG] Detected Host: nbcl.localhost:3001 http://nbcl.localhost:3001/dashboardportal/juteProduction @ http://nbcl.localhost:3001/_next/static/chunks/node_modules_next_dist_f3530cac._.js:2297
[  450373ms] [LOG] Detected Host: nbcl.localhost:3001 http://nbcl.localhost:3001/dashboardportal/juteProduction @ http://nbcl.localhost:3001/_next/static/chunks/node_modules_next_dist_f3530cac._.js:2297
[  450376ms] [LOG] Detected Host: nbcl.localhost:3001 http://nbcl.localhost:3001/dashboardportal/juteProduction @ http://nbcl.localhost:3001/_next/static/chunks/node_modules_next_dist_f3530cac._.js:2297
[  450412ms] [LOG] Detected Host: nbcl.localhost:3001 http://nbcl.localhost:3001/dashboardportal/juteProduction @ http://nbcl.localhost:3001/_next/static/chunks/node_modules_next_dist_f3530cac._.js:2297
[  450415ms] [LOG] Detected Host: nbcl.localhost:3001 http://nbcl.localhost:3001/dashboardportal/juteProduction @ http://nbcl.localhost:3001/_next/static/chunks/node_modules_next_dist_f3530cac._.js:2297
[  450433ms] [LOG] Detected Host: nbcl.localhost:3001 http://nbcl.localhost:3001/dashboardportal/juteProduction @ http://nbcl.localhost:3001/_next/static/chunks/node_modules_next_dist_f3530cac._.js:2297
[  450435ms] [LOG] Detected Host: nbcl.localhost:3001 http://nbcl.localhost:3001/dashboardportal/juteProduction @ http://nbcl.localhost:3001/_next/static/chunks/node_modules_next_dist_f3530cac._.js:2297
[  450452ms] [LOG] Detected Host: nbcl.localhost:3001 http://nbcl.localhost:3001/dashboardportal/juteProduction @ http://nbcl.localhost:3001/_next/static/chunks/node_modules_next_dist_f3530cac._.js:2297
[  450454ms] [LOG] Detected Host: nbcl.localhost:3001 http://nbcl.localhost:3001/dashboardportal/juteProduction @ http://nbcl.localhost:3001/_next/static/chunks/node_modules_next_dist_f3530cac._.js:2297
[  450481ms] [LOG] [Fast Refresh] done in 296ms @ http://nbcl.localhost:3001/_next/static/chunks/node_modules_next_dist_f3530cac._.js:2297
[  452772ms] [INFO] %cDownload the React DevTools for a better development experience: https://react.dev/link/react-devtools font-weight:bold @ http://nbcl.localhost:3001/_next/static/chunks/node_modules_next_dist_f3530cac._.js:2297
[  452813ms] [LOG] [HMR] connected @ http://nbcl.localhost:3001/_next/static/chunks/node_modules_next_dist_f3530cac._.js:2297
[  452984ms] [LOG] Detected Host: nbcl.localhost:3001 http://nbcl.localhost:3001/dashboardportal/juteProduction/spreader @ http://nbcl.localhost:3001/_next/static/chunks/node_modules_next_dist_f3530cac._.js:2297
[  452984ms] [LOG] Detected Host: nbcl.localhost:3001 http://nbcl.localhost:3001/dashboardportal/juteProduction/spreader @ http://nbcl.localhost:3001/_next/static/chunks/node_modules_next_dist_f3530cac._.js:2297
[  453040ms] [LOG] Detected Host: nbcl.localhost:3001 http://nbcl.localhost:3001/dashboardportal/juteProduction/spreader @ http://nbcl.localhost:3001/_next/static/chunks/node_modules_next_dist_f3530cac._.js:2297
[  453044ms] [LOG] Detected Host: nbcl.localhost:3001 http://nbcl.localhost:3001/dashboardportal/juteProduction/spreader @ http://nbcl.localhost:3001/_next/static/chunks/node_modules_next_dist_f3530cac._.js:2297
[  453140ms] [LOG] Detected Host: nbcl.localhost:3001 http://nbcl.localhost:3001/dashboardportal/juteProduction/spreader @ http://nbcl.localhost:3001/_next/static/chunks/node_modules_next_dist_f3530cac._.js:2297
[  453144ms] [LOG] Detected Host: nbcl.localhost:3001 http://nbcl.localhost:3001/dashboardportal/juteProduction/spreader @ http://nbcl.localhost:3001/_next/static/chunks/node_modules_next_dist_f3530cac._.js:2297
[  453322ms] [LOG] Detected Host: nbcl.localhost:3001 http://nbcl.localhost:3001/dashboardportal/juteProduction/spreader @ http://nbcl.localhost:3001/_next/static/chunks/node_modules_next_dist_f3530cac._.js:2297
[  453332ms] [LOG] Detected Host: nbcl.localhost:3001 http://nbcl.localhost:3001/dashboardportal/juteProduction/spreader @ http://nbcl.localhost:3001/_next/static/chunks/node_modules_next_dist_f3530cac._.js:2297
[  453646ms] [LOG] Detected Host: nbcl.localhost:3001 http://nbcl.localhost:3001/dashboardportal/juteProduction/spreader @ http://nbcl.localhost:3001/_next/static/chunks/node_modules_next_dist_f3530cac._.js:2297
[  453649ms] [LOG] Detected Host: nbcl.localhost:3001 http://nbcl.localhost:3001/dashboardportal/juteProduction/spreader @ http://nbcl.localhost:3001/_next/static/chunks/node_modules_next_dist_f3530cac._.js:2297
[  453919ms] [LOG] Detected Host: nbcl.localhost:3001 http://nbcl.localhost:3001/dashboardportal/juteProduction/spreader @ http://nbcl.localhost:3001/_next/static/chunks/node_modules_next_dist_f3530cac._.js:2297
[  453922ms] [LOG] Detected Host: nbcl.localhost:3001 http://nbcl.localhost:3001/dashboardportal/juteProduction/spreader @ http://nbcl.localhost:3001/_next/static/chunks/node_modules_next_dist_f3530cac._.js:2297
[  455523ms] [INFO] %cDownload the React DevTools for a better development experience: https://react.dev/link/react-devtools font-weight:bold @ http://nbcl.localhost:3001/_next/static/chunks/node_modules_next_dist_f3530cac._.js:2297
[  455558ms] [LOG] [HMR] connected @ http://nbcl.localhost:3001/_next/static/chunks/node_modules_next_dist_f3530cac._.js:2297
[  455753ms] [LOG] Detected Host: nbcl.localhost:3001 http://nbcl.localhost:3001/dashboardportal/juteProduction/rollStockReports @ http://nbcl.localhost:3001/_next/static/chunks/node_modules_next_dist_f3530cac._.js:2297
[  455753ms] [LOG] Detected Host: nbcl.localhost:3001 http://nbcl.localhost:3001/dashboardportal/juteProduction/rollStockReports @ http://nbcl.localhost:3001/_next/static/chunks/node_modules_next_dist_f3530cac._.js:2297
[  455828ms] [LOG] Detected Host: nbcl.localhost:3001 http://nbcl.localhost:3001/dashboardportal/juteProduction/rollStockReports @ http://nbcl.localhost:3001/_next/static/chunks/node_modules_next_dist_f3530cac._.js:2297
[  455833ms] [LOG] Detected Host: nbcl.localhost:3001 http://nbcl.localhost:3001/dashboardportal/juteProduction/rollStockReports @ http://nbcl.localhost:3001/_next/static/chunks/node_modules_next_dist_f3530cac._.js:2297
[  455944ms] [LOG] Detected Host: nbcl.localhost:3001 http://nbcl.localhost:3001/dashboardportal/juteProduction/rollStockReports @ http://nbcl.localhost:3001/_next/static/chunks/node_modules_next_dist_f3530cac._.js:2297
[  455948ms] [LOG] Detected Host: nbcl.localhost:3001 http://nbcl.localhost:3001/dashboardportal/juteProduction/rollStockReports @ http://nbcl.localhost:3001/_next/static/chunks/node_modules_next_dist_f3530cac._.js:2297
[  456077ms] [LOG] Detected Host: nbcl.localhost:3001 http://nbcl.localhost:3001/dashboardportal/juteProduction/rollStockReports @ http://nbcl.localhost:3001/_next/static/chunks/node_modules_next_dist_f3530cac._.js:2297
[  456081ms] [LOG] Detected Host: nbcl.localhost:3001 http://nbcl.localhost:3001/dashboardportal/juteProduction/rollStockReports @ http://nbcl.localhost:3001/_next/static/chunks/node_modules_next_dist_f3530cac._.js:2297
[  456354ms] [LOG] Detected Host: nbcl.localhost:3001 http://nbcl.localhost:3001/dashboardportal/juteProduction/rollStockReports @ http://nbcl.localhost:3001/_next/static/chunks/node_modules_next_dist_f3530cac._.js:2297
[  456357ms] [LOG] Detected Host: nbcl.localhost:3001 http://nbcl.localhost:3001/dashboardportal/juteProduction/rollStockReports @ http://nbcl.localhost:3001/_next/static/chunks/node_modules_next_dist_f3530cac._.js:2297
[  456525ms] [LOG] Detected Host: nbcl.localhost:3001 http://nbcl.localhost:3001/dashboardportal/juteProduction/rollStockReports @ http://nbcl.localhost:3001/_next/static/chunks/node_modules_next_dist_f3530cac._.js:2297
[  456529ms] [LOG] Detected Host: nbcl.localhost:3001 http://nbcl.localhost:3001/dashboardportal/juteProduction/rollStockReports @ http://nbcl.localhost:3001/_next/static/chunks/node_modules_next_dist_f3530cac._.js:2297
[  458061ms] [LOG] [Fast Refresh] rebuilding @ http://nbcl.localhost:3001/_next/static/chunks/node_modules_next_dist_f3530cac._.js:2297
[  458111ms] [LOG] [Fast Refresh] done in 161ms @ http://nbcl.localhost:3001/_next/static/chunks/node_modules_next_dist_f3530cac._.js:2297
[  458458ms] [INFO] %cDownload the React DevTools for a better development experience: https://react.dev/link/react-devtools font-weight:bold @ http://nbcl.localhost:3001/_next/static/chunks/node_modules_next_dist_f3530cac._.js:2297
[  458499ms] [LOG] [HMR] connected @ http://nbcl.localhost:3001/_next/static/chunks/node_modules_next_dist_f3530cac._.js:2297
[  458903ms] [LOG] Detected Host: nbcl.localhost:3001 http://nbcl.localhost:3001/dashboardportal/juteProduction/masters/bins @ http://nbcl.localhost:3001/_next/static/chunks/node_modules_next_dist_f3530cac._.js:2297
[  458904ms] [LOG] Detected Host: nbcl.localhost:3001 http://nbcl.localhost:3001/dashboardportal/juteProduction/masters/bins @ http://nbcl.localhost:3001/_next/static/chunks/node_modules_next_dist_f3530cac._.js:2297
[  458939ms] [LOG] Detected Host: nbcl.localhost:3001 http://nbcl.localhost:3001/dashboardportal/juteProduction/masters/bins @ http://nbcl.localhost:3001/_next/static/chunks/node_modules_next_dist_f3530cac._.js:2297
[  458940ms] [LOG] Detected Host: nbcl.localhost:3001 http://nbcl.localhost:3001/dashboardportal/juteProduction/masters/bins @ http://nbcl.localhost:3001/_next/static/chunks/node_modules_next_dist_f3530cac._.js:2297
[  458962ms] [LOG] Detected Host: nbcl.localhost:3001 http://nbcl.localhost:3001/dashboardportal/juteProduction/masters/bins @ http://nbcl.localhost:3001/_next/static/chunks/node_modules_next_dist_f3530cac._.js:2297
[  458962ms] [LOG] Detected Host: nbcl.localhost:3001 http://nbcl.localhost:3001/dashboardportal/juteProduction/masters/bins @ http://nbcl.localhost:3001/_next/static/chunks/node_modules_next_dist_f3530cac._.js:2297
[  458984ms] [LOG] Detected Host: nbcl.localhost:3001 http://nbcl.localhost:3001/dashboardportal/juteProduction/masters/bins @ http://nbcl.localhost:3001/_next/static/chunks/node_modules_next_dist_f3530cac._.js:2297
[  458985ms] [LOG] Detected Host: nbcl.localhost:3001 http://nbcl.localhost:3001/dashboardportal/juteProduction/masters/bins @ http://nbcl.localhost:3001/_next/static/chunks/node_modules_next_dist_f3530cac._.js:2297
[  459010ms] [LOG] Detected Host: nbcl.localhost:3001 http://nbcl.localhost:3001/dashboardportal/juteProduction/masters/bins @ http://nbcl.localhost:3001/_next/static/chunks/node_modules_next_dist_f3530cac._.js:2297
[  459012ms] [LOG] Detected Host: nbcl.localhost:3001 http://nbcl.localhost:3001/dashboardportal/juteProduction/masters/bins @ http://nbcl.localhost:3001/_next/static/chunks/node_modules_next_dist_f3530cac._.js:2297
[  459046ms] [LOG] Detected Host: nbcl.localhost:3001 http://nbcl.localhost:3001/dashboardportal/juteProduction/masters/bins @ http://nbcl.localhost:3001/_next/static/chunks/node_modules_next_dist_f3530cac._.js:2297
[  459047ms] [LOG] Detected Host: nbcl.localhost:3001 http://nbcl.localhost:3001/dashboardportal/juteProduction/masters/bins @ http://nbcl.localhost:3001/_next/static/chunks/node_modules_next_dist_f3530cac._.js:2297
[  459068ms] [LOG] Detected Host: nbcl.localhost:3001 http://nbcl.localhost:3001/dashboardportal/juteProduction/masters/bins @ http://nbcl.localhost:3001/_next/static/chunks/node_modules_next_dist_f3530cac._.js:2297
[  459069ms] [LOG] Detected Host: nbcl.localhost:3001 http://nbcl.localhost:3001/dashboardportal/juteProduction/masters/bins @ http://nbcl.localhost:3001/_next/static/chunks/node_modules_next_dist_f3530cac._.js:2297
[  459095ms] [LOG] Detected Host: nbcl.localhost:3001 http://nbcl.localhost:3001/dashboardportal/juteProduction/masters/bins @ http://nbcl.localhost:3001/_next/static/chunks/node_modules_next_dist_f3530cac._.js:2297
[  459096ms] [LOG] Detected Host: nbcl.localhost:3001 http://nbcl.localhost:3001/dashboardportal/juteProduction/masters/bins @ http://nbcl.localhost:3001/_next/static/chunks/node_modules_next_dist_f3530cac._.js:2297
[  459119ms] [LOG] Detected Host: nbcl.localhost:3001 http://nbcl.localhost:3001/dashboardportal/juteProduction/masters/bins @ http://nbcl.localhost:3001/_next/static/chunks/node_modules_next_dist_f3530cac._.js:2297
[  459119ms] [LOG] Detected Host: nbcl.localhost:3001 http://nbcl.localhost:3001/dashboardportal/juteProduction/masters/bins @ http://nbcl.localhost:3001/_next/static/chunks/node_modules_next_dist_f3530cac._.js:2297
[  459195ms] [LOG] Detected Host: nbcl.localhost:3001 http://nbcl.localhost:3001/dashboardportal/juteProduction/masters/bins @ http://nbcl.localhost:3001/_next/static/chunks/node_modules_next_dist_f3530cac._.js:2297
[  459199ms] [LOG] Detected Host: nbcl.localhost:3001 http://nbcl.localhost:3001/dashboardportal/juteProduction/masters/bins @ http://nbcl.localhost:3001/_next/static/chunks/node_modules_next_dist_f3530cac._.js:2297
[  459302ms] [LOG] Detected Host: nbcl.localhost:3001 http://nbcl.localhost:3001/dashboardportal/juteProduction/masters/bins @ http://nbcl.localhost:3001/_next/static/chunks/node_modules_next_dist_f3530cac._.js:2297
[  459306ms] [LOG] Detected Host: nbcl.localhost:3001 http://nbcl.localhost:3001/dashboardportal/juteProduction/masters/bins @ http://nbcl.localhost:3001/_next/static/chunks/node_modules_next_dist_f3530cac._.js:2297
[  459472ms] [LOG] Detected Host: nbcl.localhost:3001 http://nbcl.localhost:3001/dashboardportal/juteProduction/masters/bins @ http://nbcl.localhost:3001/_next/static/chunks/node_modules_next_dist_f3530cac._.js:2297
[  459476ms] [LOG] Detected Host: nbcl.localhost:3001 http://nbcl.localhost:3001/dashboardportal/juteProduction/masters/bins @ http://nbcl.localhost:3001/_next/static/chunks/node_modules_next_dist_f3530cac._.js:2297
[  459709ms] [LOG] Detected Host: nbcl.localhost:3001 http://nbcl.localhost:3001/dashboardportal/juteProduction/masters/bins @ http://nbcl.localhost:3001/_next/static/chunks/node_modules_next_dist_f3530cac._.js:2297
[  459714ms] [LOG] Detected Host: nbcl.localhost:3001 http://nbcl.localhost:3001/dashboardportal/juteProduction/masters/bins @ http://nbcl.localhost:3001/_next/static/chunks/node_modules_next_dist_f3530cac._.js:2297
[  459912ms] [LOG] Detected Host: nbcl.localhost:3001 http://nbcl.localhost:3001/dashboardportal/juteProduction/masters/bins @ http://nbcl.localhost:3001/_next/static/chunks/node_modules_next_dist_f3530cac._.js:2297
[  459916ms] [LOG] Detected Host: nbcl.localhost:3001 http://nbcl.localhost:3001/dashboardportal/juteProduction/masters/bins @ http://nbcl.localhost:3001/_next/static/chunks/node_modules_next_dist_f3530cac._.js:2297
[  461049ms] [INFO] %cDownload the React DevTools for a better development experience: https://react.dev/link/react-devtools font-weight:bold @ http://nbcl.localhost:3001/_next/static/chunks/node_modules_next_dist_f3530cac._.js:2297
[  461097ms] [LOG] [HMR] connected @ http://nbcl.localhost:3001/_next/static/chunks/node_modules_next_dist_f3530cac._.js:2297
[  461290ms] [LOG] Detected Host: nbcl.localhost:3001 http://nbcl.localhost:3001/dashboardportal/juteProduction/masters/itemMaturity @ http://nbcl.localhost:3001/_next/static/chunks/node_modules_next_dist_f3530cac._.js:2297
[  461291ms] [LOG] Detected Host: nbcl.localhost:3001 http://nbcl.localhost:3001/dashboardportal/juteProduction/masters/itemMaturity @ http://nbcl.localhost:3001/_next/static/chunks/node_modules_next_dist_f3530cac._.js:2297
[  461365ms] [LOG] Detected Host: nbcl.localhost:3001 http://nbcl.localhost:3001/dashboardportal/juteProduction/masters/itemMaturity @ http://nbcl.localhost:3001/_next/static/chunks/node_modules_next_dist_f3530cac._.js:2297
[  461371ms] [LOG] Detected Host: nbcl.localhost:3001 http://nbcl.localhost:3001/dashboardportal/juteProduction/masters/itemMaturity @ http://nbcl.localhost:3001/_next/static/chunks/node_modules_next_dist_f3530cac._.js:2297
[  461466ms] [LOG] Detected Host: nbcl.localhost:3001 http://nbcl.localhost:3001/dashboardportal/juteProduction/masters/itemMaturity @ http://nbcl.localhost:3001/_next/static/chunks/node_modules_next_dist_f3530cac._.js:2297
[  461470ms] [LOG] Detected Host: nbcl.localhost:3001 http://nbcl.localhost:3001/dashboardportal/juteProduction/masters/itemMaturity @ http://nbcl.localhost:3001/_next/static/chunks/node_modules_next_dist_f3530cac._.js:2297
[  461603ms] [LOG] Detected Host: nbcl.localhost:3001 http://nbcl.localhost:3001/dashboardportal/juteProduction/masters/itemMaturity @ http://nbcl.localhost:3001/_next/static/chunks/node_modules_next_dist_f3530cac._.js:2297
[  461607ms] [LOG] Detected Host: nbcl.localhost:3001 http://nbcl.localhost:3001/dashboardportal/juteProduction/masters/itemMaturity @ http://nbcl.localhost:3001/_next/static/chunks/node_modules_next_dist_f3530cac._.js:2297
[  461761ms] [LOG] Detected Host: nbcl.localhost:3001 http://nbcl.localhost:3001/dashboardportal/juteProduction/masters/itemMaturity @ http://nbcl.localhost:3001/_next/static/chunks/node_modules_next_dist_f3530cac._.js:2297
[  461764ms] [LOG] Detected Host: nbcl.localhost:3001 http://nbcl.localhost:3001/dashboardportal/juteProduction/masters/itemMaturity @ http://nbcl.localhost:3001/_next/static/chunks/node_modules_next_dist_f3530cac._.js:2297
[  461866ms] [LOG] Detected Host: nbcl.localhost:3001 http://nbcl.localhost:3001/dashboardportal/juteProduction/masters/itemMaturity @ http://nbcl.localhost:3001/_next/static/chunks/node_modules_next_dist_f3530cac._.js:2297
[  461869ms] [LOG] Detected Host: nbcl.localhost:3001 http://nbcl.localhost:3001/dashboardportal/juteProduction/masters/itemMaturity @ http://nbcl.localhost:3001/_next/static/chunks/node_modules_next_dist_f3530cac._.js:2297
[  463737ms] [INFO] %cDownload the React DevTools for a better development experience: https://react.dev/link/react-devtools font-weight:bold @ http://nbcl.localhost:3001/_next/static/chunks/node_modules_next_dist_f3530cac._.js:2297
[  463774ms] [LOG] [HMR] connected @ http://nbcl.localhost:3001/_next/static/chunks/node_modules_next_dist_f3530cac._.js:2297
[  463950ms] [LOG] Detected Host: nbcl.localhost:3001 http://nbcl.localhost:3001/dashboardportal/juteProduction/masters/spreaderMachineWt @ http://nbcl.localhost:3001/_next/static/chunks/node_modules_next_dist_f3530cac._.js:2297
[  463951ms] [LOG] Detected Host: nbcl.localhost:3001 http://nbcl.localhost:3001/dashboardportal/juteProduction/masters/spreaderMachineWt @ http://nbcl.localhost:3001/_next/static/chunks/node_modules_next_dist_f3530cac._.js:2297
[  464027ms] [LOG] Detected Host: nbcl.localhost:3001 http://nbcl.localhost:3001/dashboardportal/juteProduction/masters/spreaderMachineWt @ http://nbcl.localhost:3001/_next/static/chunks/node_modules_next_dist_f3530cac._.js:2297
[  464031ms] [LOG] Detected Host: nbcl.localhost:3001 http://nbcl.localhost:3001/dashboardportal/juteProduction/masters/spreaderMachineWt @ http://nbcl.localhost:3001/_next/static/chunks/node_modules_next_dist_f3530cac._.js:2297
[  464108ms] [LOG] Detected Host: nbcl.localhost:3001 http://nbcl.localhost:3001/dashboardportal/juteProduction/masters/spreaderMachineWt @ http://nbcl.localhost:3001/_next/static/chunks/node_modules_next_dist_f3530cac._.js:2297
[  464112ms] [LOG] Detected Host: nbcl.localhost:3001 http://nbcl.localhost:3001/dashboardportal/juteProduction/masters/spreaderMachineWt @ http://nbcl.localhost:3001/_next/static/chunks/node_modules_next_dist_f3530cac._.js:2297
[  464257ms] [LOG] Detected Host: nbcl.localhost:3001 http://nbcl.localhost:3001/dashboardportal/juteProduction/masters/spreaderMachineWt @ http://nbcl.localhost:3001/_next/static/chunks/node_modules_next_dist_f3530cac._.js:2297
[  464262ms] [LOG] Detected Host: nbcl.localhost:3001 http://nbcl.localhost:3001/dashboardportal/juteProduction/masters/spreaderMachineWt @ http://nbcl.localhost:3001/_next/static/chunks/node_modules_next_dist_f3530cac._.js:2297
[  464485ms] [LOG] Detected Host: nbcl.localhost:3001 http://nbcl.localhost:3001/dashboardportal/juteProduction/masters/spreaderMachineWt @ http://nbcl.localhost:3001/_next/static/chunks/node_modules_next_dist_f3530cac._.js:2297
[  464489ms] [LOG] Detected Host: nbcl.localhost:3001 http://nbcl.localhost:3001/dashboardportal/juteProduction/masters/spreaderMachineWt @ http://nbcl.localhost:3001/_next/static/chunks/node_modules_next_dist_f3530cac._.js:2297
[  464656ms] [LOG] Detected Host: nbcl.localhost:3001 http://nbcl.localhost:3001/dashboardportal/juteProduction/masters/spreaderMachineWt @ http://nbcl.localhost:3001/_next/static/chunks/node_modules_next_dist_f3530cac._.js:2297
[  464658ms] [LOG] Detected Host: nbcl.localhost:3001 http://nbcl.localhost:3001/dashboardportal/juteProduction/masters/spreaderMachineWt @ http://nbcl.localhost:3001/_next/static/chunks/node_modules_next_dist_f3530cac._.js:2297
[  466255ms] [LOG] [Fast Refresh] rebuilding @ http://nbcl.localhost:3001/_next/static/chunks/node_modules_next_dist_f3530cac._.js:2297
[  466260ms] [LOG] [Fast Refresh] done in 109ms @ http://nbcl.localhost:3001/_next/static/chunks/node_modules_next_dist_f3530cac._.js:2297
[  466431ms] [INFO] %cDownload the React DevTools for a better development experience: https://react.dev/link/react-devtools font-weight:bold @ http://nbcl.localhost:3001/_next/static/chunks/node_modules_next_dist_f3530cac._.js:2297
[  466464ms] [LOG] [HMR] connected @ http://nbcl.localhost:3001/_next/static/chunks/node_modules_next_dist_f3530cac._.js:2297
[  466722ms] [LOG] Detected Host: nbcl.localhost:3001 http://nbcl.localhost:3001/dashboardportal/hrms/bioattendance @ http://nbcl.localhost:3001/_next/static/chunks/node_modules_next_dist_f3530cac._.js:2297
[  466723ms] [LOG] Detected Host: nbcl.localhost:3001 http://nbcl.localhost:3001/dashboardportal/hrms/bioattendance @ http://nbcl.localhost:3001/_next/static/chunks/node_modules_next_dist_f3530cac._.js:2297
[  466799ms] [ERROR] A tree hydrated but some attributes of the server rendered HTML didn't match the client properties. This won't be patched up. This can happen if a SSR-ed Client Component used:

- A server/client branch `if (typeof window !== 'undefined')`.
- Variable input such as `Date.now()` or `Math.random()` which changes each time it's called.
- Date formatting in a user's locale which doesn't match the server.
- External changing data without sending a snapshot of it along with the HTML.
- Invalid HTML tag nesting.

It can also happen if the client has a browser extension installed which messes with the HTML before React loaded.

%s%s https://react.dev/link/hydration-mismatch 

  ...
    <Box className="flex flex-...">
      <Styled(div) as="div" ref={null} className="flex flex-..." theme={{...}} sx={{}}>
        <Insertion>
        <div className="flex flex-...">
          <TextField size="small" value="" onChange={function IndexWrapper.useCallback[handleSearchInputChange]} ...>
            <MuiTextField-root disabled={false} error={false} fullWidth={false} required={false} color="primary" ...>
              <Insertion>
              <FormControl disabled={false} error={false} fullWidth={false} required={false} color="primary" ...>
                <MuiFormControl-root as="div" ownerState={{disabled:false, ...}} className="MuiFormCon..." ref={null}>
                  <Insertion>
                  <div className="MuiFormCon...">
                    <OutlinedInput aria-describedby={undefined} autoComplete={undefined} autoFocus={false} ...>
                      <InputBase slots={{root:{...}, ...}} slotProps={{}} renderSuffix={function renderSuffix} ...>
                        <GlobalStylesWrapper>
                        <MuiOutlinedInput-root ref={null} onClick={function handleClick} ownerState={{slots:{...}, ...}} ...>
                          <Insertion>
                          <div onClick={function handleClick} className="MuiInputBa...">
                            <MuiOutlinedInput-input aria-invalid={false} aria-describedby={undefined} ...>
                              <Insertion>
                              <input
                                aria-invalid={false}
                                aria-describedby={undefined}
                                autoComplete={undefined}
                                autoFocus={false}
                                defaultValue={undefined}
                                disabled={false}
+                               id="_R_3a9aatpesne9erllb_"
-                               id="_R_d959bn5ritp9erllb_"
                                onAnimationStart={function handleAutoFill}
                                name={undefined}
                                placeholder="Search by emp code, name or bio id"
                                readOnly={undefined}
                                required={false}
                                rows={undefined}
                                value=""
                                onKeyDown={undefined}
                                onKeyUp={undefined}
                                type="text"
                                className="MuiInputBase-input MuiOutlinedInput-input MuiInputBase-inputSizeSmall mui-1..."
                                onBlur={function handleBlur}
                                onChange={function handleChange}
                                onFocus={function handleFocus}
                                ref={function useForkRef.useMemo}
                              >
                            ...
 @ http://nbcl.localhost:3001/_next/static/chunks/node_modules_next_dist_f3530cac._.js:3127
[  466821ms] [LOG] Detected Host: nbcl.localhost:3001 http://nbcl.localhost:3001/dashboardportal/hrms/bioattendance @ http://nbcl.localhost:3001/_next/static/chunks/node_modules_next_dist_f3530cac._.js:2297
[  466825ms] [LOG] Detected Host: nbcl.localhost:3001 http://nbcl.localhost:3001/dashboardportal/hrms/bioattendance @ http://nbcl.localhost:3001/_next/static/chunks/node_modules_next_dist_f3530cac._.js:2297
[  466930ms] [LOG] Detected Host: nbcl.localhost:3001 http://nbcl.localhost:3001/dashboardportal/hrms/bioattendance @ http://nbcl.localhost:3001/_next/static/chunks/node_modules_next_dist_f3530cac._.js:2297
[  466934ms] [LOG] Detected Host: nbcl.localhost:3001 http://nbcl.localhost:3001/dashboardportal/hrms/bioattendance @ http://nbcl.localhost:3001/_next/static/chunks/node_modules_next_dist_f3530cac._.js:2297
[  467079ms] [LOG] Detected Host: nbcl.localhost:3001 http://nbcl.localhost:3001/dashboardportal/hrms/bioattendance @ http://nbcl.localhost:3001/_next/static/chunks/node_modules_next_dist_f3530cac._.js:2297
[  467082ms] [LOG] Detected Host: nbcl.localhost:3001 http://nbcl.localhost:3001/dashboardportal/hrms/bioattendance @ http://nbcl.localhost:3001/_next/static/chunks/node_modules_next_dist_f3530cac._.js:2297
[  467290ms] [LOG] Detected Host: nbcl.localhost:3001 http://nbcl.localhost:3001/dashboardportal/hrms/bioattendance @ http://nbcl.localhost:3001/_next/static/chunks/node_modules_next_dist_f3530cac._.js:2297
[  467293ms] [LOG] Detected Host: nbcl.localhost:3001 http://nbcl.localhost:3001/dashboardportal/hrms/bioattendance @ http://nbcl.localhost:3001/_next/static/chunks/node_modules_next_dist_f3530cac._.js:2297
[  467477ms] [LOG] Detected Host: nbcl.localhost:3001 http://nbcl.localhost:3001/dashboardportal/hrms/bioattendance @ http://nbcl.localhost:3001/_next/static/chunks/node_modules_next_dist_f3530cac._.js:2297
[  467480ms] [LOG] Detected Host: nbcl.localhost:3001 http://nbcl.localhost:3001/dashboardportal/hrms/bioattendance @ http://nbcl.localhost:3001/_next/static/chunks/node_modules_next_dist_f3530cac._.js:2297
[  467767ms] [LOG] [Fast Refresh] rebuilding @ http://nbcl.localhost:3001/_next/static/chunks/node_modules_next_dist_f3530cac._.js:2297
[  467769ms] [LOG] [Fast Refresh] done in 111ms @ http://nbcl.localhost:3001/_next/static/chunks/node_modules_next_dist_f3530cac._.js:2297
[  468993ms] [LOG] [Fast Refresh] rebuilding @ http://nbcl.localhost:3001/_next/static/chunks/node_modules_next_dist_f3530cac._.js:2297
[  469004ms] [LOG] [Fast Refresh] done in 123ms @ http://nbcl.localhost:3001/_next/static/chunks/node_modules_next_dist_f3530cac._.js:2297
[  469210ms] [INFO] %cDownload the React DevTools for a better development experience: https://react.dev/link/react-devtools font-weight:bold @ http://nbcl.localhost:3001/_next/static/chunks/node_modules_next_dist_f3530cac._.js:2297
[  469252ms] [LOG] [HMR] connected @ http://nbcl.localhost:3001/_next/static/chunks/node_modules_next_dist_f3530cac._.js:2297
[  469400ms] [LOG] Detected Host: nbcl.localhost:3001 http://nbcl.localhost:3001/dashboardportal/hrms/attendanceCalendar @ http://nbcl.localhost:3001/_next/static/chunks/node_modules_next_dist_f3530cac._.js:2297
[  469401ms] [LOG] Detected Host: nbcl.localhost:3001 http://nbcl.localhost:3001/dashboardportal/hrms/attendanceCalendar @ http://nbcl.localhost:3001/_next/static/chunks/node_modules_next_dist_f3530cac._.js:2297
[  469503ms] [ERROR] A tree hydrated but some attributes of the server rendered HTML didn't match the client properties. This won't be patched up. This can happen if a SSR-ed Client Component used:

- A server/client branch `if (typeof window !== 'undefined')`.
- Variable input such as `Date.now()` or `Math.random()` which changes each time it's called.
- Date formatting in a user's locale which doesn't match the server.
- External changing data without sending a snapshot of it along with the HTML.
- Invalid HTML tag nesting.

It can also happen if the client has a browser extension installed which messes with the HTML before React loaded.

%s%s https://react.dev/link/hydration-mismatch 

  ...
    <div className="mb-6 flex ...">
      ...
        <Grid direction="row" spacing={1.5} alignItems="center">
          <MuiStack-root as="div" ownerState={{...}} ref={null} className="MuiStack-root" sx={{...}}>
            <Insertion>
            <div className="MuiStack-r...">
              <TextField size="small" label="From Date" type="date" value="2026-08-03" onChange={function onChange} ...>
                <MuiTextField-root disabled={false} error={false} fullWidth={false} required={false} color="primary" ...>
                  <Insertion>
                  <FormControl disabled={false} error={false} fullWidth={false} required={false} color="primary" ...>
                    <MuiFormControl-root as="div" ownerState={{disabled:false, ...}} className="MuiFormCon..." ref={null}>
                      <Insertion>
                      <div className="MuiFormCon...">
                        <InputLabel htmlFor="_R_2kp6atp..." id="_R_2kp6atp..." shrink={true} ref={null} ...>
                          <MuiInputLabel-root data-shrink={true} ref={null} className="MuiInputLa..." ...>
                            <Insertion>
                            <FormLabel data-shrink={true} className="MuiInputLa..." htmlFor="_R_2kp6atp..." ...>
                              <MuiFormLabel-root as="label" ownerState={{...}} className="MuiFormLab..." ref={null} ...>
                                <Insertion>
                                <label
                                  className="MuiFormLabel-root MuiInputLabel-root MuiInputLabel-formControl MuiInputLa..."
                                  data-shrink={true}
+                                 htmlFor="_R_2kp6atpesne9erllb_"
-                                 htmlFor="_R_aj4pbn5ritp9erllb_"
+                                 id="_R_2kp6atpesne9erllb_-label"
-                                 id="_R_aj4pbn5ritp9erllb_-label"
                                >
                        ...
                          <MuiOutlinedInput-root ref={null} onClick={function handleClick} ...>
                            <Insertion>
                            <div onClick={function handleClick} className="MuiInputBa...">
                              <MuiOutlinedInput-input aria-invalid={false} aria-describedby={undefined} ...>
                                <Insertion>
                                <input
                                  aria-invalid={false}
                                  aria-describedby={undefined}
                                  autoComplete={undefined}
                                  autoFocus={false}
                                  defaultValue={undefined}
                                  disabled={false}
+                                 id="_R_2kp6atpesne9erllb_"
-                                 id="_R_aj4pbn5ritp9erllb_"
                                  onAnimationStart={function handleAutoFill}
                                  name={undefined}
                                  placeholder={undefined}
                                  readOnly={undefined}
                                  required={false}
                                  rows={undefined}
                                  value="2026-08-03"
                                  onKeyDown={undefined}
                                  onKeyUp={undefined}
                                  type="date"
                                  className="MuiInputBase-input MuiOutlinedInput-input MuiInputBase-inputSizeSmall mui..."
                                  onBlur={function handleBlur}
                                  onChange={function handleChange}
                                  onFocus={function handleFocus}
                                  ref={function useForkRef.useMemo}
                                >
                              ...
              <TextField size="small" label="To Date" type="date" value="2026-08-09" onChange={function onChange} ...>
                <MuiTextField-root disabled={false} error={false} fullWidth={false} required={false} color="primary" ...>
                  <Insertion>
                  <FormControl disabled={false} error={false} fullWidth={false} required={false} color="primary" ...>
                    <MuiFormControl-root as="div" ownerState={{disabled:false, ...}} className="MuiFormCon..." ref={null}>
                      <Insertion>
                      <div className="MuiFormCon...">
                        <InputLabel htmlFor="_R_3kp6atp..." id="_R_3kp6atp..." shrink={true} ref={null} ...>
                          <MuiInputLabel-root data-shrink={true} ref={null} className="MuiInputLa..." ...>
                            <Insertion>
                            <FormLabel data-shrink={true} className="MuiInputLa..." htmlFor="_R_3kp6atp..." ...>
                              <MuiFormLabel-root as="label" ownerState={{...}} className="MuiFormLab..." ref={null} ...>
                                <Insertion>
                                <label
                                  className="MuiFormLabel-root MuiInputLabel-root MuiInputLabel-formControl MuiInputLa..."
                                  data-shrink={true}
+                                 htmlFor="_R_3kp6atpesne9erllb_"
-                                 htmlFor="_R_ej4pbn5ritp9erllb_"
+                                 id="_R_3kp6atpesne9erllb_-label"
-                                 id="_R_ej4pbn5ritp9erllb_-label"
                                >
                        ...
                          <MuiOutlinedInput-root ref={null} onClick={function handleClick} ...>
                            <Insertion>
                            <div onClick={function handleClick} className="MuiInputBa...">
                              <MuiOutlinedInput-input aria-invalid={false} aria-describedby={undefined} ...>
                                <Insertion>
                                <input
                                  aria-invalid={false}
                                  aria-describedby={undefined}
                                  autoComplete={undefined}
                                  autoFocus={false}
                                  defaultValue={undefined}
                                  disabled={false}
+                                 id="_R_3kp6atpesne9erllb_"
-                                 id="_R_ej4pbn5ritp9erllb_"
                                  onAnimationStart={function handleAutoFill}
                                  name={undefined}
                                  placeholder={undefined}
                                  readOnly={undefined}
                                  required={false}
                                  rows={undefined}
                                  value="2026-08-09"
                                  onKeyDown={undefined}
                                  onKeyUp={undefined}
                                  type="date"
                                  className="MuiInputBase-input MuiOutlinedInput-input MuiInputBase-inputSizeSmall mui..."
                                  onBlur={function handleBlur}
                                  onChange={function handleChange}
                                  onFocus={function handleFocus}
                                  ref={function useForkRef.useMemo}
                                >
                              ...
              <TextField size="small" label="Employee Code" value="" onChange={function onChange} sx={{minWidth:140}}>
                <MuiTextField-root disabled={false} error={false} fullWidth={false} required={false} color="primary" ...>
                  <Insertion>
                  <FormControl disabled={false} error={false} fullWidth={false} required={false} color="primary" ...>
                    <MuiFormControl-root as="div" ownerState={{disabled:false, ...}} className="MuiFormCon..." ref={null}>
                      <Insertion>
                      <div className="MuiFormCon...">
                        <InputLabel htmlFor="_R_4kp6atp..." id="_R_4kp6atp..." ref={null} ...>
                          <MuiInputLabel-root data-shrink={false} ref={null} className="MuiInputLa..." ...>
                            <Insertion>
                            <FormLabel data-shrink={false} className="MuiInputLa..." htmlFor="_R_4kp6atp..." ...>
                              <MuiFormLabel-root as="label" ownerState={{...}} className="MuiFormLab..." ref={null} ...>
                                <Insertion>
                                <label
                                  className="MuiFormLabel-root MuiInputLabel-root MuiInputLabel-formControl MuiInputLa..."
                                  data-shrink={false}
+                                 htmlFor="_R_4kp6atpesne9erllb_"
-                                 htmlFor="_R_ij4pbn5ritp9erllb_"
+                                 id="_R_4kp6atpesne9erllb_-label"
-                                 id="_R_ij4pbn5ritp9erllb_-label"
                                >
                        ...
                          <MuiOutlinedInput-root ref={null} onClick={function handleClick} ...>
                            <Insertion>
                            <div onClick={function handleClick} className="MuiInputBa...">
                              <MuiOutlinedInput-input aria-invalid={false} aria-describedby={undefined} ...>
                                <Insertion>
                                <input
                                  aria-invalid={false}
                                  aria-describedby={undefined}
                                  autoComplete={undefined}
                                  autoFocus={false}
                                  defaultValue={undefined}
                                  disabled={false}
+                                 id="_R_4kp6atpesne9erllb_"
-                                 id="_R_ij4pbn5ritp9erllb_"
                                  onAnimationStart={function handleAutoFill}
                                  name={undefined}
                                  placeholder={undefined}
                                  readOnly={undefined}
                                  required={false}
                                  rows={undefined}
                                  value=""
                                  onKeyDown={undefined}
                                  onKeyUp={undefined}
                                  type="text"
                                  className="MuiInputBase-input MuiOutlinedInput-input MuiInputBase-inputSizeSmall mui..."
                                  onBlur={function handleBlur}
                                  onChange={function handleChange}
                                  onFocus={function handleFocus}
                                  ref={function useForkRef.useMemo}
                                >
                              ...
              <TextField select={true} size="small" label="Type" value="" onChange={function onChange} ...>
                <MuiTextField-root disabled={false} error={false} fullWidth={false} required={false} color="primary" ...>
                  <Insertion>
                  <FormControl disabled={false} error={false} fullWidth={false} required={false} color="primary" ...>
                    <MuiFormControl-root as="div" ownerState={{disabled:false, ...}} className="MuiFormCon..." ref={null}>
                      <Insertion>
                      <div className="MuiFormCon...">
                        <InputLabel htmlFor="_R_5kp6atp..." id="_R_5kp6atp..." ref={null} ownerState={{select:true, ...}}>
                          <MuiInputLabel-root data-shrink={false} ref={null} className="MuiInputLa..." ...>
                            <Insertion>
                            <FormLabel data-shrink={false} className="MuiInputLa..." htmlFor="_R_5kp6atp..." ...>
                              <MuiFormLabel-root as="label" ownerState={{...}} className="MuiFormLab..." ref={null} ...>
                                <Insertion>
                                <label
                                  className="MuiFormLabel-root MuiInputLabel-root MuiInputLabel-formControl MuiInputLa..."
                                  data-shrink={false}
+                                 htmlFor="_R_5kp6atpesne9erllb_"
-                                 htmlFor="_R_mj4pbn5ritp9erllb_"
+                                 id="_R_5kp6atpesne9erllb_-label"
-                                 id="_R_mj4pbn5ritp9erllb_-label"
                                >
                        ...
                          <MuiOutlinedInput-input aria-invalid={false} aria-describedby={undefined} ...>
                            <Insertion>
                            <SelectInput aria-invalid={false} aria-describedby={undefined} autoComplete={undefined} ...>
                              <MuiSelect-select as="div" ...>
                                <Insertion>
                                <div
                                  tabIndex={0}
                                  role="combobox"
                                  aria-controls={undefined}
                                  aria-disabled={undefined}
                                  aria-expanded="false"
                                  aria-haspopup="listbox"
                                  aria-label={undefined}
+                                 aria-labelledby="_R_5kp6atpesne9erllb_-label _R_5kp6atpesne9erllb_"
-                                 aria-labelledby="_R_mj4pbn5ritp9erllb_-label _R_mj4pbn5ritp9erllb_"
                                  aria-describedby={undefined}
                                  aria-required={undefined}
                                  aria-invalid={undefined}
                                  onKeyDown={function handleKeyDown}
                                  onMouseDown={function handleMouseDown}
                                  onBlur={function handleBlur}
                                  onFocus={function handleFocus}
+                                 id="_R_5kp6atpesne9erllb_"
-                                 id="_R_mj4pbn5ritp9erllb_"
                                  className="MuiSelect-select MuiSelect-outlined MuiInputBase-input MuiOutlinedInput-i..."
                                  ref={function SelectInput.SelectInput.useCallback[handleDisplayRef]}
                                >
                              ...
              <TextField select={true} size="small" label="Status" value="" onChange={function onChange} ...>
                <MuiTextField-root disabled={false} error={false} fullWidth={false} required={false} color="primary" ...>
                  <Insertion>
                  <FormControl disabled={false} error={false} fullWidth={false} required={false} color="primary" ...>
                    <MuiFormControl-root as="div" ownerState={{disabled:false, ...}} className="MuiFormCon..." ref={null}>
                      <Insertion>
                      <div className="MuiFormCon...">
                        <InputLabel htmlFor="_R_6kp6atp..." id="_R_6kp6atp..." ref={null} ownerState={{select:true, ...}}>
                          <MuiInputLabel-root data-shrink={false} ref={null} className="MuiInputLa..." ...>
                            <Insertion>
                            <FormLabel data-shrink={false} className="MuiInputLa..." htmlFor="_R_6kp6atp..." ...>
                              <MuiFormLabel-root as="label" ownerState={{...}} className="MuiFormLab..." ref={null} ...>
                                <Insertion>
                                <label
                                  className="MuiFormLabel-root MuiInputLabel-root MuiInputLabel-formControl MuiInputLa..."
                                  data-shrink={false}
+                                 htmlFor="_R_6kp6atpesne9erllb_"
-                                 htmlFor="_R_qj4pbn5ritp9erllb_"
+                                 id="_R_6kp6atpesne9erllb_-label"
-                                 id="_R_qj4pbn5ritp9erllb_-label"
                                >
                        ...
                          <MuiOutlinedInput-input aria-invalid={false} aria-describedby={undefined} ...>
                            <Insertion>
                            <SelectInput aria-invalid={false} aria-describedby={undefined} autoComplete={undefined} ...>
                              <MuiSelect-select as="div" ...>
                                <Insertion>
                                <div
                                  tabIndex={0}
                                  role="combobox"
                                  aria-controls={undefined}
                                  aria-disabled={undefined}
                                  aria-expanded="false"
                                  aria-haspopup="listbox"
                                  aria-label={undefined}
+                                 aria-labelledby="_R_6kp6atpesne9erllb_-label _R_6kp6atpesne9erllb_"
-                                 aria-labelledby="_R_qj4pbn5ritp9erllb_-label _R_qj4pbn5ritp9erllb_"
                                  aria-describedby={undefined}
                                  aria-required={undefined}
                                  aria-invalid={undefined}
                                  onKeyDown={function handleKeyDown}
                                  onMouseDown={function handleMouseDown}
                                  onBlur={function handleBlur}
                                  onFocus={function handleFocus}
+                                 id="_R_6kp6atpesne9erllb_"
-                                 id="_R_qj4pbn5ritp9erllb_"
                                  className="MuiSelect-select MuiSelect-outlined MuiInputBase-input MuiOutlinedInput-i..."
                                  ref={function SelectInput.SelectInput.useCallback[handleDisplayRef]}
                                >
                              ...
      ...
        <div className="flex flex-...">
          <TextField size="small" value="" onChange={function IndexWrapper.useCallback[handleSearchInputChange]} ...>
            <MuiTextField-root disabled={false} error={false} fullWidth={false} required={false} color="primary" ...>
              <Insertion>
              <FormControl disabled={false} error={false} fullWidth={false} required={false} color="primary" ...>
                <MuiFormControl-root as="div" ownerState={{disabled:false, ...}} className="MuiFormCon..." ref={null}>
                  <Insertion>
                  <div className="MuiFormCon...">
                    <OutlinedInput aria-describedby={undefined} autoComplete={undefined} autoFocus={false} ...>
                      <InputBase slots={{root:{...}, ...}} slotProps={{}} renderSuffix={function renderSuffix} ...>
                        <GlobalStylesWrapper>
                        <MuiOutlinedInput-root ref={null} onClick={function handleClick} ownerState={{slots:{...}, ...}} ...>
                          <Insertion>
                          <div onClick={function handleClick} className="MuiInputBa...">
                            <MuiOutlinedInput-input aria-invalid={false} aria-describedby={undefined} ...>
                              <Insertion>
                              <input
                                aria-invalid={false}
                                aria-describedby={undefined}
                                autoComplete={undefined}
                                autoFocus={false}
                                defaultValue={undefined}
                                disabled={false}
+                               id="_R_d96atpesne9erllb_"
-                               id="_R_1l4pbn5ritp9erllb_"
                                onAnimationStart={function handleAutoFill}
                                name={undefined}
                                placeholder="Search by worker name..."
                                readOnly={undefined}
                                required={false}
                                rows={undefined}
                                value=""
                                onKeyDown={undefined}
                                onKeyUp={undefined}
                                type="text"
                                className="MuiInputBase-input MuiOutlinedInput-input MuiInputBase-inputSizeSmall mui-1..."
                                onBlur={function handleBlur}
                                onChange={function handleChange}
                                onFocus={function handleFocus}
                                ref={function useForkRef.useMemo}
                              >
                            ...
 @ http://nbcl.localhost:3001/_next/static/chunks/node_modules_next_dist_f3530cac._.js:3127
[  469522ms] [LOG] Detected Host: nbcl.localhost:3001 http://nbcl.localhost:3001/dashboardportal/hrms/attendanceCalendar @ http://nbcl.localhost:3001/_next/static/chunks/node_modules_next_dist_f3530cac._.js:2297
[  469527ms] [LOG] Detected Host: nbcl.localhost:3001 http://nbcl.localhost:3001/dashboardportal/hrms/attendanceCalendar @ http://nbcl.localhost:3001/_next/static/chunks/node_modules_next_dist_f3530cac._.js:2297
[  469632ms] [LOG] Detected Host: nbcl.localhost:3001 http://nbcl.localhost:3001/dashboardportal/hrms/attendanceCalendar @ http://nbcl.localhost:3001/_next/static/chunks/node_modules_next_dist_f3530cac._.js:2297
[  469635ms] [LOG] Detected Host: nbcl.localhost:3001 http://nbcl.localhost:3001/dashboardportal/hrms/attendanceCalendar @ http://nbcl.localhost:3001/_next/static/chunks/node_modules_next_dist_f3530cac._.js:2297
[  469850ms] [LOG] Detected Host: nbcl.localhost:3001 http://nbcl.localhost:3001/dashboardportal/hrms/attendanceCalendar @ http://nbcl.localhost:3001/_next/static/chunks/node_modules_next_dist_f3530cac._.js:2297
[  469854ms] [LOG] Detected Host: nbcl.localhost:3001 http://nbcl.localhost:3001/dashboardportal/hrms/attendanceCalendar @ http://nbcl.localhost:3001/_next/static/chunks/node_modules_next_dist_f3530cac._.js:2297
[  470193ms] [LOG] Detected Host: nbcl.localhost:3001 http://nbcl.localhost:3001/dashboardportal/hrms/attendanceCalendar @ http://nbcl.localhost:3001/_next/static/chunks/node_modules_next_dist_f3530cac._.js:2297
[  470197ms] [LOG] Detected Host: nbcl.localhost:3001 http://nbcl.localhost:3001/dashboardportal/hrms/attendanceCalendar @ http://nbcl.localhost:3001/_next/static/chunks/node_modules_next_dist_f3530cac._.js:2297
[  470480ms] [LOG] Detected Host: nbcl.localhost:3001 http://nbcl.localhost:3001/dashboardportal/hrms/attendanceCalendar @ http://nbcl.localhost:3001/_next/static/chunks/node_modules_next_dist_f3530cac._.js:2297
[  470482ms] [LOG] Detected Host: nbcl.localhost:3001 http://nbcl.localhost:3001/dashboardportal/hrms/attendanceCalendar @ http://nbcl.localhost:3001/_next/static/chunks/node_modules_next_dist_f3530cac._.js:2297
[  471925ms] [INFO] %cDownload the React DevTools for a better development experience: https://react.dev/link/react-devtools font-weight:bold @ http://nbcl.localhost:3001/_next/static/chunks/node_modules_next_dist_f3530cac._.js:2297
[  471975ms] [LOG] [HMR] connected @ http://nbcl.localhost:3001/_next/static/chunks/node_modules_next_dist_f3530cac._.js:2297
[  472109ms] [LOG] Detected Host: nbcl.localhost:3001 http://nbcl.localhost:3001/dashboardportal/juteProduction/drawing @ http://nbcl.localhost:3001/_next/static/chunks/node_modules_next_dist_f3530cac._.js:2297
[  472110ms] [LOG] Detected Host: nbcl.localhost:3001 http://nbcl.localhost:3001/dashboardportal/juteProduction/drawing @ http://nbcl.localhost:3001/_next/static/chunks/node_modules_next_dist_f3530cac._.js:2297
[  472166ms] [LOG] Detected Host: nbcl.localhost:3001 http://nbcl.localhost:3001/dashboardportal/juteProduction/drawing @ http://nbcl.localhost:3001/_next/static/chunks/node_modules_next_dist_f3530cac._.js:2297
[  472167ms] [LOG] Detected Host: nbcl.localhost:3001 http://nbcl.localhost:3001/dashboardportal/juteProduction/drawing @ http://nbcl.localhost:3001/_next/static/chunks/node_modules_next_dist_f3530cac._.js:2297
[  472197ms] [LOG] Detected Host: nbcl.localhost:3001 http://nbcl.localhost:3001/dashboardportal/juteProduction/drawing @ http://nbcl.localhost:3001/_next/static/chunks/node_modules_next_dist_f3530cac._.js:2297
[  472198ms] [LOG] Detected Host: nbcl.localhost:3001 http://nbcl.localhost:3001/dashboardportal/juteProduction/drawing @ http://nbcl.localhost:3001/_next/static/chunks/node_modules_next_dist_f3530cac._.js:2297
[  472231ms] [LOG] Detected Host: nbcl.localhost:3001 http://nbcl.localhost:3001/dashboardportal/juteProduction/drawing @ http://nbcl.localhost:3001/_next/static/chunks/node_modules_next_dist_f3530cac._.js:2297
[  472232ms] [LOG] Detected Host: nbcl.localhost:3001 http://nbcl.localhost:3001/dashboardportal/juteProduction/drawing @ http://nbcl.localhost:3001/_next/static/chunks/node_modules_next_dist_f3530cac._.js:2297
[  472280ms] [LOG] Detected Host: nbcl.localhost:3001 http://nbcl.localhost:3001/dashboardportal/juteProduction/drawing @ http://nbcl.localhost:3001/_next/static/chunks/node_modules_next_dist_f3530cac._.js:2297
[  472280ms] [LOG] Detected Host: nbcl.localhost:3001 http://nbcl.localhost:3001/dashboardportal/juteProduction/drawing @ http://nbcl.localhost:3001/_next/static/chunks/node_modules_next_dist_f3530cac._.js:2297
[  472329ms] [LOG] Detected Host: nbcl.localhost:3001 http://nbcl.localhost:3001/dashboardportal/juteProduction/drawing @ http://nbcl.localhost:3001/_next/static/chunks/node_modules_next_dist_f3530cac._.js:2297
[  472336ms] [LOG] Detected Host: nbcl.localhost:3001 http://nbcl.localhost:3001/dashboardportal/juteProduction/drawing @ http://nbcl.localhost:3001/_next/static/chunks/node_modules_next_dist_f3530cac._.js:2297
[  472444ms] [LOG] Detected Host: nbcl.localhost:3001 http://nbcl.localhost:3001/dashboardportal/juteProduction/drawing @ http://nbcl.localhost:3001/_next/static/chunks/node_modules_next_dist_f3530cac._.js:2297
[  472448ms] [LOG] Detected Host: nbcl.localhost:3001 http://nbcl.localhost:3001/dashboardportal/juteProduction/drawing @ http://nbcl.localhost:3001/_next/static/chunks/node_modules_next_dist_f3530cac._.js:2297
[  472597ms] [LOG] Detected Host: nbcl.localhost:3001 http://nbcl.localhost:3001/dashboardportal/juteProduction/drawing @ http://nbcl.localhost:3001/_next/static/chunks/node_modules_next_dist_f3530cac._.js:2297
[  472602ms] [LOG] Detected Host: nbcl.localhost:3001 http://nbcl.localhost:3001/dashboardportal/juteProduction/drawing @ http://nbcl.localhost:3001/_next/static/chunks/node_modules_next_dist_f3530cac._.js:2297
[  472886ms] [LOG] Detected Host: nbcl.localhost:3001 http://nbcl.localhost:3001/dashboardportal/juteProduction/drawing @ http://nbcl.localhost:3001/_next/static/chunks/node_modules_next_dist_f3530cac._.js:2297
[  472890ms] [LOG] Detected Host: nbcl.localhost:3001 http://nbcl.localhost:3001/dashboardportal/juteProduction/drawing @ http://nbcl.localhost:3001/_next/static/chunks/node_modules_next_dist_f3530cac._.js:2297
[  473193ms] [LOG] Detected Host: nbcl.localhost:3001 http://nbcl.localhost:3001/dashboardportal/juteProduction/drawing @ http://nbcl.localhost:3001/_next/static/chunks/node_modules_next_dist_f3530cac._.js:2297
[  473197ms] [LOG] Detected Host: nbcl.localhost:3001 http://nbcl.localhost:3001/dashboardportal/juteProduction/drawing @ http://nbcl.localhost:3001/_next/static/chunks/node_modules_next_dist_f3530cac._.js:2297
[  474452ms] [LOG] [Fast Refresh] rebuilding @ http://nbcl.localhost:3001/_next/static/chunks/node_modules_next_dist_f3530cac._.js:2297
[  474480ms] [LOG] [Fast Refresh] done in 130ms @ http://nbcl.localhost:3001/_next/static/chunks/node_modules_next_dist_f3530cac._.js:2297
[  474724ms] [INFO] %cDownload the React DevTools for a better development experience: https://react.dev/link/react-devtools font-weight:bold @ http://nbcl.localhost:3001/_next/static/chunks/node_modules_next_dist_f3530cac._.js:2297
[  474757ms] [LOG] [HMR] connected @ http://nbcl.localhost:3001/_next/static/chunks/node_modules_next_dist_f3530cac._.js:2297
[  475018ms] [LOG] Detected Host: nbcl.localhost:3001 http://nbcl.localhost:3001/dashboardportal/juteProduction/masters/drawingMachineAttr @ http://nbcl.localhost:3001/_next/static/chunks/node_modules_next_dist_f3530cac._.js:2297
[  475019ms] [LOG] Detected Host: nbcl.localhost:3001 http://nbcl.localhost:3001/dashboardportal/juteProduction/masters/drawingMachineAttr @ http://nbcl.localhost:3001/_next/static/chunks/node_modules_next_dist_f3530cac._.js:2297
[  475056ms] [LOG] Detected Host: nbcl.localhost:3001 http://nbcl.localhost:3001/dashboardportal/juteProduction/masters/drawingMachineAttr @ http://nbcl.localhost:3001/_next/static/chunks/node_modules_next_dist_f3530cac._.js:2297
[  475056ms] [LOG] Detected Host: nbcl.localhost:3001 http://nbcl.localhost:3001/dashboardportal/juteProduction/masters/drawingMachineAttr @ http://nbcl.localhost:3001/_next/static/chunks/node_modules_next_dist_f3530cac._.js:2297
[  475131ms] [LOG] Detected Host: nbcl.localhost:3001 http://nbcl.localhost:3001/dashboardportal/juteProduction/masters/drawingMachineAttr @ http://nbcl.localhost:3001/_next/static/chunks/node_modules_next_dist_f3530cac._.js:2297
[  475136ms] [LOG] Detected Host: nbcl.localhost:3001 http://nbcl.localhost:3001/dashboardportal/juteProduction/masters/drawingMachineAttr @ http://nbcl.localhost:3001/_next/static/chunks/node_modules_next_dist_f3530cac._.js:2297
[  475227ms] [LOG] Detected Host: nbcl.localhost:3001 http://nbcl.localhost:3001/dashboardportal/juteProduction/masters/drawingMachineAttr @ http://nbcl.localhost:3001/_next/static/chunks/node_modules_next_dist_f3530cac._.js:2297
[  475231ms] [LOG] Detected Host: nbcl.localhost:3001 http://nbcl.localhost:3001/dashboardportal/juteProduction/masters/drawingMachineAttr @ http://nbcl.localhost:3001/_next/static/chunks/node_modules_next_dist_f3530cac._.js:2297
[  475377ms] [LOG] Detected Host: nbcl.localhost:3001 http://nbcl.localhost:3001/dashboardportal/juteProduction/masters/drawingMachineAttr @ http://nbcl.localhost:3001/_next/static/chunks/node_modules_next_dist_f3530cac._.js:2297
[  475382ms] [LOG] Detected Host: nbcl.localhost:3001 http://nbcl.localhost:3001/dashboardportal/juteProduction/masters/drawingMachineAttr @ http://nbcl.localhost:3001/_next/static/chunks/node_modules_next_dist_f3530cac._.js:2297
[  475670ms] [LOG] Detected Host: nbcl.localhost:3001 http://nbcl.localhost:3001/dashboardportal/juteProduction/masters/drawingMachineAttr @ http://nbcl.localhost:3001/_next/static/chunks/node_modules_next_dist_f3530cac._.js:2297
[  475674ms] [LOG] Detected Host: nbcl.localhost:3001 http://nbcl.localhost:3001/dashboardportal/juteProduction/masters/drawingMachineAttr @ http://nbcl.localhost:3001/_next/static/chunks/node_modules_next_dist_f3530cac._.js:2297
[  475844ms] [LOG] Detected Host: nbcl.localhost:3001 http://nbcl.localhost:3001/dashboardportal/juteProduction/masters/drawingMachineAttr @ http://nbcl.localhost:3001/_next/static/chunks/node_modules_next_dist_f3530cac._.js:2297
[  475847ms] [LOG] Detected Host: nbcl.localhost:3001 http://nbcl.localhost:3001/dashboardportal/juteProduction/masters/drawingMachineAttr @ http://nbcl.localhost:3001/_next/static/chunks/node_modules_next_dist_f3530cac._.js:2297
[  477251ms] [LOG] [Fast Refresh] rebuilding @ http://nbcl.localhost:3001/_next/static/chunks/node_modules_next_dist_f3530cac._.js:2297
[  477261ms] [LOG] [Fast Refresh] done in 120ms @ http://nbcl.localhost:3001/_next/static/chunks/node_modules_next_dist_f3530cac._.js:2297
[  477578ms] [INFO] %cDownload the React DevTools for a better development experience: https://react.dev/link/react-devtools font-weight:bold @ http://nbcl.localhost:3001/_next/static/chunks/node_modules_next_dist_f3530cac._.js:2297
[  477624ms] [LOG] [HMR] connected @ http://nbcl.localhost:3001/_next/static/chunks/node_modules_next_dist_f3530cac._.js:2297
[  477953ms] [LOG] Detected Host: nbcl.localhost:3001 http://nbcl.localhost:3001/dashboardportal/juteProduction/spinning @ http://nbcl.localhost:3001/_next/static/chunks/node_modules_next_dist_f3530cac._.js:2297
[  477954ms] [LOG] Detected Host: nbcl.localhost:3001 http://nbcl.localhost:3001/dashboardportal/juteProduction/spinning @ http://nbcl.localhost:3001/_next/static/chunks/node_modules_next_dist_f3530cac._.js:2297
[  477983ms] [LOG] Detected Host: nbcl.localhost:3001 http://nbcl.localhost:3001/dashboardportal/juteProduction/spinning @ http://nbcl.localhost:3001/_next/static/chunks/node_modules_next_dist_f3530cac._.js:2297
[  477983ms] [LOG] Detected Host: nbcl.localhost:3001 http://nbcl.localhost:3001/dashboardportal/juteProduction/spinning @ http://nbcl.localhost:3001/_next/static/chunks/node_modules_next_dist_f3530cac._.js:2297
[  478014ms] [LOG] Detected Host: nbcl.localhost:3001 http://nbcl.localhost:3001/dashboardportal/juteProduction/spinning @ http://nbcl.localhost:3001/_next/static/chunks/node_modules_next_dist_f3530cac._.js:2297
[  478015ms] [LOG] Detected Host: nbcl.localhost:3001 http://nbcl.localhost:3001/dashboardportal/juteProduction/spinning @ http://nbcl.localhost:3001/_next/static/chunks/node_modules_next_dist_f3530cac._.js:2297
[  478095ms] [LOG] Detected Host: nbcl.localhost:3001 http://nbcl.localhost:3001/dashboardportal/juteProduction/spinning @ http://nbcl.localhost:3001/_next/static/chunks/node_modules_next_dist_f3530cac._.js:2297
[  478106ms] [LOG] Detected Host: nbcl.localhost:3001 http://nbcl.localhost:3001/dashboardportal/juteProduction/spinning @ http://nbcl.localhost:3001/_next/static/chunks/node_modules_next_dist_f3530cac._.js:2297
[  478154ms] [LOG] Detected Host: nbcl.localhost:3001 http://nbcl.localhost:3001/dashboardportal/juteProduction/spinning @ http://nbcl.localhost:3001/_next/static/chunks/node_modules_next_dist_f3530cac._.js:2297
[  478158ms] [LOG] Detected Host: nbcl.localhost:3001 http://nbcl.localhost:3001/dashboardportal/juteProduction/spinning @ http://nbcl.localhost:3001/_next/static/chunks/node_modules_next_dist_f3530cac._.js:2297
[  478241ms] [LOG] Detected Host: nbcl.localhost:3001 http://nbcl.localhost:3001/dashboardportal/juteProduction/spinning @ http://nbcl.localhost:3001/_next/static/chunks/node_modules_next_dist_f3530cac._.js:2297
[  478244ms] [LOG] Detected Host: nbcl.localhost:3001 http://nbcl.localhost:3001/dashboardportal/juteProduction/spinning @ http://nbcl.localhost:3001/_next/static/chunks/node_modules_next_dist_f3530cac._.js:2297
[  478272ms] [LOG] [Fast Refresh] rebuilding @ http://nbcl.localhost:3001/_next/static/chunks/node_modules_next_dist_f3530cac._.js:2297
[  478280ms] [LOG] Detected Host: nbcl.localhost:3001 http://nbcl.localhost:3001/dashboardportal/juteProduction/spinning @ http://nbcl.localhost:3001/_next/static/chunks/node_modules_next_dist_f3530cac._.js:2297
[  478283ms] [LOG] Detected Host: nbcl.localhost:3001 http://nbcl.localhost:3001/dashboardportal/juteProduction/spinning @ http://nbcl.localhost:3001/_next/static/chunks/node_modules_next_dist_f3530cac._.js:2297
[  478323ms] [LOG] Detected Host: nbcl.localhost:3001 http://nbcl.localhost:3001/dashboardportal/juteProduction/spinning @ http://nbcl.localhost:3001/_next/static/chunks/node_modules_next_dist_f3530cac._.js:2297
[  478325ms] [LOG] Detected Host: nbcl.localhost:3001 http://nbcl.localhost:3001/dashboardportal/juteProduction/spinning @ http://nbcl.localhost:3001/_next/static/chunks/node_modules_next_dist_f3530cac._.js:2297
[  479035ms] [LOG] [Fast Refresh] done in 993ms @ http://nbcl.localhost:3001/_next/static/chunks/node_modules_next_dist_f3530cac._.js:2297
[  480069ms] [LOG] [Fast Refresh] rebuilding @ http://nbcl.localhost:3001/_next/static/chunks/node_modules_next_dist_f3530cac._.js:2297
[  480359ms] [LOG] [Fast Refresh] done in 396ms @ http://nbcl.localhost:3001/_next/static/chunks/node_modules_next_dist_f3530cac._.js:2297
[  480762ms] [INFO] %cDownload the React DevTools for a better development experience: https://react.dev/link/react-devtools font-weight:bold @ http://nbcl.localhost:3001/_next/static/chunks/node_modules_next_dist_f3530cac._.js:2297
[  480801ms] [LOG] [HMR] connected @ http://nbcl.localhost:3001/_next/static/chunks/node_modules_next_dist_f3530cac._.js:2297
[  481175ms] [LOG] Detected Host: nbcl.localhost:3001 http://nbcl.localhost:3001/dashboardportal/juteProduction/masters/trollyMaster @ http://nbcl.localhost:3001/_next/static/chunks/node_modules_next_dist_f3530cac._.js:2297
[  481176ms] [LOG] Detected Host: nbcl.localhost:3001 http://nbcl.localhost:3001/dashboardportal/juteProduction/masters/trollyMaster @ http://nbcl.localhost:3001/_next/static/chunks/node_modules_next_dist_f3530cac._.js:2297
[  481205ms] [LOG] Detected Host: nbcl.localhost:3001 http://nbcl.localhost:3001/dashboardportal/juteProduction/masters/trollyMaster @ http://nbcl.localhost:3001/_next/static/chunks/node_modules_next_dist_f3530cac._.js:2297
[  481205ms] [LOG] Detected Host: nbcl.localhost:3001 http://nbcl.localhost:3001/dashboardportal/juteProduction/masters/trollyMaster @ http://nbcl.localhost:3001/_next/static/chunks/node_modules_next_dist_f3530cac._.js:2297
[  481234ms] [LOG] Detected Host: nbcl.localhost:3001 http://nbcl.localhost:3001/dashboardportal/juteProduction/masters/trollyMaster @ http://nbcl.localhost:3001/_next/static/chunks/node_modules_next_dist_f3530cac._.js:2297
[  481234ms] [LOG] Detected Host: nbcl.localhost:3001 http://nbcl.localhost:3001/dashboardportal/juteProduction/masters/trollyMaster @ http://nbcl.localhost:3001/_next/static/chunks/node_modules_next_dist_f3530cac._.js:2297
[  481333ms] [LOG] Detected Host: nbcl.localhost:3001 http://nbcl.localhost:3001/dashboardportal/juteProduction/masters/trollyMaster @ http://nbcl.localhost:3001/_next/static/chunks/node_modules_next_dist_f3530cac._.js:2297
[  481334ms] [LOG] Detected Host: nbcl.localhost:3001 http://nbcl.localhost:3001/dashboardportal/juteProduction/masters/trollyMaster @ http://nbcl.localhost:3001/_next/static/chunks/node_modules_next_dist_f3530cac._.js:2297
[  481438ms] [LOG] Detected Host: nbcl.localhost:3001 http://nbcl.localhost:3001/dashboardportal/juteProduction/masters/trollyMaster @ http://nbcl.localhost:3001/_next/static/chunks/node_modules_next_dist_f3530cac._.js:2297
[  481447ms] [LOG] Detected Host: nbcl.localhost:3001 http://nbcl.localhost:3001/dashboardportal/juteProduction/masters/trollyMaster @ http://nbcl.localhost:3001/_next/static/chunks/node_modules_next_dist_f3530cac._.js:2297
[  481717ms] [LOG] Detected Host: nbcl.localhost:3001 http://nbcl.localhost:3001/dashboardportal/juteProduction/masters/trollyMaster @ http://nbcl.localhost:3001/_next/static/chunks/node_modules_next_dist_f3530cac._.js:2297
[  481721ms] [LOG] Detected Host: nbcl.localhost:3001 http://nbcl.localhost:3001/dashboardportal/juteProduction/masters/trollyMaster @ http://nbcl.localhost:3001/_next/static/chunks/node_modules_next_dist_f3530cac._.js:2297
[  482163ms] [LOG] Detected Host: nbcl.localhost:3001 http://nbcl.localhost:3001/dashboardportal/juteProduction/masters/trollyMaster @ http://nbcl.localhost:3001/_next/static/chunks/node_modules_next_dist_f3530cac._.js:2297
[  482172ms] [LOG] Detected Host: nbcl.localhost:3001 http://nbcl.localhost:3001/dashboardportal/juteProduction/masters/trollyMaster @ http://nbcl.localhost:3001/_next/static/chunks/node_modules_next_dist_f3530cac._.js:2297
[  482560ms] [LOG] Detected Host: nbcl.localhost:3001 http://nbcl.localhost:3001/dashboardportal/juteProduction/masters/trollyMaster @ http://nbcl.localhost:3001/_next/static/chunks/node_modules_next_dist_f3530cac._.js:2297
[  482568ms] [LOG] Detected Host: nbcl.localhost:3001 http://nbcl.localhost:3001/dashboardportal/juteProduction/masters/trollyMaster @ http://nbcl.localhost:3001/_next/static/chunks/node_modules_next_dist_f3530cac._.js:2297
[  483005ms] [LOG] Detected Host: nbcl.localhost:3001 http://nbcl.localhost:3001/dashboardportal/juteProduction/masters/trollyMaster @ http://nbcl.localhost:3001/_next/static/chunks/node_modules_next_dist_f3530cac._.js:2297
[  483009ms] [LOG] Detected Host: nbcl.localhost:3001 http://nbcl.localhost:3001/dashboardportal/juteProduction/masters/trollyMaster @ http://nbcl.localhost:3001/_next/static/chunks/node_modules_next_dist_f3530cac._.js:2297
[  846851ms] [LOG] [Fast Refresh] rebuilding @ http://nbcl.localhost:3001/_next/static/chunks/node_modules_next_dist_f3530cac._.js:2297
[  851846ms] [LOG] [Fast Refresh] done in 5038ms @ http://nbcl.localhost:3001/_next/static/chunks/node_modules_next_dist_f3530cac._.js:2297
[  858128ms] [LOG] [Fast Refresh] rebuilding @ http://nbcl.localhost:3001/_next/static/chunks/node_modules_next_dist_f3530cac._.js:2297
[  860291ms] [LOG] [Fast Refresh] done in 2223ms @ http://nbcl.localhost:3001/_next/static/chunks/node_modules_next_dist_f3530cac._.js:2297
[  862293ms] [LOG] [Fast Refresh] rebuilding @ http://nbcl.localhost:3001/_next/static/chunks/node_modules_next_dist_f3530cac._.js:2297
[  863906ms] [LOG] [Fast Refresh] done in 1665ms @ http://nbcl.localhost:3001/_next/static/chunks/node_modules_next_dist_f3530cac._.js:2297
[  868638ms] [LOG] [Fast Refresh] rebuilding @ http://nbcl.localhost:3001/_next/static/chunks/node_modules_next_dist_f3530cac._.js:2297
[  871376ms] [LOG] [Fast Refresh] done in 2810ms @ http://nbcl.localhost:3001/_next/static/chunks/node_modules_next_dist_f3530cac._.js:2297
[  873746ms] [LOG] [Fast Refresh] rebuilding @ http://nbcl.localhost:3001/_next/static/chunks/node_modules_next_dist_f3530cac._.js:2297
[  874662ms] [LOG] [Fast Refresh] done in 975ms @ http://nbcl.localhost:3001/_next/static/chunks/node_modules_next_dist_f3530cac._.js:2297
[  883214ms] [LOG] [Fast Refresh] rebuilding @ http://nbcl.localhost:3001/_next/static/chunks/node_modules_next_dist_f3530cac._.js:2297
[  884582ms] [LOG] [Fast Refresh] done in 1445ms @ http://nbcl.localhost:3001/_next/static/chunks/node_modules_next_dist_f3530cac._.js:2297
[  889990ms] [LOG] [Fast Refresh] rebuilding @ http://nbcl.localhost:3001/_next/static/chunks/node_modules_next_dist_f3530cac._.js:2297
[  890834ms] [LOG] Detected Host: nbcl.localhost:3001 http://nbcl.localhost:3001/dashboardportal/juteProduction/masters/trollyMaster @ http://nbcl.localhost:3001/_next/static/chunks/node_modules_next_dist_f3530cac._.js:2297
[  890842ms] [LOG] Detected Host: nbcl.localhost:3001 http://nbcl.localhost:3001/dashboardportal/juteProduction/masters/trollyMaster @ http://nbcl.localhost:3001/_next/static/chunks/node_modules_next_dist_f3530cac._.js:2297
[  890858ms] [LOG] [Fast Refresh] done in 939ms @ http://nbcl.localhost:3001/_next/static/chunks/node_modules_next_dist_f3530cac._.js:2297
[  891112ms] [LOG] [Fast Refresh] rebuilding @ http://nbcl.localhost:3001/_next/static/chunks/node_modules_next_dist_f3530cac._.js:2297
[  892139ms] [LOG] [Fast Refresh] done in 1142ms @ http://nbcl.localhost:3001/_next/static/chunks/node_modules_next_dist_f3530cac._.js:2297
[  892442ms] [LOG] [Fast Refresh] rebuilding @ http://nbcl.localhost:3001/_next/static/chunks/node_modules_next_dist_f3530cac._.js:2297
[  892724ms] [LOG] [Fast Refresh] done in 385ms @ http://nbcl.localhost:3001/_next/static/chunks/node_modules_next_dist_f3530cac._.js:2297
[  895328ms] [LOG] [Fast Refresh] rebuilding @ http://nbcl.localhost:3001/_next/static/chunks/node_modules_next_dist_f3530cac._.js:2297
[  896247ms] [LOG] Detected Host: nbcl.localhost:3001 http://nbcl.localhost:3001/dashboardportal/juteProduction/masters/trollyMaster @ http://nbcl.localhost:3001/_next/static/chunks/node_modules_next_dist_f3530cac._.js:2297
[  896253ms] [LOG] Detected Host: nbcl.localhost:3001 http://nbcl.localhost:3001/dashboardportal/juteProduction/masters/trollyMaster @ http://nbcl.localhost:3001/_next/static/chunks/node_modules_next_dist_f3530cac._.js:2297
[  896274ms] [LOG] [Fast Refresh] done in 1022ms @ http://nbcl.localhost:3001/_next/static/chunks/node_modules_next_dist_f3530cac._.js:2297
[  904142ms] [LOG] [Fast Refresh] rebuilding @ http://nbcl.localhost:3001/_next/static/chunks/node_modules_next_dist_f3530cac._.js:2297
[  904419ms] [LOG] Detected Host: nbcl.localhost:3001 http://nbcl.localhost:3001/dashboardportal/juteProduction/masters/trollyMaster @ http://nbcl.localhost:3001/_next/static/chunks/node_modules_next_dist_f3530cac._.js:2297
[  904426ms] [LOG] Detected Host: nbcl.localhost:3001 http://nbcl.localhost:3001/dashboardportal/juteProduction/masters/trollyMaster @ http://nbcl.localhost:3001/_next/static/chunks/node_modules_next_dist_f3530cac._.js:2297
[  904446ms] [LOG] [Fast Refresh] done in 388ms @ http://nbcl.localhost:3001/_next/static/chunks/node_modules_next_dist_f3530cac._.js:2297
[  913033ms] [LOG] [Fast Refresh] rebuilding @ http://nbcl.localhost:3001/_next/static/chunks/node_modules_next_dist_f3530cac._.js:2297
[  913425ms] [LOG] [Fast Refresh] done in 499ms @ http://nbcl.localhost:3001/_next/static/chunks/node_modules_next_dist_f3530cac._.js:2297
[  913935ms] [LOG] [Fast Refresh] rebuilding @ http://nbcl.localhost:3001/_next/static/chunks/node_modules_next_dist_f3530cac._.js:2297
[  914239ms] [LOG] [Fast Refresh] done in 408ms @ http://nbcl.localhost:3001/_next/static/chunks/node_modules_next_dist_f3530cac._.js:2297
[  915817ms] [LOG] [Fast Refresh] rebuilding @ http://nbcl.localhost:3001/_next/static/chunks/node_modules_next_dist_f3530cac._.js:2297
[  915879ms] [LOG] [Fast Refresh] done in 166ms @ http://nbcl.localhost:3001/_next/static/chunks/node_modules_next_dist_f3530cac._.js:2297
[  933893ms] [LOG] [Fast Refresh] rebuilding @ http://nbcl.localhost:3001/_next/static/chunks/node_modules_next_dist_f3530cac._.js:2297
[  934338ms] [LOG] [Fast Refresh] done in 492ms @ http://nbcl.localhost:3001/_next/static/chunks/node_modules_next_dist_f3530cac._.js:2297
[  935457ms] [LOG] [Fast Refresh] rebuilding @ http://nbcl.localhost:3001/_next/static/chunks/node_modules_next_dist_f3530cac._.js:2297
[  935811ms] [LOG] [Fast Refresh] done in 399ms @ http://nbcl.localhost:3001/_next/static/chunks/node_modules_next_dist_f3530cac._.js:2297
[  979018ms] [LOG] [Fast Refresh] rebuilding @ http://nbcl.localhost:3001/_next/static/chunks/node_modules_next_dist_f3530cac._.js:2297
[  979375ms] [LOG] Detected Host: nbcl.localhost:3001 http://nbcl.localhost:3001/dashboardportal/juteProduction/masters/trollyMaster @ http://nbcl.localhost:3001/_next/static/chunks/node_modules_next_dist_f3530cac._.js:2297
[  979379ms] [LOG] Detected Host: nbcl.localhost:3001 http://nbcl.localhost:3001/dashboardportal/juteProduction/masters/trollyMaster @ http://nbcl.localhost:3001/_next/static/chunks/node_modules_next_dist_f3530cac._.js:2297
[  979639ms] [LOG] [Fast Refresh] done in 724ms @ http://nbcl.localhost:3001/_next/static/chunks/node_modules_next_dist_f3530cac._.js:2297
[  986584ms] [LOG] [Fast Refresh] rebuilding @ http://nbcl.localhost:3001/_next/static/chunks/node_modules_next_dist_f3530cac._.js:2297
[  987036ms] [LOG] [Fast Refresh] done in 522ms @ http://nbcl.localhost:3001/_next/static/chunks/node_modules_next_dist_f3530cac._.js:2297
[  993558ms] [LOG] [Fast Refresh] rebuilding @ http://nbcl.localhost:3001/_next/static/chunks/node_modules_next_dist_f3530cac._.js:2297
[  994530ms] [LOG] [Fast Refresh] done in 1073ms @ http://nbcl.localhost:3001/_next/static/chunks/node_modules_next_dist_f3530cac._.js:2297
[  994642ms] [LOG] [Fast Refresh] rebuilding @ http://nbcl.localhost:3001/_next/static/chunks/node_modules_next_dist_f3530cac._.js:2297
[  995151ms] [LOG] [Fast Refresh] done in 620ms @ http://nbcl.localhost:3001/_next/static/chunks/node_modules_next_dist_f3530cac._.js:2297
[  995302ms] [LOG] [Fast Refresh] rebuilding @ http://nbcl.localhost:3001/_next/static/chunks/node_modules_next_dist_f3530cac._.js:2297
[  995383ms] [LOG] [Fast Refresh] done in 187ms @ http://nbcl.localhost:3001/_next/static/chunks/node_modules_next_dist_f3530cac._.js:2297
[  995504ms] [LOG] [Fast Refresh] rebuilding @ http://nbcl.localhost:3001/_next/static/chunks/node_modules_next_dist_f3530cac._.js:2297
[  995536ms] [LOG] [Fast Refresh] done in 136ms @ http://nbcl.localhost:3001/_next/static/chunks/node_modules_next_dist_f3530cac._.js:2297
[  995674ms] [LOG] [Fast Refresh] rebuilding @ http://nbcl.localhost:3001/_next/static/chunks/node_modules_next_dist_f3530cac._.js:2297
[  995686ms] [LOG] [Fast Refresh] done in 116ms @ http://nbcl.localhost:3001/_next/static/chunks/node_modules_next_dist_f3530cac._.js:2297
[  995825ms] [LOG] [Fast Refresh] rebuilding @ http://nbcl.localhost:3001/_next/static/chunks/node_modules_next_dist_f3530cac._.js:2297
[  995836ms] [LOG] [Fast Refresh] done in 116ms @ http://nbcl.localhost:3001/_next/static/chunks/node_modules_next_dist_f3530cac._.js:2297
[  995973ms] [LOG] [Fast Refresh] rebuilding @ http://nbcl.localhost:3001/_next/static/chunks/node_modules_next_dist_f3530cac._.js:2297
[  996011ms] [LOG] [Fast Refresh] done in 144ms @ http://nbcl.localhost:3001/_next/static/chunks/node_modules_next_dist_f3530cac._.js:2297
[  996427ms] [LOG] [Fast Refresh] rebuilding @ http://nbcl.localhost:3001/_next/static/chunks/node_modules_next_dist_f3530cac._.js:2297
[  996441ms] [LOG] [Fast Refresh] done in 123ms @ http://nbcl.localhost:3001/_next/static/chunks/node_modules_next_dist_f3530cac._.js:2297
[  996578ms] [LOG] [Fast Refresh] rebuilding @ http://nbcl.localhost:3001/_next/static/chunks/node_modules_next_dist_f3530cac._.js:2297
[  996589ms] [LOG] [Fast Refresh] done in 120ms @ http://nbcl.localhost:3001/_next/static/chunks/node_modules_next_dist_f3530cac._.js:2297
[  996728ms] [LOG] [Fast Refresh] rebuilding @ http://nbcl.localhost:3001/_next/static/chunks/node_modules_next_dist_f3530cac._.js:2297
[  996745ms] [LOG] [Fast Refresh] done in 125ms @ http://nbcl.localhost:3001/_next/static/chunks/node_modules_next_dist_f3530cac._.js:2297
[  996872ms] [LOG] [Fast Refresh] rebuilding @ http://nbcl.localhost:3001/_next/static/chunks/node_modules_next_dist_f3530cac._.js:2297
[  996887ms] [LOG] [Fast Refresh] done in 120ms @ http://nbcl.localhost:3001/_next/static/chunks/node_modules_next_dist_f3530cac._.js:2297
[  996990ms] [LOG] [Fast Refresh] rebuilding @ http://nbcl.localhost:3001/_next/static/chunks/node_modules_next_dist_f3530cac._.js:2297
[  997006ms] [LOG] [Fast Refresh] done in 117ms @ http://nbcl.localhost:3001/_next/static/chunks/node_modules_next_dist_f3530cac._.js:2297
[  997108ms] [LOG] [Fast Refresh] rebuilding @ http://nbcl.localhost:3001/_next/static/chunks/node_modules_next_dist_f3530cac._.js:2297
[  997111ms] [LOG] [Fast Refresh] done in 104ms @ http://nbcl.localhost:3001/_next/static/chunks/node_modules_next_dist_f3530cac._.js:2297
[  998259ms] [LOG] [Fast Refresh] rebuilding @ http://nbcl.localhost:3001/_next/static/chunks/node_modules_next_dist_f3530cac._.js:2297
[  998278ms] [LOG] [Fast Refresh] done in 125ms @ http://nbcl.localhost:3001/_next/static/chunks/node_modules_next_dist_f3530cac._.js:2297
[  998409ms] [LOG] [Fast Refresh] rebuilding @ http://nbcl.localhost:3001/_next/static/chunks/node_modules_next_dist_f3530cac._.js:2297
[  998502ms] [LOG] [Fast Refresh] done in 204ms @ http://nbcl.localhost:3001/_next/static/chunks/node_modules_next_dist_f3530cac._.js:2297
[  998810ms] [LOG] [Fast Refresh] rebuilding @ http://nbcl.localhost:3001/_next/static/chunks/node_modules_next_dist_f3530cac._.js:2297
[  998832ms] [LOG] [Fast Refresh] done in 124ms @ http://nbcl.localhost:3001/_next/static/chunks/node_modules_next_dist_f3530cac._.js:2297
[  998960ms] [LOG] [Fast Refresh] rebuilding @ http://nbcl.localhost:3001/_next/static/chunks/node_modules_next_dist_f3530cac._.js:2297
[  999000ms] [LOG] [Fast Refresh] done in 146ms @ http://nbcl.localhost:3001/_next/static/chunks/node_modules_next_dist_f3530cac._.js:2297
[  999277ms] [LOG] [Fast Refresh] rebuilding @ http://nbcl.localhost:3001/_next/static/chunks/node_modules_next_dist_f3530cac._.js:2297
[  999365ms] [LOG] [Fast Refresh] done in 193ms @ http://nbcl.localhost:3001/_next/static/chunks/node_modules_next_dist_f3530cac._.js:2297
[  999469ms] [LOG] [Fast Refresh] rebuilding @ http://nbcl.localhost:3001/_next/static/chunks/node_modules_next_dist_f3530cac._.js:2297
[  999525ms] [LOG] [Fast Refresh] done in 158ms @ http://nbcl.localhost:3001/_next/static/chunks/node_modules_next_dist_f3530cac._.js:2297
[ 1001693ms] [LOG] [Fast Refresh] rebuilding @ http://nbcl.localhost:3001/_next/static/chunks/node_modules_next_dist_f3530cac._.js:2297
[ 1001894ms] [LOG] [Fast Refresh] done in 307ms @ http://nbcl.localhost:3001/_next/static/chunks/node_modules_next_dist_f3530cac._.js:2297
[ 1002097ms] [LOG] [Fast Refresh] rebuilding @ http://nbcl.localhost:3001/_next/static/chunks/node_modules_next_dist_f3530cac._.js:2297
[ 1002106ms] [LOG] [Fast Refresh] done in 110ms @ http://nbcl.localhost:3001/_next/static/chunks/node_modules_next_dist_f3530cac._.js:2297
[ 1002251ms] [LOG] [Fast Refresh] rebuilding @ http://nbcl.localhost:3001/_next/static/chunks/node_modules_next_dist_f3530cac._.js:2297
[ 1002262ms] [LOG] [Fast Refresh] done in 118ms @ http://nbcl.localhost:3001/_next/static/chunks/node_modules_next_dist_f3530cac._.js:2297
[ 1002459ms] [LOG] [Fast Refresh] rebuilding @ http://nbcl.localhost:3001/_next/static/chunks/node_modules_next_dist_f3530cac._.js:2297
[ 1002465ms] [LOG] [Fast Refresh] done in 116ms @ http://nbcl.localhost:3001/_next/static/chunks/node_modules_next_dist_f3530cac._.js:2297
[ 1002671ms] [LOG] [Fast Refresh] rebuilding @ http://nbcl.localhost:3001/_next/static/chunks/node_modules_next_dist_f3530cac._.js:2297
[ 1002710ms] [LOG] [Fast Refresh] done in 139ms @ http://nbcl.localhost:3001/_next/static/chunks/node_modules_next_dist_f3530cac._.js:2297
[ 1002840ms] [LOG] [Fast Refresh] rebuilding @ http://nbcl.localhost:3001/_next/static/chunks/node_modules_next_dist_f3530cac._.js:2297
[ 1002904ms] [LOG] [Fast Refresh] done in 172ms @ http://nbcl.localhost:3001/_next/static/chunks/node_modules_next_dist_f3530cac._.js:2297
[ 1003042ms] [LOG] [Fast Refresh] rebuilding @ http://nbcl.localhost:3001/_next/static/chunks/node_modules_next_dist_f3530cac._.js:2297
[ 1003142ms] [LOG] [Fast Refresh] done in 201ms @ http://nbcl.localhost:3001/_next/static/chunks/node_modules_next_dist_f3530cac._.js:2297
[ 1003376ms] [LOG] [Fast Refresh] rebuilding @ http://nbcl.localhost:3001/_next/static/chunks/node_modules_next_dist_f3530cac._.js:2297
[ 1003398ms] [LOG] [Fast Refresh] done in 131ms @ http://nbcl.localhost:3001/_next/static/chunks/node_modules_next_dist_f3530cac._.js:2297
[ 1003625ms] [LOG] [Fast Refresh] rebuilding @ http://nbcl.localhost:3001/_next/static/chunks/node_modules_next_dist_f3530cac._.js:2297
[ 1003688ms] [LOG] [Fast Refresh] done in 175ms @ http://nbcl.localhost:3001/_next/static/chunks/node_modules_next_dist_f3530cac._.js:2297
[ 1003802ms] [LOG] [Fast Refresh] rebuilding @ http://nbcl.localhost:3001/_next/static/chunks/node_modules_next_dist_f3530cac._.js:2297
[ 1003810ms] [LOG] [Fast Refresh] done in 112ms @ http://nbcl.localhost:3001/_next/static/chunks/node_modules_next_dist_f3530cac._.js:2297
[ 1003940ms] [LOG] [Fast Refresh] rebuilding @ http://nbcl.localhost:3001/_next/static/chunks/node_modules_next_dist_f3530cac._.js:2297
[ 1004147ms] [LOG] [Fast Refresh] done in 310ms @ http://nbcl.localhost:3001/_next/static/chunks/node_modules_next_dist_f3530cac._.js:2297
[ 1004291ms] [LOG] [Fast Refresh] rebuilding @ http://nbcl.localhost:3001/_next/static/chunks/node_modules_next_dist_f3530cac._.js:2297
[ 1004420ms] [LOG] [Fast Refresh] done in 230ms @ http://nbcl.localhost:3001/_next/static/chunks/node_modules_next_dist_f3530cac._.js:2297
[ 1004575ms] [LOG] [Fast Refresh] rebuilding @ http://nbcl.localhost:3001/_next/static/chunks/node_modules_next_dist_f3530cac._.js:2297
[ 1004699ms] [LOG] [Fast Refresh] done in 236ms @ http://nbcl.localhost:3001/_next/static/chunks/node_modules_next_dist_f3530cac._.js:2297
[ 1004841ms] [LOG] [Fast Refresh] rebuilding @ http://nbcl.localhost:3001/_next/static/chunks/node_modules_next_dist_f3530cac._.js:2297
[ 1004902ms] [LOG] [Fast Refresh] done in 164ms @ http://nbcl.localhost:3001/_next/static/chunks/node_modules_next_dist_f3530cac._.js:2297
[ 1005039ms] [LOG] [Fast Refresh] rebuilding @ http://nbcl.localhost:3001/_next/static/chunks/node_modules_next_dist_f3530cac._.js:2297
[ 1005101ms] [LOG] [Fast Refresh] done in 171ms @ http://nbcl.localhost:3001/_next/static/chunks/node_modules_next_dist_f3530cac._.js:2297
[ 1005239ms] [LOG] [Fast Refresh] rebuilding @ http://nbcl.localhost:3001/_next/static/chunks/node_modules_next_dist_f3530cac._.js:2297
[ 1005296ms] [LOG] [Fast Refresh] done in 159ms @ http://nbcl.localhost:3001/_next/static/chunks/node_modules_next_dist_f3530cac._.js:2297
[ 1005455ms] [LOG] [Fast Refresh] rebuilding @ http://nbcl.localhost:3001/_next/static/chunks/node_modules_next_dist_f3530cac._.js:2297
[ 1005517ms] [LOG] [Fast Refresh] done in 175ms @ http://nbcl.localhost:3001/_next/static/chunks/node_modules_next_dist_f3530cac._.js:2297
[ 1005672ms] [LOG] [Fast Refresh] rebuilding @ http://nbcl.localhost:3001/_next/static/chunks/node_modules_next_dist_f3530cac._.js:2297
[ 1005720ms] [LOG] [Fast Refresh] done in 155ms @ http://nbcl.localhost:3001/_next/static/chunks/node_modules_next_dist_f3530cac._.js:2297
[ 1005870ms] [LOG] [Fast Refresh] rebuilding @ http://nbcl.localhost:3001/_next/static/chunks/node_modules_next_dist_f3530cac._.js:2297
[ 1005928ms] [LOG] [Fast Refresh] done in 166ms @ http://nbcl.localhost:3001/_next/static/chunks/node_modules_next_dist_f3530cac._.js:2297
[ 1006072ms] [LOG] [Fast Refresh] rebuilding @ http://nbcl.localhost:3001/_next/static/chunks/node_modules_next_dist_f3530cac._.js:2297
[ 1006168ms] [LOG] [Fast Refresh] done in 206ms @ http://nbcl.localhost:3001/_next/static/chunks/node_modules_next_dist_f3530cac._.js:2297
[ 1006323ms] [LOG] [Fast Refresh] rebuilding @ http://nbcl.localhost:3001/_next/static/chunks/node_modules_next_dist_f3530cac._.js:2297
[ 1006428ms] [LOG] [Fast Refresh] done in 215ms @ http://nbcl.localhost:3001/_next/static/chunks/node_modules_next_dist_f3530cac._.js:2297
[ 1006589ms] [LOG] [Fast Refresh] rebuilding @ http://nbcl.localhost:3001/_next/static/chunks/node_modules_next_dist_f3530cac._.js:2297
[ 1006652ms] [LOG] [Fast Refresh] done in 174ms @ http://nbcl.localhost:3001/_next/static/chunks/node_modules_next_dist_f3530cac._.js:2297
[ 1006802ms] [LOG] [Fast Refresh] rebuilding @ http://nbcl.localhost:3001/_next/static/chunks/node_modules_next_dist_f3530cac._.js:2297
[ 1006834ms] [LOG] [Fast Refresh] done in 139ms @ http://nbcl.localhost:3001/_next/static/chunks/node_modules_next_dist_f3530cac._.js:2297
[ 1006989ms] [LOG] [Fast Refresh] rebuilding @ http://nbcl.localhost:3001/_next/static/chunks/node_modules_next_dist_f3530cac._.js:2297
[ 1007024ms] [LOG] [Fast Refresh] done in 136ms @ http://nbcl.localhost:3001/_next/static/chunks/node_modules_next_dist_f3530cac._.js:2297
[ 1007136ms] [LOG] [Fast Refresh] rebuilding @ http://nbcl.localhost:3001/_next/static/chunks/node_modules_next_dist_f3530cac._.js:2297
[ 1007190ms] [LOG] [Fast Refresh] done in 157ms @ http://nbcl.localhost:3001/_next/static/chunks/node_modules_next_dist_f3530cac._.js:2297
[ 1007322ms] [LOG] [Fast Refresh] rebuilding @ http://nbcl.localhost:3001/_next/static/chunks/node_modules_next_dist_f3530cac._.js:2297
[ 1007376ms] [LOG] [Fast Refresh] done in 159ms @ http://nbcl.localhost:3001/_next/static/chunks/node_modules_next_dist_f3530cac._.js:2297
[ 1007504ms] [LOG] [Fast Refresh] rebuilding @ http://nbcl.localhost:3001/_next/static/chunks/node_modules_next_dist_f3530cac._.js:2297
[ 1007569ms] [LOG] [Fast Refresh] done in 167ms @ http://nbcl.localhost:3001/_next/static/chunks/node_modules_next_dist_f3530cac._.js:2297
[ 1007723ms] [LOG] [Fast Refresh] rebuilding @ http://nbcl.localhost:3001/_next/static/chunks/node_modules_next_dist_f3530cac._.js:2297
[ 1007796ms] [LOG] [Fast Refresh] done in 173ms @ http://nbcl.localhost:3001/_next/static/chunks/node_modules_next_dist_f3530cac._.js:2297
[ 1007934ms] [LOG] [Fast Refresh] rebuilding @ http://nbcl.localhost:3001/_next/static/chunks/node_modules_next_dist_f3530cac._.js:2297
[ 1007963ms] [LOG] [Fast Refresh] done in 131ms @ http://nbcl.localhost:3001/_next/static/chunks/node_modules_next_dist_f3530cac._.js:2297
[ 1008071ms] [LOG] [Fast Refresh] rebuilding @ http://nbcl.localhost:3001/_next/static/chunks/node_modules_next_dist_f3530cac._.js:2297
[ 1008149ms] [LOG] [Fast Refresh] done in 185ms @ http://nbcl.localhost:3001/_next/static/chunks/node_modules_next_dist_f3530cac._.js:2297
[ 1008303ms] [LOG] [Fast Refresh] rebuilding @ http://nbcl.localhost:3001/_next/static/chunks/node_modules_next_dist_f3530cac._.js:2297
[ 1008377ms] [LOG] [Fast Refresh] done in 180ms @ http://nbcl.localhost:3001/_next/static/chunks/node_modules_next_dist_f3530cac._.js:2297
[ 1008510ms] [LOG] [Fast Refresh] rebuilding @ http://nbcl.localhost:3001/_next/static/chunks/node_modules_next_dist_f3530cac._.js:2297
[ 1008579ms] [LOG] [Fast Refresh] done in 169ms @ http://nbcl.localhost:3001/_next/static/chunks/node_modules_next_dist_f3530cac._.js:2297
[ 1008722ms] [LOG] [Fast Refresh] rebuilding @ http://nbcl.localhost:3001/_next/static/chunks/node_modules_next_dist_f3530cac._.js:2297
[ 1008875ms] [LOG] [Fast Refresh] done in 255ms @ http://nbcl.localhost:3001/_next/static/chunks/node_modules_next_dist_f3530cac._.js:2297
[ 1009038ms] [LOG] [Fast Refresh] rebuilding @ http://nbcl.localhost:3001/_next/static/chunks/node_modules_next_dist_f3530cac._.js:2297
[ 1009172ms] [LOG] [Fast Refresh] done in 235ms @ http://nbcl.localhost:3001/_next/static/chunks/node_modules_next_dist_f3530cac._.js:2297
[ 1009307ms] [LOG] [Fast Refresh] rebuilding @ http://nbcl.localhost:3001/_next/static/chunks/node_modules_next_dist_f3530cac._.js:2297
[ 1009393ms] [LOG] [Fast Refresh] done in 186ms @ http://nbcl.localhost:3001/_next/static/chunks/node_modules_next_dist_f3530cac._.js:2297
[ 1009555ms] [LOG] [Fast Refresh] rebuilding @ http://nbcl.localhost:3001/_next/static/chunks/node_modules_next_dist_f3530cac._.js:2297
[ 1009576ms] [LOG] [Fast Refresh] done in 130ms @ http://nbcl.localhost:3001/_next/static/chunks/node_modules_next_dist_f3530cac._.js:2297
[ 1009688ms] [LOG] [Fast Refresh] rebuilding @ http://nbcl.localhost:3001/_next/static/chunks/node_modules_next_dist_f3530cac._.js:2297
[ 1009723ms] [LOG] [Fast Refresh] done in 146ms @ http://nbcl.localhost:3001/_next/static/chunks/node_modules_next_dist_f3530cac._.js:2297
[ 1009904ms] [LOG] [Fast Refresh] rebuilding @ http://nbcl.localhost:3001/_next/static/chunks/node_modules_next_dist_f3530cac._.js:2297
[ 1010013ms] [LOG] [Fast Refresh] done in 215ms @ http://nbcl.localhost:3001/_next/static/chunks/node_modules_next_dist_f3530cac._.js:2297
[ 1010136ms] [LOG] [Fast Refresh] rebuilding @ http://nbcl.localhost:3001/_next/static/chunks/node_modules_next_dist_f3530cac._.js:2297
[ 1010208ms] [LOG] [Fast Refresh] done in 174ms @ http://nbcl.localhost:3001/_next/static/chunks/node_modules_next_dist_f3530cac._.js:2297
[ 1010359ms] [LOG] [Fast Refresh] rebuilding @ http://nbcl.localhost:3001/_next/static/chunks/node_modules_next_dist_f3530cac._.js:2297
[ 1010460ms] [LOG] [Fast Refresh] done in 202ms @ http://nbcl.localhost:3001/_next/static/chunks/node_modules_next_dist_f3530cac._.js:2297
[ 1010604ms] [LOG] [Fast Refresh] rebuilding @ http://nbcl.localhost:3001/_next/static/chunks/node_modules_next_dist_f3530cac._.js:2297
[ 1010678ms] [LOG] [Fast Refresh] done in 185ms @ http://nbcl.localhost:3001/_next/static/chunks/node_modules_next_dist_f3530cac._.js:2297
[ 1010819ms] [LOG] [Fast Refresh] rebuilding @ http://nbcl.localhost:3001/_next/static/chunks/node_modules_next_dist_f3530cac._.js:2297
[ 1010855ms] [LOG] [Fast Refresh] done in 139ms @ http://nbcl.localhost:3001/_next/static/chunks/node_modules_next_dist_f3530cac._.js:2297
[ 1011003ms] [LOG] [Fast Refresh] rebuilding @ http://nbcl.localhost:3001/_next/static/chunks/node_modules_next_dist_f3530cac._.js:2297
[ 1011148ms] [LOG] [Fast Refresh] done in 247ms @ http://nbcl.localhost:3001/_next/static/chunks/node_modules_next_dist_f3530cac._.js:2297
[ 1011296ms] [LOG] [Fast Refresh] rebuilding @ http://nbcl.localhost:3001/_next/static/chunks/node_modules_next_dist_f3530cac._.js:2297
[ 1011388ms] [LOG] [Fast Refresh] done in 192ms @ http://nbcl.localhost:3001/_next/static/chunks/node_modules_next_dist_f3530cac._.js:2297
[ 1011526ms] [LOG] [Fast Refresh] rebuilding @ http://nbcl.localhost:3001/_next/static/chunks/node_modules_next_dist_f3530cac._.js:2297
[ 1011634ms] [LOG] [Fast Refresh] done in 210ms @ http://nbcl.localhost:3001/_next/static/chunks/node_modules_next_dist_f3530cac._.js:2297
[ 1011783ms] [LOG] [Fast Refresh] rebuilding @ http://nbcl.localhost:3001/_next/static/chunks/node_modules_next_dist_f3530cac._.js:2297
[ 1011881ms] [LOG] [Fast Refresh] done in 204ms @ http://nbcl.localhost:3001/_next/static/chunks/node_modules_next_dist_f3530cac._.js:2297
[ 1012013ms] [LOG] [Fast Refresh] rebuilding @ http://nbcl.localhost:3001/_next/static/chunks/node_modules_next_dist_f3530cac._.js:2297
[ 1012070ms] [LOG] [Fast Refresh] done in 162ms @ http://nbcl.localhost:3001/_next/static/chunks/node_modules_next_dist_f3530cac._.js:2297
[ 1012222ms] [LOG] [Fast Refresh] rebuilding @ http://nbcl.localhost:3001/_next/static/chunks/node_modules_next_dist_f3530cac._.js:2297
[ 1012493ms] [LOG] [Fast Refresh] done in 373ms @ http://nbcl.localhost:3001/_next/static/chunks/node_modules_next_dist_f3530cac._.js:2297
[ 1012637ms] [LOG] [Fast Refresh] rebuilding @ http://nbcl.localhost:3001/_next/static/chunks/node_modules_next_dist_f3530cac._.js:2297
[ 1012788ms] [LOG] [Fast Refresh] done in 259ms @ http://nbcl.localhost:3001/_next/static/chunks/node_modules_next_dist_f3530cac._.js:2297
[ 1012933ms] [LOG] [Fast Refresh] rebuilding @ http://nbcl.localhost:3001/_next/static/chunks/node_modules_next_dist_f3530cac._.js:2297
[ 1013008ms] [LOG] [Fast Refresh] done in 183ms @ http://nbcl.localhost:3001/_next/static/chunks/node_modules_next_dist_f3530cac._.js:2297
[ 1013151ms] [LOG] [Fast Refresh] rebuilding @ http://nbcl.localhost:3001/_next/static/chunks/node_modules_next_dist_f3530cac._.js:2297
[ 1013205ms] [LOG] [Fast Refresh] done in 160ms @ http://nbcl.localhost:3001/_next/static/chunks/node_modules_next_dist_f3530cac._.js:2297
[ 1013335ms] [LOG] [Fast Refresh] rebuilding @ http://nbcl.localhost:3001/_next/static/chunks/node_modules_next_dist_f3530cac._.js:2297
[ 1013464ms] [LOG] [Fast Refresh] done in 234ms @ http://nbcl.localhost:3001/_next/static/chunks/node_modules_next_dist_f3530cac._.js:2297
[ 1013604ms] [LOG] [Fast Refresh] rebuilding @ http://nbcl.localhost:3001/_next/static/chunks/node_modules_next_dist_f3530cac._.js:2297
[ 1013691ms] [LOG] [Fast Refresh] done in 187ms @ http://nbcl.localhost:3001/_next/static/chunks/node_modules_next_dist_f3530cac._.js:2297
[ 1013832ms] [LOG] [Fast Refresh] rebuilding @ http://nbcl.localhost:3001/_next/static/chunks/node_modules_next_dist_f3530cac._.js:2297
[ 1013938ms] [LOG] [Fast Refresh] done in 209ms @ http://nbcl.localhost:3001/_next/static/chunks/node_modules_next_dist_f3530cac._.js:2297
[ 1014085ms] [LOG] [Fast Refresh] rebuilding @ http://nbcl.localhost:3001/_next/static/chunks/node_modules_next_dist_f3530cac._.js:2297
[ 1014126ms] [LOG] [Fast Refresh] done in 145ms @ http://nbcl.localhost:3001/_next/static/chunks/node_modules_next_dist_f3530cac._.js:2297
[ 1014282ms] [LOG] [Fast Refresh] rebuilding @ http://nbcl.localhost:3001/_next/static/chunks/node_modules_next_dist_f3530cac._.js:2297
[ 1014296ms] [LOG] [Fast Refresh] done in 124ms @ http://nbcl.localhost:3001/_next/static/chunks/node_modules_next_dist_f3530cac._.js:2297
[ 1014439ms] [LOG] [Fast Refresh] rebuilding @ http://nbcl.localhost:3001/_next/static/chunks/node_modules_next_dist_f3530cac._.js:2297
[ 1014546ms] [LOG] [Fast Refresh] done in 208ms @ http://nbcl.localhost:3001/_next/static/chunks/node_modules_next_dist_f3530cac._.js:2297
[ 1014702ms] [LOG] [Fast Refresh] rebuilding @ http://nbcl.localhost:3001/_next/static/chunks/node_modules_next_dist_f3530cac._.js:2297
[ 1014765ms] [LOG] [Fast Refresh] done in 173ms @ http://nbcl.localhost:3001/_next/static/chunks/node_modules_next_dist_f3530cac._.js:2297
[ 1014900ms] [LOG] [Fast Refresh] rebuilding @ http://nbcl.localhost:3001/_next/static/chunks/node_modules_next_dist_f3530cac._.js:2297
[ 1014944ms] [LOG] [Fast Refresh] done in 153ms @ http://nbcl.localhost:3001/_next/static/chunks/node_modules_next_dist_f3530cac._.js:2297
[ 1015050ms] [LOG] [Fast Refresh] rebuilding @ http://nbcl.localhost:3001/_next/static/chunks/node_modules_next_dist_f3530cac._.js:2297
[ 1015149ms] [LOG] [Fast Refresh] done in 204ms @ http://nbcl.localhost:3001/_next/static/chunks/node_modules_next_dist_f3530cac._.js:2297
[ 1015290ms] [LOG] [Fast Refresh] rebuilding @ http://nbcl.localhost:3001/_next/static/chunks/node_modules_next_dist_f3530cac._.js:2297
[ 1015363ms] [LOG] [Fast Refresh] done in 177ms @ http://nbcl.localhost:3001/_next/static/chunks/node_modules_next_dist_f3530cac._.js:2297
[ 1015518ms] [LOG] [Fast Refresh] rebuilding @ http://nbcl.localhost:3001/_next/static/chunks/node_modules_next_dist_f3530cac._.js:2297
[ 1015581ms] [LOG] [Fast Refresh] done in 174ms @ http://nbcl.localhost:3001/_next/static/chunks/node_modules_next_dist_f3530cac._.js:2297
[ 1015734ms] [LOG] [Fast Refresh] rebuilding @ http://nbcl.localhost:3001/_next/static/chunks/node_modules_next_dist_f3530cac._.js:2297
[ 1015859ms] [LOG] [Fast Refresh] done in 239ms @ http://nbcl.localhost:3001/_next/static/chunks/node_modules_next_dist_f3530cac._.js:2297
[ 1016032ms] [LOG] [Fast Refresh] rebuilding @ http://nbcl.localhost:3001/_next/static/chunks/node_modules_next_dist_f3530cac._.js:2297
[ 1016104ms] [LOG] [Fast Refresh] done in 175ms @ http://nbcl.localhost:3001/_next/static/chunks/node_modules_next_dist_f3530cac._.js:2297
[ 1016237ms] [LOG] [Fast Refresh] rebuilding @ http://nbcl.localhost:3001/_next/static/chunks/node_modules_next_dist_f3530cac._.js:2297
[ 1016308ms] [LOG] [Fast Refresh] done in 171ms @ http://nbcl.localhost:3001/_next/static/chunks/node_modules_next_dist_f3530cac._.js:2297
[ 1016466ms] [LOG] [Fast Refresh] rebuilding @ http://nbcl.localhost:3001/_next/static/chunks/node_modules_next_dist_f3530cac._.js:2297
[ 1016540ms] [LOG] [Fast Refresh] done in 181ms @ http://nbcl.localhost:3001/_next/static/chunks/node_modules_next_dist_f3530cac._.js:2297
[ 1016685ms] [LOG] [Fast Refresh] rebuilding @ http://nbcl.localhost:3001/_next/static/chunks/node_modules_next_dist_f3530cac._.js:2297
[ 1016758ms] [LOG] [Fast Refresh] done in 174ms @ http://nbcl.localhost:3001/_next/static/chunks/node_modules_next_dist_f3530cac._.js:2297
[ 1017001ms] [LOG] [Fast Refresh] rebuilding @ http://nbcl.localhost:3001/_next/static/chunks/node_modules_next_dist_f3530cac._.js:2297
[ 1017089ms] [LOG] [Fast Refresh] done in 200ms @ http://nbcl.localhost:3001/_next/static/chunks/node_modules_next_dist_f3530cac._.js:2297
[ 1017235ms] [LOG] [Fast Refresh] rebuilding @ http://nbcl.localhost:3001/_next/static/chunks/node_modules_next_dist_f3530cac._.js:2297
[ 1017324ms] [LOG] [Fast Refresh] done in 196ms @ http://nbcl.localhost:3001/_next/static/chunks/node_modules_next_dist_f3530cac._.js:2297
[ 1017532ms] [LOG] [Fast Refresh] rebuilding @ http://nbcl.localhost:3001/_next/static/chunks/node_modules_next_dist_f3530cac._.js:2297
[ 1017603ms] [LOG] [Fast Refresh] done in 176ms @ http://nbcl.localhost:3001/_next/static/chunks/node_modules_next_dist_f3530cac._.js:2297
[ 1017732ms] [LOG] [Fast Refresh] rebuilding @ http://nbcl.localhost:3001/_next/static/chunks/node_modules_next_dist_f3530cac._.js:2297
[ 1017794ms] [LOG] [Fast Refresh] done in 162ms @ http://nbcl.localhost:3001/_next/static/chunks/node_modules_next_dist_f3530cac._.js:2297
[ 1017947ms] [LOG] [Fast Refresh] rebuilding @ http://nbcl.localhost:3001/_next/static/chunks/node_modules_next_dist_f3530cac._.js:2297
[ 1017988ms] [LOG] [Fast Refresh] done in 148ms @ http://nbcl.localhost:3001/_next/static/chunks/node_modules_next_dist_f3530cac._.js:2297
[ 1018118ms] [LOG] [Fast Refresh] rebuilding @ http://nbcl.localhost:3001/_next/static/chunks/node_modules_next_dist_f3530cac._.js:2297
[ 1018125ms] [LOG] [Fast Refresh] done in 117ms @ http://nbcl.localhost:3001/_next/static/chunks/node_modules_next_dist_f3530cac._.js:2297
[ 1018409ms] [LOG] [Fast Refresh] rebuilding @ http://nbcl.localhost:3001/_next/static/chunks/node_modules_next_dist_f3530cac._.js:2297
[ 1018411ms] [LOG] [Fast Refresh] done in 103ms @ http://nbcl.localhost:3001/_next/static/chunks/node_modules_next_dist_f3530cac._.js:2297
[ 1019638ms] [LOG] Detected Host: nbcl.localhost:3001 http://nbcl.localhost:3001/dashboardportal/juteProduction/masters/trollyMaster @ http://nbcl.localhost:3001/_next/static/chunks/node_modules_next_dist_f3530cac._.js:2297
[ 1019642ms] [LOG] Detected Host: nbcl.localhost:3001 http://nbcl.localhost:3001/dashboardportal/juteProduction/masters/trollyMaster @ http://nbcl.localhost:3001/_next/static/chunks/node_modules_next_dist_f3530cac._.js:2297
[ 1031854ms] [LOG] [Fast Refresh] rebuilding @ http://nbcl.localhost:3001/_next/static/chunks/node_modules_next_dist_f3530cac._.js:2297
[ 1040641ms] [LOG] [Fast Refresh] done in 8889ms @ http://nbcl.localhost:3001/_next/static/chunks/node_modules_next_dist_f3530cac._.js:2297
[ 1040755ms] [LOG] [Fast Refresh] rebuilding @ http://nbcl.localhost:3001/_next/static/chunks/node_modules_next_dist_f3530cac._.js:2297
[ 1040873ms] [LOG] [Fast Refresh] done in 231ms @ http://nbcl.localhost:3001/_next/static/chunks/node_modules_next_dist_f3530cac._.js:2297
[ 1041173ms] [LOG] [Fast Refresh] rebuilding @ http://nbcl.localhost:3001/_next/static/chunks/node_modules_next_dist_f3530cac._.js:2297
[ 1041629ms] [LOG] [Fast Refresh] done in 568ms @ http://nbcl.localhost:3001/_next/static/chunks/node_modules_next_dist_f3530cac._.js:2297
[ 1050918ms] [LOG] Detected Host: nbcl.localhost:3001 http://nbcl.localhost:3001/dashboardportal/juteProduction/masters/trollyMaster @ http://nbcl.localhost:3001/_next/static/chunks/node_modules_next_dist_f3530cac._.js:2297
[ 1050921ms] [LOG] Detected Host: nbcl.localhost:3001 http://nbcl.localhost:3001/dashboardportal/juteProduction/masters/trollyMaster @ http://nbcl.localhost:3001/_next/static/chunks/node_modules_next_dist_f3530cac._.js:2297
[ 1054415ms] [LOG] Detected Host: nbcl.localhost:3001 http://nbcl.localhost:3001/dashboardportal/juteProduction/masters/trollyMaster @ http://nbcl.localhost:3001/_next/static/chunks/node_modules_next_dist_f3530cac._.js:2297
[ 1054418ms] [LOG] Detected Host: nbcl.localhost:3001 http://nbcl.localhost:3001/dashboardportal/juteProduction/masters/trollyMaster @ http://nbcl.localhost:3001/_next/static/chunks/node_modules_next_dist_f3530cac._.js:2297
[ 1055643ms] [LOG] Detected Host: nbcl.localhost:3001 http://nbcl.localhost:3001/dashboardportal/juteProduction/masters/trollyMaster @ http://nbcl.localhost:3001/_next/static/chunks/node_modules_next_dist_f3530cac._.js:2297
[ 1055646ms] [LOG] Detected Host: nbcl.localhost:3001 http://nbcl.localhost:3001/dashboardportal/juteProduction/masters/trollyMaster @ http://nbcl.localhost:3001/_next/static/chunks/node_modules_next_dist_f3530cac._.js:2297
[ 1056570ms] [LOG] Detected Host: nbcl.localhost:3001 http://nbcl.localhost:3001/dashboardportal/juteProduction/masters/trollyMaster @ http://nbcl.localhost:3001/_next/static/chunks/node_modules_next_dist_f3530cac._.js:2297
[ 1056572ms] [LOG] Detected Host: nbcl.localhost:3001 http://nbcl.localhost:3001/dashboardportal/juteProduction/masters/trollyMaster @ http://nbcl.localhost:3001/_next/static/chunks/node_modules_next_dist_f3530cac._.js:2297
[ 1078234ms] [LOG] [Fast Refresh] rebuilding @ http://nbcl.localhost:3001/_next/static/chunks/node_modules_next_dist_f3530cac._.js:2297
[ 1078246ms] [LOG] [Fast Refresh] done in 142ms @ http://nbcl.localhost:3001/_next/static/chunks/node_modules_next_dist_f3530cac._.js:2297
[ 1096725ms] [LOG] [Fast Refresh] rebuilding @ http://nbcl.localhost:3001/_next/static/chunks/node_modules_next_dist_f3530cac._.js:2297
[ 1096744ms] [LOG] [Fast Refresh] done in 134ms @ http://nbcl.localhost:3001/_next/static/chunks/node_modules_next_dist_f3530cac._.js:2297
[ 1103706ms] [LOG] [Fast Refresh] rebuilding @ http://nbcl.localhost:3001/_next/static/chunks/node_modules_next_dist_f3530cac._.js:2297
[ 1106213ms] [LOG] [Fast Refresh] done in 2610ms @ http://nbcl.localhost:3001/_next/static/chunks/node_modules_next_dist_f3530cac._.js:2297
[ 1109414ms] [LOG] [Fast Refresh] rebuilding @ http://nbcl.localhost:3001/_next/static/chunks/node_modules_next_dist_f3530cac._.js:2297
[ 1109522ms] [LOG] [Fast Refresh] done in 212ms @ http://nbcl.localhost:3001/_next/static/chunks/node_modules_next_dist_f3530cac._.js:2297
[ 1163825ms] [LOG] [Fast Refresh] rebuilding @ http://nbcl.localhost:3001/_next/static/chunks/node_modules_next_dist_f3530cac._.js:2297
[ 1164083ms] [LOG] [Fast Refresh] done in 366ms @ http://nbcl.localhost:3001/_next/static/chunks/node_modules_next_dist_f3530cac._.js:2297
[ 1296328ms] [LOG] [Fast Refresh] rebuilding @ http://nbcl.localhost:3001/_next/static/chunks/node_modules_next_dist_f3530cac._.js:2297
[ 1296859ms] [LOG] [Fast Refresh] done in 594ms @ http://nbcl.localhost:3001/_next/static/chunks/node_modules_next_dist_f3530cac._.js:2297
[ 1300623ms] [LOG] [Fast Refresh] rebuilding @ http://nbcl.localhost:3001/_next/static/chunks/node_modules_next_dist_f3530cac._.js:2297
[ 1301363ms] [LOG] [Fast Refresh] done in 712ms @ http://nbcl.localhost:3001/_next/static/chunks/node_modules_next_dist_f3530cac._.js:2297
[ 1301490ms] [LOG] [Fast Refresh] rebuilding @ http://nbcl.localhost:3001/_next/static/chunks/node_modules_next_dist_f3530cac._.js:2297
[ 1301630ms] [LOG] [Fast Refresh] done in 251ms @ http://nbcl.localhost:3001/_next/static/chunks/node_modules_next_dist_f3530cac._.js:2297
[ 1301739ms] [LOG] [Fast Refresh] rebuilding @ http://nbcl.localhost:3001/_next/static/chunks/node_modules_next_dist_f3530cac._.js:2297
[ 1302021ms] [LOG] [Fast Refresh] done in 389ms @ http://nbcl.localhost:3001/_next/static/chunks/node_modules_next_dist_f3530cac._.js:2297
[ 1302157ms] [LOG] [Fast Refresh] rebuilding @ http://nbcl.localhost:3001/_next/static/chunks/node_modules_next_dist_f3530cac._.js:2297
[ 1302348ms] [LOG] [Fast Refresh] done in 303ms @ http://nbcl.localhost:3001/_next/static/chunks/node_modules_next_dist_f3530cac._.js:2297
[ 1302576ms] [LOG] [Fast Refresh] rebuilding @ http://nbcl.localhost:3001/_next/static/chunks/node_modules_next_dist_f3530cac._.js:2297
[ 1302902ms] [LOG] [Fast Refresh] done in 436ms @ http://nbcl.localhost:3001/_next/static/chunks/node_modules_next_dist_f3530cac._.js:2297
[ 1303042ms] [LOG] [Fast Refresh] rebuilding @ http://nbcl.localhost:3001/_next/static/chunks/node_modules_next_dist_f3530cac._.js:2297
[ 1303200ms] [LOG] [Fast Refresh] done in 263ms @ http://nbcl.localhost:3001/_next/static/chunks/node_modules_next_dist_f3530cac._.js:2297
[ 1303359ms] [LOG] [Fast Refresh] rebuilding @ http://nbcl.localhost:3001/_next/static/chunks/node_modules_next_dist_f3530cac._.js:2297
[ 1303376ms] [LOG] [Fast Refresh] done in 125ms @ http://nbcl.localhost:3001/_next/static/chunks/node_modules_next_dist_f3530cac._.js:2297
[ 1303825ms] [LOG] [Fast Refresh] rebuilding @ http://nbcl.localhost:3001/_next/static/chunks/node_modules_next_dist_f3530cac._.js:2297
[ 1303849ms] [LOG] [Fast Refresh] done in 126ms @ http://nbcl.localhost:3001/_next/static/chunks/node_modules_next_dist_f3530cac._.js:2297
[ 1304058ms] [LOG] [Fast Refresh] rebuilding @ http://nbcl.localhost:3001/_next/static/chunks/node_modules_next_dist_f3530cac._.js:2297
[ 1304111ms] [LOG] [Fast Refresh] done in 158ms @ http://nbcl.localhost:3001/_next/static/chunks/node_modules_next_dist_f3530cac._.js:2297
[ 1304257ms] [LOG] [Fast Refresh] rebuilding @ http://nbcl.localhost:3001/_next/static/chunks/node_modules_next_dist_f3530cac._.js:2297
[ 1304374ms] [LOG] [Fast Refresh] done in 226ms @ http://nbcl.localhost:3001/_next/static/chunks/node_modules_next_dist_f3530cac._.js:2297
[ 1304516ms] [LOG] [Fast Refresh] rebuilding @ http://nbcl.localhost:3001/_next/static/chunks/node_modules_next_dist_f3530cac._.js:2297
[ 1304530ms] [LOG] [Fast Refresh] done in 120ms @ http://nbcl.localhost:3001/_next/static/chunks/node_modules_next_dist_f3530cac._.js:2297
[ 1304657ms] [LOG] [Fast Refresh] rebuilding @ http://nbcl.localhost:3001/_next/static/chunks/node_modules_next_dist_f3530cac._.js:2297
[ 1304662ms] [LOG] [Fast Refresh] done in 109ms @ http://nbcl.localhost:3001/_next/static/chunks/node_modules_next_dist_f3530cac._.js:2297
[ 1304786ms] [LOG] [Fast Refresh] rebuilding @ http://nbcl.localhost:3001/_next/static/chunks/node_modules_next_dist_f3530cac._.js:2297
[ 1304921ms] [LOG] [Fast Refresh] done in 238ms @ http://nbcl.localhost:3001/_next/static/chunks/node_modules_next_dist_f3530cac._.js:2297
[ 1305057ms] [LOG] [Fast Refresh] rebuilding @ http://nbcl.localhost:3001/_next/static/chunks/node_modules_next_dist_f3530cac._.js:2297
[ 1305101ms] [LOG] [Fast Refresh] done in 153ms @ http://nbcl.localhost:3001/_next/static/chunks/node_modules_next_dist_f3530cac._.js:2297
[ 1305236ms] [LOG] [Fast Refresh] rebuilding @ http://nbcl.localhost:3001/_next/static/chunks/node_modules_next_dist_f3530cac._.js:2297
[ 1305271ms] [LOG] [Fast Refresh] done in 136ms @ http://nbcl.localhost:3001/_next/static/chunks/node_modules_next_dist_f3530cac._.js:2297
[ 1305390ms] [LOG] [Fast Refresh] rebuilding @ http://nbcl.localhost:3001/_next/static/chunks/node_modules_next_dist_f3530cac._.js:2297
[ 1305452ms] [LOG] [Fast Refresh] done in 166ms @ http://nbcl.localhost:3001/_next/static/chunks/node_modules_next_dist_f3530cac._.js:2297
[ 1305586ms] [LOG] [Fast Refresh] rebuilding @ http://nbcl.localhost:3001/_next/static/chunks/node_modules_next_dist_f3530cac._.js:2297
[ 1305594ms] [LOG] [Fast Refresh] done in 112ms @ http://nbcl.localhost:3001/_next/static/chunks/node_modules_next_dist_f3530cac._.js:2297
[ 1305712ms] [LOG] [Fast Refresh] rebuilding @ http://nbcl.localhost:3001/_next/static/chunks/node_modules_next_dist_f3530cac._.js:2297
[ 1305742ms] [LOG] [Fast Refresh] done in 131ms @ http://nbcl.localhost:3001/_next/static/chunks/node_modules_next_dist_f3530cac._.js:2297
[ 1306050ms] [LOG] [Fast Refresh] rebuilding @ http://nbcl.localhost:3001/_next/static/chunks/node_modules_next_dist_f3530cac._.js:2297
[ 1306050ms] [LOG] [Fast Refresh] done in 103ms @ http://nbcl.localhost:3001/_next/static/chunks/node_modules_next_dist_f3530cac._.js:2297
[ 1306237ms] [LOG] [Fast Refresh] rebuilding @ http://nbcl.localhost:3001/_next/static/chunks/node_modules_next_dist_f3530cac._.js:2297
[ 1306244ms] [LOG] [Fast Refresh] done in 107ms @ http://nbcl.localhost:3001/_next/static/chunks/node_modules_next_dist_f3530cac._.js:2297
[ 1306365ms] [LOG] [Fast Refresh] rebuilding @ http://nbcl.localhost:3001/_next/static/chunks/node_modules_next_dist_f3530cac._.js:2297
[ 1306405ms] [LOG] [Fast Refresh] done in 144ms @ http://nbcl.localhost:3001/_next/static/chunks/node_modules_next_dist_f3530cac._.js:2297
[ 1306668ms] [LOG] [Fast Refresh] rebuilding @ http://nbcl.localhost:3001/_next/static/chunks/node_modules_next_dist_f3530cac._.js:2297
[ 1306672ms] [LOG] [Fast Refresh] done in 113ms @ http://nbcl.localhost:3001/_next/static/chunks/node_modules_next_dist_f3530cac._.js:2297
[ 1306789ms] [LOG] [Fast Refresh] rebuilding @ http://nbcl.localhost:3001/_next/static/chunks/node_modules_next_dist_f3530cac._.js:2297
[ 1306834ms] [LOG] [Fast Refresh] done in 150ms @ http://nbcl.localhost:3001/_next/static/chunks/node_modules_next_dist_f3530cac._.js:2297
[ 1306971ms] [LOG] [Fast Refresh] rebuilding @ http://nbcl.localhost:3001/_next/static/chunks/node_modules_next_dist_f3530cac._.js:2297
[ 1307014ms] [LOG] [Fast Refresh] done in 148ms @ http://nbcl.localhost:3001/_next/static/chunks/node_modules_next_dist_f3530cac._.js:2297
[ 1307851ms] [LOG] [Fast Refresh] rebuilding @ http://nbcl.localhost:3001/_next/static/chunks/node_modules_next_dist_f3530cac._.js:2297
[ 1307859ms] [LOG] [Fast Refresh] done in 107ms @ http://nbcl.localhost:3001/_next/static/chunks/node_modules_next_dist_f3530cac._.js:2297
[ 1307980ms] [LOG] [Fast Refresh] rebuilding @ http://nbcl.localhost:3001/_next/static/chunks/node_modules_next_dist_f3530cac._.js:2297
[ 1308045ms] [LOG] [Fast Refresh] done in 168ms @ http://nbcl.localhost:3001/_next/static/chunks/node_modules_next_dist_f3530cac._.js:2297
[ 1308189ms] [LOG] [Fast Refresh] rebuilding @ http://nbcl.localhost:3001/_next/static/chunks/node_modules_next_dist_f3530cac._.js:2297
[ 1308252ms] [LOG] [Fast Refresh] done in 175ms @ http://nbcl.localhost:3001/_next/static/chunks/node_modules_next_dist_f3530cac._.js:2297
[ 1308388ms] [LOG] [Fast Refresh] rebuilding @ http://nbcl.localhost:3001/_next/static/chunks/node_modules_next_dist_f3530cac._.js:2297
[ 1308396ms] [LOG] [Fast Refresh] done in 112ms @ http://nbcl.localhost:3001/_next/static/chunks/node_modules_next_dist_f3530cac._.js:2297
[ 1308527ms] [LOG] [Fast Refresh] rebuilding @ http://nbcl.localhost:3001/_next/static/chunks/node_modules_next_dist_f3530cac._.js:2297
[ 1308717ms] [LOG] [Fast Refresh] done in 294ms @ http://nbcl.localhost:3001/_next/static/chunks/node_modules_next_dist_f3530cac._.js:2297
[ 1308854ms] [LOG] [Fast Refresh] rebuilding @ http://nbcl.localhost:3001/_next/static/chunks/node_modules_next_dist_f3530cac._.js:2297
[ 1308924ms] [LOG] [Fast Refresh] done in 178ms @ http://nbcl.localhost:3001/_next/static/chunks/node_modules_next_dist_f3530cac._.js:2297
[ 1309087ms] [LOG] [Fast Refresh] rebuilding @ http://nbcl.localhost:3001/_next/static/chunks/node_modules_next_dist_f3530cac._.js:2297
[ 1309141ms] [LOG] [Fast Refresh] done in 166ms @ http://nbcl.localhost:3001/_next/static/chunks/node_modules_next_dist_f3530cac._.js:2297
[ 1309286ms] [LOG] [Fast Refresh] rebuilding @ http://nbcl.localhost:3001/_next/static/chunks/node_modules_next_dist_f3530cac._.js:2297
[ 1309453ms] [LOG] [Fast Refresh] done in 276ms @ http://nbcl.localhost:3001/_next/static/chunks/node_modules_next_dist_f3530cac._.js:2297
[ 1309602ms] [LOG] [Fast Refresh] rebuilding @ http://nbcl.localhost:3001/_next/static/chunks/node_modules_next_dist_f3530cac._.js:2297
[ 1309701ms] [LOG] [Fast Refresh] done in 205ms @ http://nbcl.localhost:3001/_next/static/chunks/node_modules_next_dist_f3530cac._.js:2297
[ 1309855ms] [LOG] [Fast Refresh] rebuilding @ http://nbcl.localhost:3001/_next/static/chunks/node_modules_next_dist_f3530cac._.js:2297
[ 1309886ms] [LOG] [Fast Refresh] done in 137ms @ http://nbcl.localhost:3001/_next/static/chunks/node_modules_next_dist_f3530cac._.js:2297
[ 1310036ms] [LOG] [Fast Refresh] rebuilding @ http://nbcl.localhost:3001/_next/static/chunks/node_modules_next_dist_f3530cac._.js:2297
[ 1310056ms] [LOG] [Fast Refresh] done in 126ms @ http://nbcl.localhost:3001/_next/static/chunks/node_modules_next_dist_f3530cac._.js:2297
[ 1310182ms] [LOG] [Fast Refresh] rebuilding @ http://nbcl.localhost:3001/_next/static/chunks/node_modules_next_dist_f3530cac._.js:2297
[ 1310249ms] [LOG] [Fast Refresh] done in 171ms @ http://nbcl.localhost:3001/_next/static/chunks/node_modules_next_dist_f3530cac._.js:2297
[ 1310387ms] [LOG] [Fast Refresh] rebuilding @ http://nbcl.localhost:3001/_next/static/chunks/node_modules_next_dist_f3530cac._.js:2297
[ 1310407ms] [LOG] [Fast Refresh] done in 131ms @ http://nbcl.localhost:3001/_next/static/chunks/node_modules_next_dist_f3530cac._.js:2297
[ 1310536ms] [LOG] [Fast Refresh] rebuilding @ http://nbcl.localhost:3001/_next/static/chunks/node_modules_next_dist_f3530cac._.js:2297
[ 1310558ms] [LOG] [Fast Refresh] done in 127ms @ http://nbcl.localhost:3001/_next/static/chunks/node_modules_next_dist_f3530cac._.js:2297
[ 1310686ms] [LOG] [Fast Refresh] rebuilding @ http://nbcl.localhost:3001/_next/static/chunks/node_modules_next_dist_f3530cac._.js:2297
[ 1310785ms] [LOG] [Fast Refresh] done in 200ms @ http://nbcl.localhost:3001/_next/static/chunks/node_modules_next_dist_f3530cac._.js:2297
[ 1310929ms] [LOG] [Fast Refresh] rebuilding @ http://nbcl.localhost:3001/_next/static/chunks/node_modules_next_dist_f3530cac._.js:2297
[ 1311051ms] [LOG] [Fast Refresh] done in 222ms @ http://nbcl.localhost:3001/_next/static/chunks/node_modules_next_dist_f3530cac._.js:2297
[ 1311206ms] [LOG] [Fast Refresh] rebuilding @ http://nbcl.localhost:3001/_next/static/chunks/node_modules_next_dist_f3530cac._.js:2297
[ 1311249ms] [LOG] [Fast Refresh] done in 156ms @ http://nbcl.localhost:3001/_next/static/chunks/node_modules_next_dist_f3530cac._.js:2297
[ 1311402ms] [LOG] [Fast Refresh] rebuilding @ http://nbcl.localhost:3001/_next/static/chunks/node_modules_next_dist_f3530cac._.js:2297
[ 1311467ms] [LOG] [Fast Refresh] done in 167ms @ http://nbcl.localhost:3001/_next/static/chunks/node_modules_next_dist_f3530cac._.js:2297
[ 1311603ms] [LOG] [Fast Refresh] rebuilding @ http://nbcl.localhost:3001/_next/static/chunks/node_modules_next_dist_f3530cac._.js:2297
[ 1311672ms] [LOG] [Fast Refresh] done in 176ms @ http://nbcl.localhost:3001/_next/static/chunks/node_modules_next_dist_f3530cac._.js:2297
[ 1311803ms] [LOG] [Fast Refresh] rebuilding @ http://nbcl.localhost:3001/_next/static/chunks/node_modules_next_dist_f3530cac._.js:2297
[ 1311842ms] [LOG] [Fast Refresh] done in 142ms @ http://nbcl.localhost:3001/_next/static/chunks/node_modules_next_dist_f3530cac._.js:2297
[ 1312134ms] [LOG] [Fast Refresh] rebuilding @ http://nbcl.localhost:3001/_next/static/chunks/node_modules_next_dist_f3530cac._.js:2297
[ 1312144ms] [LOG] [Fast Refresh] done in 121ms @ http://nbcl.localhost:3001/_next/static/chunks/node_modules_next_dist_f3530cac._.js:2297
[ 1312269ms] [LOG] [Fast Refresh] rebuilding @ http://nbcl.localhost:3001/_next/static/chunks/node_modules_next_dist_f3530cac._.js:2297
[ 1312288ms] [LOG] [Fast Refresh] done in 127ms @ http://nbcl.localhost:3001/_next/static/chunks/node_modules_next_dist_f3530cac._.js:2297
[ 1312419ms] [LOG] [Fast Refresh] rebuilding @ http://nbcl.localhost:3001/_next/static/chunks/node_modules_next_dist_f3530cac._.js:2297
[ 1312475ms] [LOG] [Fast Refresh] done in 159ms @ http://nbcl.localhost:3001/_next/static/chunks/node_modules_next_dist_f3530cac._.js:2297
[ 1312604ms] [LOG] [Fast Refresh] rebuilding @ http://nbcl.localhost:3001/_next/static/chunks/node_modules_next_dist_f3530cac._.js:2297
[ 1312657ms] [LOG] [Fast Refresh] done in 154ms @ http://nbcl.localhost:3001/_next/static/chunks/node_modules_next_dist_f3530cac._.js:2297
[ 1312801ms] [LOG] [Fast Refresh] rebuilding @ http://nbcl.localhost:3001/_next/static/chunks/node_modules_next_dist_f3530cac._.js:2297
[ 1312821ms] [LOG] [Fast Refresh] done in 121ms @ http://nbcl.localhost:3001/_next/static/chunks/node_modules_next_dist_f3530cac._.js:2297
[ 1312971ms] [LOG] [Fast Refresh] rebuilding @ http://nbcl.localhost:3001/_next/static/chunks/node_modules_next_dist_f3530cac._.js:2297
[ 1313079ms] [LOG] [Fast Refresh] done in 223ms @ http://nbcl.localhost:3001/_next/static/chunks/node_modules_next_dist_f3530cac._.js:2297
[ 1313520ms] [LOG] [Fast Refresh] rebuilding @ http://nbcl.localhost:3001/_next/static/chunks/node_modules_next_dist_f3530cac._.js:2297
[ 1313563ms] [LOG] [Fast Refresh] done in 151ms @ http://nbcl.localhost:3001/_next/static/chunks/node_modules_next_dist_f3530cac._.js:2297
[ 1313703ms] [LOG] [Fast Refresh] rebuilding @ http://nbcl.localhost:3001/_next/static/chunks/node_modules_next_dist_f3530cac._.js:2297
[ 1313740ms] [LOG] [Fast Refresh] done in 141ms @ http://nbcl.localhost:3001/_next/static/chunks/node_modules_next_dist_f3530cac._.js:2297
[ 1313869ms] [LOG] [Fast Refresh] rebuilding @ http://nbcl.localhost:3001/_next/static/chunks/node_modules_next_dist_f3530cac._.js:2297
[ 1313875ms] [LOG] [Fast Refresh] done in 119ms @ http://nbcl.localhost:3001/_next/static/chunks/node_modules_next_dist_f3530cac._.js:2297
[ 1314054ms] [LOG] [Fast Refresh] rebuilding @ http://nbcl.localhost:3001/_next/static/chunks/node_modules_next_dist_f3530cac._.js:2297
[ 1314137ms] [LOG] [Fast Refresh] done in 187ms @ http://nbcl.localhost:3001/_next/static/chunks/node_modules_next_dist_f3530cac._.js:2297
[ 1314269ms] [LOG] [Fast Refresh] rebuilding @ http://nbcl.localhost:3001/_next/static/chunks/node_modules_next_dist_f3530cac._.js:2297
[ 1314340ms] [LOG] [Fast Refresh] done in 175ms @ http://nbcl.localhost:3001/_next/static/chunks/node_modules_next_dist_f3530cac._.js:2297
[ 1314469ms] [LOG] [Fast Refresh] rebuilding @ http://nbcl.localhost:3001/_next/static/chunks/node_modules_next_dist_f3530cac._.js:2297
[ 1314492ms] [LOG] [Fast Refresh] done in 129ms @ http://nbcl.localhost:3001/_next/static/chunks/node_modules_next_dist_f3530cac._.js:2297
[ 1314619ms] [LOG] [Fast Refresh] rebuilding @ http://nbcl.localhost:3001/_next/static/chunks/node_modules_next_dist_f3530cac._.js:2297
[ 1314670ms] [LOG] [Fast Refresh] done in 155ms @ http://nbcl.localhost:3001/_next/static/chunks/node_modules_next_dist_f3530cac._.js:2297
[ 1314819ms] [LOG] [Fast Refresh] rebuilding @ http://nbcl.localhost:3001/_next/static/chunks/node_modules_next_dist_f3530cac._.js:2297
[ 1314833ms] [LOG] [Fast Refresh] done in 116ms @ http://nbcl.localhost:3001/_next/static/chunks/node_modules_next_dist_f3530cac._.js:2297
[ 1314955ms] [LOG] [Fast Refresh] rebuilding @ http://nbcl.localhost:3001/_next/static/chunks/node_modules_next_dist_f3530cac._.js:2297
[ 1315003ms] [LOG] [Fast Refresh] done in 148ms @ http://nbcl.localhost:3001/_next/static/chunks/node_modules_next_dist_f3530cac._.js:2297
[ 1315112ms] [LOG] [Fast Refresh] rebuilding @ http://nbcl.localhost:3001/_next/static/chunks/node_modules_next_dist_f3530cac._.js:2297
[ 1315116ms] [LOG] [Fast Refresh] done in 112ms @ http://nbcl.localhost:3001/_next/static/chunks/node_modules_next_dist_f3530cac._.js:2297
[ 1315219ms] [LOG] [Fast Refresh] rebuilding @ http://nbcl.localhost:3001/_next/static/chunks/node_modules_next_dist_f3530cac._.js:2297
[ 1315296ms] [LOG] [Fast Refresh] done in 179ms @ http://nbcl.localhost:3001/_next/static/chunks/node_modules_next_dist_f3530cac._.js:2297
[ 1315670ms] [LOG] [Fast Refresh] rebuilding @ http://nbcl.localhost:3001/_next/static/chunks/node_modules_next_dist_f3530cac._.js:2297
[ 1315704ms] [LOG] [Fast Refresh] done in 135ms @ http://nbcl.localhost:3001/_next/static/chunks/node_modules_next_dist_f3530cac._.js:2297
[ 1315902ms] [LOG] [Fast Refresh] rebuilding @ http://nbcl.localhost:3001/_next/static/chunks/node_modules_next_dist_f3530cac._.js:2297
[ 1315907ms] [LOG] [Fast Refresh] done in 111ms @ http://nbcl.localhost:3001/_next/static/chunks/node_modules_next_dist_f3530cac._.js:2297
[ 1316079ms] [LOG] [Fast Refresh] rebuilding @ http://nbcl.localhost:3001/_next/static/chunks/node_modules_next_dist_f3530cac._.js:2297
[ 1316080ms] [LOG] [Fast Refresh] done in 102ms @ http://nbcl.localhost:3001/_next/static/chunks/node_modules_next_dist_f3530cac._.js:2297
[ 1316216ms] [LOG] [Fast Refresh] rebuilding @ http://nbcl.localhost:3001/_next/static/chunks/node_modules_next_dist_f3530cac._.js:2297
[ 1316282ms] [LOG] [Fast Refresh] done in 169ms @ http://nbcl.localhost:3001/_next/static/chunks/node_modules_next_dist_f3530cac._.js:2297
[ 1316436ms] [LOG] [Fast Refresh] rebuilding @ http://nbcl.localhost:3001/_next/static/chunks/node_modules_next_dist_f3530cac._.js:2297
[ 1316448ms] [LOG] [Fast Refresh] done in 127ms @ http://nbcl.localhost:3001/_next/static/chunks/node_modules_next_dist_f3530cac._.js:2297
[ 1316602ms] [LOG] [Fast Refresh] rebuilding @ http://nbcl.localhost:3001/_next/static/chunks/node_modules_next_dist_f3530cac._.js:2297
[ 1316666ms] [LOG] [Fast Refresh] done in 175ms @ http://nbcl.localhost:3001/_next/static/chunks/node_modules_next_dist_f3530cac._.js:2297
[ 1316801ms] [LOG] [Fast Refresh] rebuilding @ http://nbcl.localhost:3001/_next/static/chunks/node_modules_next_dist_f3530cac._.js:2297
[ 1316858ms] [LOG] [Fast Refresh] done in 160ms @ http://nbcl.localhost:3001/_next/static/chunks/node_modules_next_dist_f3530cac._.js:2297
[ 1317001ms] [LOG] [Fast Refresh] rebuilding @ http://nbcl.localhost:3001/_next/static/chunks/node_modules_next_dist_f3530cac._.js:2297
[ 1317052ms] [LOG] [Fast Refresh] done in 159ms @ http://nbcl.localhost:3001/_next/static/chunks/node_modules_next_dist_f3530cac._.js:2297
[ 1317202ms] [LOG] [Fast Refresh] rebuilding @ http://nbcl.localhost:3001/_next/static/chunks/node_modules_next_dist_f3530cac._.js:2297
[ 1317277ms] [LOG] [Fast Refresh] done in 183ms @ http://nbcl.localhost:3001/_next/static/chunks/node_modules_next_dist_f3530cac._.js:2297
[ 1317434ms] [LOG] [Fast Refresh] rebuilding @ http://nbcl.localhost:3001/_next/static/chunks/node_modules_next_dist_f3530cac._.js:2297
[ 1317493ms] [LOG] [Fast Refresh] done in 167ms @ http://nbcl.localhost:3001/_next/static/chunks/node_modules_next_dist_f3530cac._.js:2297
[ 1317633ms] [LOG] [Fast Refresh] rebuilding @ http://nbcl.localhost:3001/_next/static/chunks/node_modules_next_dist_f3530cac._.js:2297
[ 1317712ms] [LOG] [Fast Refresh] done in 185ms @ http://nbcl.localhost:3001/_next/static/chunks/node_modules_next_dist_f3530cac._.js:2297
[ 1317851ms] [LOG] [Fast Refresh] rebuilding @ http://nbcl.localhost:3001/_next/static/chunks/node_modules_next_dist_f3530cac._.js:2297
[ 1318014ms] [LOG] [Fast Refresh] done in 268ms @ http://nbcl.localhost:3001/_next/static/chunks/node_modules_next_dist_f3530cac._.js:2297
[ 1318158ms] [LOG] [Fast Refresh] rebuilding @ http://nbcl.localhost:3001/_next/static/chunks/node_modules_next_dist_f3530cac._.js:2297
[ 1318255ms] [LOG] [Fast Refresh] done in 198ms @ http://nbcl.localhost:3001/_next/static/chunks/node_modules_next_dist_f3530cac._.js:2297
[ 1318401ms] [LOG] [Fast Refresh] rebuilding @ http://nbcl.localhost:3001/_next/static/chunks/node_modules_next_dist_f3530cac._.js:2297
[ 1318457ms] [LOG] [Fast Refresh] done in 166ms @ http://nbcl.localhost:3001/_next/static/chunks/node_modules_next_dist_f3530cac._.js:2297
[ 1318602ms] [LOG] [Fast Refresh] rebuilding @ http://nbcl.localhost:3001/_next/static/chunks/node_modules_next_dist_f3530cac._.js:2297
[ 1318643ms] [LOG] [Fast Refresh] done in 144ms @ http://nbcl.localhost:3001/_next/static/chunks/node_modules_next_dist_f3530cac._.js:2297
[ 1318751ms] [LOG] [Fast Refresh] rebuilding @ http://nbcl.localhost:3001/_next/static/chunks/node_modules_next_dist_f3530cac._.js:2297
[ 1318806ms] [LOG] [Fast Refresh] done in 161ms @ http://nbcl.localhost:3001/_next/static/chunks/node_modules_next_dist_f3530cac._.js:2297
[ 1318933ms] [LOG] [Fast Refresh] rebuilding @ http://nbcl.localhost:3001/_next/static/chunks/node_modules_next_dist_f3530cac._.js:2297
[ 1319015ms] [LOG] [Fast Refresh] done in 184ms @ http://nbcl.localhost:3001/_next/static/chunks/node_modules_next_dist_f3530cac._.js:2297
[ 1320014ms] [LOG] [Fast Refresh] rebuilding @ http://nbcl.localhost:3001/_next/static/chunks/node_modules_next_dist_f3530cac._.js:2297
[ 1320027ms] [LOG] [Fast Refresh] done in 120ms @ http://nbcl.localhost:3001/_next/static/chunks/node_modules_next_dist_f3530cac._.js:2297
[ 1320168ms] [LOG] [Fast Refresh] rebuilding @ http://nbcl.localhost:3001/_next/static/chunks/node_modules_next_dist_f3530cac._.js:2297
[ 1320271ms] [LOG] [Fast Refresh] done in 211ms @ http://nbcl.localhost:3001/_next/static/chunks/node_modules_next_dist_f3530cac._.js:2297
[ 1320399ms] [LOG] [Fast Refresh] rebuilding @ http://nbcl.localhost:3001/_next/static/chunks/node_modules_next_dist_f3530cac._.js:2297
[ 1320526ms] [LOG] [Fast Refresh] done in 234ms @ http://nbcl.localhost:3001/_next/static/chunks/node_modules_next_dist_f3530cac._.js:2297
[ 1320667ms] [LOG] [Fast Refresh] rebuilding @ http://nbcl.localhost:3001/_next/static/chunks/node_modules_next_dist_f3530cac._.js:2297
[ 1320821ms] [LOG] [Fast Refresh] done in 262ms @ http://nbcl.localhost:3001/_next/static/chunks/node_modules_next_dist_f3530cac._.js:2297
[ 1320951ms] [LOG] [Fast Refresh] rebuilding @ http://nbcl.localhost:3001/_next/static/chunks/node_modules_next_dist_f3530cac._.js:2297
[ 1321072ms] [LOG] [Fast Refresh] done in 221ms @ http://nbcl.localhost:3001/_next/static/chunks/node_modules_next_dist_f3530cac._.js:2297
[ 1321217ms] [LOG] [Fast Refresh] rebuilding @ http://nbcl.localhost:3001/_next/static/chunks/node_modules_next_dist_f3530cac._.js:2297
[ 1321293ms] [LOG] [Fast Refresh] done in 180ms @ http://nbcl.localhost:3001/_next/static/chunks/node_modules_next_dist_f3530cac._.js:2297
[ 1321438ms] [LOG] [Fast Refresh] rebuilding @ http://nbcl.localhost:3001/_next/static/chunks/node_modules_next_dist_f3530cac._.js:2297
[ 1321570ms] [LOG] [Fast Refresh] done in 234ms @ http://nbcl.localhost:3001/_next/static/chunks/node_modules_next_dist_f3530cac._.js:2297
[ 1321700ms] [LOG] [Fast Refresh] rebuilding @ http://nbcl.localhost:3001/_next/static/chunks/node_modules_next_dist_f3530cac._.js:2297
[ 1321787ms] [LOG] [Fast Refresh] done in 188ms @ http://nbcl.localhost:3001/_next/static/chunks/node_modules_next_dist_f3530cac._.js:2297
[ 1321933ms] [LOG] [Fast Refresh] rebuilding @ http://nbcl.localhost:3001/_next/static/chunks/node_modules_next_dist_f3530cac._.js:2297
[ 1322051ms] [LOG] [Fast Refresh] done in 230ms @ http://nbcl.localhost:3001/_next/static/chunks/node_modules_next_dist_f3530cac._.js:2297
[ 1322200ms] [LOG] [Fast Refresh] rebuilding @ http://nbcl.localhost:3001/_next/static/chunks/node_modules_next_dist_f3530cac._.js:2297
[ 1322313ms] [LOG] [Fast Refresh] done in 221ms @ http://nbcl.localhost:3001/_next/static/chunks/node_modules_next_dist_f3530cac._.js:2297
[ 1322466ms] [LOG] [Fast Refresh] rebuilding @ http://nbcl.localhost:3001/_next/static/chunks/node_modules_next_dist_f3530cac._.js:2297
[ 1322556ms] [LOG] [Fast Refresh] done in 195ms @ http://nbcl.localhost:3001/_next/static/chunks/node_modules_next_dist_f3530cac._.js:2297
[ 1322715ms] [LOG] [Fast Refresh] rebuilding @ http://nbcl.localhost:3001/_next/static/chunks/node_modules_next_dist_f3530cac._.js:2297
[ 1322939ms] [LOG] [Fast Refresh] done in 333ms @ http://nbcl.localhost:3001/_next/static/chunks/node_modules_next_dist_f3530cac._.js:2297
[ 1323099ms] [LOG] [Fast Refresh] rebuilding @ http://nbcl.localhost:3001/_next/static/chunks/node_modules_next_dist_f3530cac._.js:2297
[ 1323655ms] [LOG] [Fast Refresh] done in 666ms @ http://nbcl.localhost:3001/_next/static/chunks/node_modules_next_dist_f3530cac._.js:2297
[ 1323799ms] [LOG] [Fast Refresh] rebuilding @ http://nbcl.localhost:3001/_next/static/chunks/node_modules_next_dist_f3530cac._.js:2297
[ 1323911ms] [LOG] [Fast Refresh] done in 217ms @ http://nbcl.localhost:3001/_next/static/chunks/node_modules_next_dist_f3530cac._.js:2297
[ 1324065ms] [LOG] [Fast Refresh] rebuilding @ http://nbcl.localhost:3001/_next/static/chunks/node_modules_next_dist_f3530cac._.js:2297
[ 1324271ms] [LOG] [Fast Refresh] done in 313ms @ http://nbcl.localhost:3001/_next/static/chunks/node_modules_next_dist_f3530cac._.js:2297
[ 1324433ms] [LOG] [Fast Refresh] rebuilding @ http://nbcl.localhost:3001/_next/static/chunks/node_modules_next_dist_f3530cac._.js:2297
[ 1324600ms] [LOG] [Fast Refresh] done in 277ms @ http://nbcl.localhost:3001/_next/static/chunks/node_modules_next_dist_f3530cac._.js:2297
[ 1324714ms] [LOG] [Fast Refresh] rebuilding @ http://nbcl.localhost:3001/_next/static/chunks/node_modules_next_dist_f3530cac._.js:2297
[ 1324968ms] [LOG] [Fast Refresh] done in 367ms @ http://nbcl.localhost:3001/_next/static/chunks/node_modules_next_dist_f3530cac._.js:2297
[ 1325097ms] [LOG] [Fast Refresh] rebuilding @ http://nbcl.localhost:3001/_next/static/chunks/node_modules_next_dist_f3530cac._.js:2297
[ 1325221ms] [LOG] [Fast Refresh] done in 227ms @ http://nbcl.localhost:3001/_next/static/chunks/node_modules_next_dist_f3530cac._.js:2297
[ 1325346ms] [LOG] [Fast Refresh] rebuilding @ http://nbcl.localhost:3001/_next/static/chunks/node_modules_next_dist_f3530cac._.js:2297
[ 1325394ms] [LOG] [Fast Refresh] done in 148ms @ http://nbcl.localhost:3001/_next/static/chunks/node_modules_next_dist_f3530cac._.js:2297
[ 1325662ms] [LOG] [Fast Refresh] rebuilding @ http://nbcl.localhost:3001/_next/static/chunks/node_modules_next_dist_f3530cac._.js:2297
[ 1325681ms] [LOG] [Fast Refresh] done in 124ms @ http://nbcl.localhost:3001/_next/static/chunks/node_modules_next_dist_f3530cac._.js:2297
[ 1325812ms] [LOG] [Fast Refresh] rebuilding @ http://nbcl.localhost:3001/_next/static/chunks/node_modules_next_dist_f3530cac._.js:2297
[ 1325825ms] [LOG] [Fast Refresh] done in 122ms @ http://nbcl.localhost:3001/_next/static/chunks/node_modules_next_dist_f3530cac._.js:2297
[ 1326273ms] [LOG] [Fast Refresh] rebuilding @ http://nbcl.localhost:3001/_next/static/chunks/node_modules_next_dist_f3530cac._.js:2297
[ 1326275ms] [LOG] [Fast Refresh] done in 105ms @ http://nbcl.localhost:3001/_next/static/chunks/node_modules_next_dist_f3530cac._.js:2297
[ 1326463ms] [LOG] [Fast Refresh] rebuilding @ http://nbcl.localhost:3001/_next/static/chunks/node_modules_next_dist_f3530cac._.js:2297
[ 1326491ms] [LOG] [Fast Refresh] done in 129ms @ http://nbcl.localhost:3001/_next/static/chunks/node_modules_next_dist_f3530cac._.js:2297
[ 1326613ms] [LOG] [Fast Refresh] rebuilding @ http://nbcl.localhost:3001/_next/static/chunks/node_modules_next_dist_f3530cac._.js:2297
[ 1326617ms] [LOG] [Fast Refresh] done in 110ms @ http://nbcl.localhost:3001/_next/static/chunks/node_modules_next_dist_f3530cac._.js:2297
[ 1326794ms] [LOG] [Fast Refresh] rebuilding @ http://nbcl.localhost:3001/_next/static/chunks/node_modules_next_dist_f3530cac._.js:2297
[ 1326801ms] [LOG] [Fast Refresh] done in 119ms @ http://nbcl.localhost:3001/_next/static/chunks/node_modules_next_dist_f3530cac._.js:2297
[ 1327220ms] [LOG] Detected Host: nbcl.localhost:3001 http://nbcl.localhost:3001/dashboardportal/juteProduction/masters/trollyMaster @ http://nbcl.localhost:3001/_next/static/chunks/node_modules_next_dist_f3530cac._.js:2297
[ 1327222ms] [LOG] Detected Host: nbcl.localhost:3001 http://nbcl.localhost:3001/dashboardportal/juteProduction/masters/trollyMaster @ http://nbcl.localhost:3001/_next/static/chunks/node_modules_next_dist_f3530cac._.js:2297
[ 1360729ms] [LOG] [Fast Refresh] rebuilding @ http://nbcl.localhost:3001/_next/static/chunks/node_modules_next_dist_f3530cac._.js:2297
[ 1361443ms] [LOG] [Fast Refresh] done in 815ms @ http://nbcl.localhost:3001/_next/static/chunks/node_modules_next_dist_f3530cac._.js:2297
[ 1368218ms] [LOG] [Fast Refresh] rebuilding @ http://nbcl.localhost:3001/_next/static/chunks/node_modules_next_dist_f3530cac._.js:2297
[ 1368357ms] [LOG] [Fast Refresh] done in 252ms @ http://nbcl.localhost:3001/_next/static/chunks/node_modules_next_dist_f3530cac._.js:2297
[ 1374355ms] [LOG] [Fast Refresh] rebuilding @ http://nbcl.localhost:3001/_next/static/chunks/node_modules_next_dist_f3530cac._.js:2297
[ 1375925ms] [LOG] [Fast Refresh] done in 1685ms @ http://nbcl.localhost:3001/_next/static/chunks/node_modules_next_dist_f3530cac._.js:2297
[ 1387600ms] [LOG] [Fast Refresh] rebuilding @ http://nbcl.localhost:3001/_next/static/chunks/node_modules_next_dist_f3530cac._.js:2297
[ 1387602ms] [LOG] [Fast Refresh] done in 110ms @ http://nbcl.localhost:3001/_next/static/chunks/node_modules_next_dist_f3530cac._.js:2297
[ 1429226ms] [LOG] [Fast Refresh] rebuilding @ http://nbcl.localhost:3001/_next/static/chunks/node_modules_next_dist_f3530cac._.js:2297
[ 1430582ms] [LOG] [Fast Refresh] done in 1468ms @ http://nbcl.localhost:3001/_next/static/chunks/node_modules_next_dist_f3530cac._.js:2297
[ 1447518ms] [LOG] [Fast Refresh] rebuilding @ http://nbcl.localhost:3001/_next/static/chunks/node_modules_next_dist_f3530cac._.js:2297
[ 1447782ms] [LOG] [Fast Refresh] done in 368ms @ http://nbcl.localhost:3001/_next/static/chunks/node_modules_next_dist_f3530cac._.js:2297
[ 1607005ms] [LOG] [Fast Refresh] rebuilding @ http://nbcl.localhost:3001/_next/static/chunks/node_modules_next_dist_f3530cac._.js:2297
[ 1607041ms] [LOG] [Fast Refresh] done in 141ms @ http://nbcl.localhost:3001/_next/static/chunks/node_modules_next_dist_f3530cac._.js:2297
[ 1611902ms] [LOG] [Fast Refresh] rebuilding @ http://nbcl.localhost:3001/_next/static/chunks/node_modules_next_dist_f3530cac._.js:2297
[ 1622046ms] [LOG] [Fast Refresh] done in 10246ms @ http://nbcl.localhost:3001/_next/static/chunks/node_modules_next_dist_f3530cac._.js:2297
[ 1622980ms] [LOG] [Fast Refresh] rebuilding @ http://nbcl.localhost:3001/_next/static/chunks/node_modules_next_dist_f3530cac._.js:2297
[ 1623028ms] [LOG] [Fast Refresh] done in 152ms @ http://nbcl.localhost:3001/_next/static/chunks/node_modules_next_dist_f3530cac._.js:2297
[ 1623386ms] [LOG] [Fast Refresh] rebuilding @ http://nbcl.localhost:3001/_next/static/chunks/node_modules_next_dist_f3530cac._.js:2297
[ 1623462ms] [LOG] [Fast Refresh] done in 190ms @ http://nbcl.localhost:3001/_next/static/chunks/node_modules_next_dist_f3530cac._.js:2297
[ 1623619ms] [LOG] [Fast Refresh] rebuilding @ http://nbcl.localhost:3001/_next/static/chunks/node_modules_next_dist_f3530cac._.js:2297
[ 1623790ms] [LOG] [Fast Refresh] done in 276ms @ http://nbcl.localhost:3001/_next/static/chunks/node_modules_next_dist_f3530cac._.js:2297
[ 1623952ms] [LOG] [Fast Refresh] rebuilding @ http://nbcl.localhost:3001/_next/static/chunks/node_modules_next_dist_f3530cac._.js:2297
[ 1624075ms] [LOG] [Fast Refresh] done in 230ms @ http://nbcl.localhost:3001/_next/static/chunks/node_modules_next_dist_f3530cac._.js:2297
[ 1624235ms] [LOG] [Fast Refresh] rebuilding @ http://nbcl.localhost:3001/_next/static/chunks/node_modules_next_dist_f3530cac._.js:2297
[ 1624378ms] [LOG] [Fast Refresh] done in 244ms @ http://nbcl.localhost:3001/_next/static/chunks/node_modules_next_dist_f3530cac._.js:2297
[ 1624569ms] [LOG] [Fast Refresh] rebuilding @ http://nbcl.localhost:3001/_next/static/chunks/node_modules_next_dist_f3530cac._.js:2297
[ 1624771ms] [LOG] [Fast Refresh] done in 314ms @ http://nbcl.localhost:3001/_next/static/chunks/node_modules_next_dist_f3530cac._.js:2297
[ 1625044ms] [LOG] [Fast Refresh] rebuilding @ http://nbcl.localhost:3001/_next/static/chunks/node_modules_next_dist_f3530cac._.js:2297
[ 1625210ms] [LOG] [Fast Refresh] done in 271ms @ http://nbcl.localhost:3001/_next/static/chunks/node_modules_next_dist_f3530cac._.js:2297
[ 1625402ms] [LOG] [Fast Refresh] rebuilding @ http://nbcl.localhost:3001/_next/static/chunks/node_modules_next_dist_f3530cac._.js:2297
[ 1625673ms] [LOG] [Fast Refresh] done in 378ms @ http://nbcl.localhost:3001/_next/static/chunks/node_modules_next_dist_f3530cac._.js:2297
[ 1625866ms] [LOG] [Fast Refresh] rebuilding @ http://nbcl.localhost:3001/_next/static/chunks/node_modules_next_dist_f3530cac._.js:2297
[ 1626020ms] [LOG] [Fast Refresh] done in 257ms @ http://nbcl.localhost:3001/_next/static/chunks/node_modules_next_dist_f3530cac._.js:2297
[ 1626193ms] [LOG] [Fast Refresh] rebuilding @ http://nbcl.localhost:3001/_next/static/chunks/node_modules_next_dist_f3530cac._.js:2297
[ 1626220ms] [LOG] [Fast Refresh] done in 131ms @ http://nbcl.localhost:3001/_next/static/chunks/node_modules_next_dist_f3530cac._.js:2297
[ 1626395ms] [LOG] [Fast Refresh] rebuilding @ http://nbcl.localhost:3001/_next/static/chunks/node_modules_next_dist_f3530cac._.js:2297
[ 1626437ms] [LOG] [Fast Refresh] done in 145ms @ http://nbcl.localhost:3001/_next/static/chunks/node_modules_next_dist_f3530cac._.js:2297
[ 1626577ms] [LOG] [Fast Refresh] rebuilding @ http://nbcl.localhost:3001/_next/static/chunks/node_modules_next_dist_f3530cac._.js:2297
[ 1626667ms] [LOG] [Fast Refresh] done in 198ms @ http://nbcl.localhost:3001/_next/static/chunks/node_modules_next_dist_f3530cac._.js:2297
[ 1626815ms] [LOG] [Fast Refresh] rebuilding @ http://nbcl.localhost:3001/_next/static/chunks/node_modules_next_dist_f3530cac._.js:2297
[ 1626856ms] [LOG] [Fast Refresh] done in 146ms @ http://nbcl.localhost:3001/_next/static/chunks/node_modules_next_dist_f3530cac._.js:2297
[ 1627014ms] [LOG] [Fast Refresh] rebuilding @ http://nbcl.localhost:3001/_next/static/chunks/node_modules_next_dist_f3530cac._.js:2297
[ 1627059ms] [LOG] [Fast Refresh] done in 151ms @ http://nbcl.localhost:3001/_next/static/chunks/node_modules_next_dist_f3530cac._.js:2297
[ 1627249ms] [LOG] [Fast Refresh] rebuilding @ http://nbcl.localhost:3001/_next/static/chunks/node_modules_next_dist_f3530cac._.js:2297
[ 1627374ms] [LOG] [Fast Refresh] done in 232ms @ http://nbcl.localhost:3001/_next/static/chunks/node_modules_next_dist_f3530cac._.js:2297
[ 1627527ms] [LOG] [Fast Refresh] rebuilding @ http://nbcl.localhost:3001/_next/static/chunks/node_modules_next_dist_f3530cac._.js:2297
[ 1627591ms] [LOG] [Fast Refresh] done in 166ms @ http://nbcl.localhost:3001/_next/static/chunks/node_modules_next_dist_f3530cac._.js:2297
[ 1627743ms] [LOG] [Fast Refresh] rebuilding @ http://nbcl.localhost:3001/_next/static/chunks/node_modules_next_dist_f3530cac._.js:2297
[ 1627821ms] [LOG] [Fast Refresh] done in 184ms @ http://nbcl.localhost:3001/_next/static/chunks/node_modules_next_dist_f3530cac._.js:2297
[ 1628099ms] [LOG] [Fast Refresh] rebuilding @ http://nbcl.localhost:3001/_next/static/chunks/node_modules_next_dist_f3530cac._.js:2297
[ 1628211ms] [LOG] [Fast Refresh] done in 221ms @ http://nbcl.localhost:3001/_next/static/chunks/node_modules_next_dist_f3530cac._.js:2297
[ 1628372ms] [LOG] [Fast Refresh] rebuilding @ http://nbcl.localhost:3001/_next/static/chunks/node_modules_next_dist_f3530cac._.js:2297
[ 1628477ms] [LOG] [Fast Refresh] done in 206ms @ http://nbcl.localhost:3001/_next/static/chunks/node_modules_next_dist_f3530cac._.js:2297
[ 1628621ms] [LOG] [Fast Refresh] rebuilding @ http://nbcl.localhost:3001/_next/static/chunks/node_modules_next_dist_f3530cac._.js:2297
[ 1628678ms] [LOG] [Fast Refresh] done in 160ms @ http://nbcl.localhost:3001/_next/static/chunks/node_modules_next_dist_f3530cac._.js:2297
[ 1628808ms] [LOG] [Fast Refresh] rebuilding @ http://nbcl.localhost:3001/_next/static/chunks/node_modules_next_dist_f3530cac._.js:2297
[ 1628820ms] [LOG] [Fast Refresh] done in 118ms @ http://nbcl.localhost:3001/_next/static/chunks/node_modules_next_dist_f3530cac._.js:2297
[ 1628960ms] [LOG] [Fast Refresh] rebuilding @ http://nbcl.localhost:3001/_next/static/chunks/node_modules_next_dist_f3530cac._.js:2297
[ 1628975ms] [LOG] [Fast Refresh] done in 124ms @ http://nbcl.localhost:3001/_next/static/chunks/node_modules_next_dist_f3530cac._.js:2297
[ 1629111ms] [LOG] [Fast Refresh] rebuilding @ http://nbcl.localhost:3001/_next/static/chunks/node_modules_next_dist_f3530cac._.js:2297
[ 1629124ms] [LOG] [Fast Refresh] done in 123ms @ http://nbcl.localhost:3001/_next/static/chunks/node_modules_next_dist_f3530cac._.js:2297
[ 1629261ms] [LOG] [Fast Refresh] rebuilding @ http://nbcl.localhost:3001/_next/static/chunks/node_modules_next_dist_f3530cac._.js:2297
[ 1629282ms] [LOG] [Fast Refresh] done in 127ms @ http://nbcl.localhost:3001/_next/static/chunks/node_modules_next_dist_f3530cac._.js:2297
[ 1629411ms] [LOG] [Fast Refresh] rebuilding @ http://nbcl.localhost:3001/_next/static/chunks/node_modules_next_dist_f3530cac._.js:2297
[ 1629429ms] [LOG] [Fast Refresh] done in 128ms @ http://nbcl.localhost:3001/_next/static/chunks/node_modules_next_dist_f3530cac._.js:2297
[ 1629562ms] [LOG] [Fast Refresh] rebuilding @ http://nbcl.localhost:3001/_next/static/chunks/node_modules_next_dist_f3530cac._.js:2297
[ 1629632ms] [LOG] [Fast Refresh] done in 175ms @ http://nbcl.localhost:3001/_next/static/chunks/node_modules_next_dist_f3530cac._.js:2297
[ 1629795ms] [LOG] [Fast Refresh] rebuilding @ http://nbcl.localhost:3001/_next/static/chunks/node_modules_next_dist_f3530cac._.js:2297
[ 1629868ms] [LOG] [Fast Refresh] done in 181ms @ http://nbcl.localhost:3001/_next/static/chunks/node_modules_next_dist_f3530cac._.js:2297
[ 1630009ms] [LOG] [Fast Refresh] rebuilding @ http://nbcl.localhost:3001/_next/static/chunks/node_modules_next_dist_f3530cac._.js:2297
[ 1630091ms] [LOG] [Fast Refresh] done in 192ms @ http://nbcl.localhost:3001/_next/static/chunks/node_modules_next_dist_f3530cac._.js:2297
[ 1630243ms] [LOG] [Fast Refresh] rebuilding @ http://nbcl.localhost:3001/_next/static/chunks/node_modules_next_dist_f3530cac._.js:2297
[ 1630333ms] [LOG] [Fast Refresh] done in 193ms @ http://nbcl.localhost:3001/_next/static/chunks/node_modules_next_dist_f3530cac._.js:2297
[ 1630460ms] [LOG] [Fast Refresh] rebuilding @ http://nbcl.localhost:3001/_next/static/chunks/node_modules_next_dist_f3530cac._.js:2297
[ 1630486ms] [LOG] [Fast Refresh] done in 133ms @ http://nbcl.localhost:3001/_next/static/chunks/node_modules_next_dist_f3530cac._.js:2297
[ 1630631ms] [LOG] [Fast Refresh] rebuilding @ http://nbcl.localhost:3001/_next/static/chunks/node_modules_next_dist_f3530cac._.js:2297
[ 1630694ms] [LOG] [Fast Refresh] done in 167ms @ http://nbcl.localhost:3001/_next/static/chunks/node_modules_next_dist_f3530cac._.js:2297
[ 1630822ms] [LOG] [Fast Refresh] rebuilding @ http://nbcl.localhost:3001/_next/static/chunks/node_modules_next_dist_f3530cac._.js:2297
[ 1630847ms] [LOG] [Fast Refresh] done in 131ms @ http://nbcl.localhost:3001/_next/static/chunks/node_modules_next_dist_f3530cac._.js:2297
[ 1630962ms] [LOG] [Fast Refresh] rebuilding @ http://nbcl.localhost:3001/_next/static/chunks/node_modules_next_dist_f3530cac._.js:2297
[ 1630982ms] [LOG] [Fast Refresh] done in 123ms @ http://nbcl.localhost:3001/_next/static/chunks/node_modules_next_dist_f3530cac._.js:2297
[ 1631128ms] [LOG] [Fast Refresh] rebuilding @ http://nbcl.localhost:3001/_next/static/chunks/node_modules_next_dist_f3530cac._.js:2297
[ 1631235ms] [LOG] [Fast Refresh] done in 215ms @ http://nbcl.localhost:3001/_next/static/chunks/node_modules_next_dist_f3530cac._.js:2297
[ 1631397ms] [LOG] [Fast Refresh] rebuilding @ http://nbcl.localhost:3001/_next/static/chunks/node_modules_next_dist_f3530cac._.js:2297
[ 1631455ms] [LOG] [Fast Refresh] done in 168ms @ http://nbcl.localhost:3001/_next/static/chunks/node_modules_next_dist_f3530cac._.js:2297
[ 1631593ms] [LOG] [Fast Refresh] rebuilding @ http://nbcl.localhost:3001/_next/static/chunks/node_modules_next_dist_f3530cac._.js:2297
[ 1631607ms] [LOG] [Fast Refresh] done in 117ms @ http://nbcl.localhost:3001/_next/static/chunks/node_modules_next_dist_f3530cac._.js:2297
[ 1631742ms] [LOG] [Fast Refresh] rebuilding @ http://nbcl.localhost:3001/_next/static/chunks/node_modules_next_dist_f3530cac._.js:2297
[ 1631751ms] [LOG] [Fast Refresh] done in 116ms @ http://nbcl.localhost:3001/_next/static/chunks/node_modules_next_dist_f3530cac._.js:2297
[ 1631878ms] [LOG] [Fast Refresh] rebuilding @ http://nbcl.localhost:3001/_next/static/chunks/node_modules_next_dist_f3530cac._.js:2297
[ 1631920ms] [LOG] [Fast Refresh] done in 144ms @ http://nbcl.localhost:3001/_next/static/chunks/node_modules_next_dist_f3530cac._.js:2297
[ 1632037ms] [LOG] [Fast Refresh] rebuilding @ http://nbcl.localhost:3001/_next/static/chunks/node_modules_next_dist_f3530cac._.js:2297
[ 1632117ms] [LOG] [Fast Refresh] done in 186ms @ http://nbcl.localhost:3001/_next/static/chunks/node_modules_next_dist_f3530cac._.js:2297
[ 1632244ms] [LOG] [Fast Refresh] rebuilding @ http://nbcl.localhost:3001/_next/static/chunks/node_modules_next_dist_f3530cac._.js:2297
[ 1632247ms] [LOG] [Fast Refresh] done in 110ms @ http://nbcl.localhost:3001/_next/static/chunks/node_modules_next_dist_f3530cac._.js:2297
[ 1632379ms] [LOG] [Fast Refresh] rebuilding @ http://nbcl.localhost:3001/_next/static/chunks/node_modules_next_dist_f3530cac._.js:2297
[ 1632420ms] [LOG] [Fast Refresh] done in 152ms @ http://nbcl.localhost:3001/_next/static/chunks/node_modules_next_dist_f3530cac._.js:2297
[ 1632525ms] [LOG] [Fast Refresh] rebuilding @ http://nbcl.localhost:3001/_next/static/chunks/node_modules_next_dist_f3530cac._.js:2297
[ 1632567ms] [LOG] [Fast Refresh] done in 145ms @ http://nbcl.localhost:3001/_next/static/chunks/node_modules_next_dist_f3530cac._.js:2297
[ 1632685ms] [LOG] [Fast Refresh] rebuilding @ http://nbcl.localhost:3001/_next/static/chunks/node_modules_next_dist_f3530cac._.js:2297
[ 1632726ms] [LOG] [Fast Refresh] done in 141ms @ http://nbcl.localhost:3001/_next/static/chunks/node_modules_next_dist_f3530cac._.js:2297
[ 1632993ms] [LOG] [Fast Refresh] rebuilding @ http://nbcl.localhost:3001/_next/static/chunks/node_modules_next_dist_f3530cac._.js:2297
[ 1633023ms] [LOG] [Fast Refresh] done in 131ms @ http://nbcl.localhost:3001/_next/static/chunks/node_modules_next_dist_f3530cac._.js:2297
[ 1633158ms] [LOG] [Fast Refresh] rebuilding @ http://nbcl.localhost:3001/_next/static/chunks/node_modules_next_dist_f3530cac._.js:2297
[ 1633219ms] [LOG] [Fast Refresh] done in 172ms @ http://nbcl.localhost:3001/_next/static/chunks/node_modules_next_dist_f3530cac._.js:2297
[ 1633354ms] [LOG] [Fast Refresh] rebuilding @ http://nbcl.localhost:3001/_next/static/chunks/node_modules_next_dist_f3530cac._.js:2297
[ 1633372ms] [LOG] [Fast Refresh] done in 119ms @ http://nbcl.localhost:3001/_next/static/chunks/node_modules_next_dist_f3530cac._.js:2297
[ 1633509ms] [LOG] [Fast Refresh] rebuilding @ http://nbcl.localhost:3001/_next/static/chunks/node_modules_next_dist_f3530cac._.js:2297
[ 1633539ms] [LOG] [Fast Refresh] done in 139ms @ http://nbcl.localhost:3001/_next/static/chunks/node_modules_next_dist_f3530cac._.js:2297
[ 1633658ms] [LOG] [Fast Refresh] rebuilding @ http://nbcl.localhost:3001/_next/static/chunks/node_modules_next_dist_f3530cac._.js:2297
[ 1633708ms] [LOG] [Fast Refresh] done in 151ms @ http://nbcl.localhost:3001/_next/static/chunks/node_modules_next_dist_f3530cac._.js:2297
[ 1633824ms] [LOG] [Fast Refresh] rebuilding @ http://nbcl.localhost:3001/_next/static/chunks/node_modules_next_dist_f3530cac._.js:2297
[ 1633882ms] [LOG] [Fast Refresh] done in 168ms @ http://nbcl.localhost:3001/_next/static/chunks/node_modules_next_dist_f3530cac._.js:2297
[ 1633991ms] [LOG] [Fast Refresh] rebuilding @ http://nbcl.localhost:3001/_next/static/chunks/node_modules_next_dist_f3530cac._.js:2297
[ 1634051ms] [LOG] [Fast Refresh] done in 167ms @ http://nbcl.localhost:3001/_next/static/chunks/node_modules_next_dist_f3530cac._.js:2297
[ 1634192ms] [LOG] [Fast Refresh] rebuilding @ http://nbcl.localhost:3001/_next/static/chunks/node_modules_next_dist_f3530cac._.js:2297
[ 1634230ms] [LOG] [Fast Refresh] done in 142ms @ http://nbcl.localhost:3001/_next/static/chunks/node_modules_next_dist_f3530cac._.js:2297
[ 1634357ms] [LOG] [Fast Refresh] rebuilding @ http://nbcl.localhost:3001/_next/static/chunks/node_modules_next_dist_f3530cac._.js:2297
[ 1634375ms] [LOG] [Fast Refresh] done in 128ms @ http://nbcl.localhost:3001/_next/static/chunks/node_modules_next_dist_f3530cac._.js:2297
[ 1634508ms] [LOG] [Fast Refresh] rebuilding @ http://nbcl.localhost:3001/_next/static/chunks/node_modules_next_dist_f3530cac._.js:2297
[ 1634532ms] [LOG] [Fast Refresh] done in 135ms @ http://nbcl.localhost:3001/_next/static/chunks/node_modules_next_dist_f3530cac._.js:2297
[ 1634656ms] [LOG] [Fast Refresh] rebuilding @ http://nbcl.localhost:3001/_next/static/chunks/node_modules_next_dist_f3530cac._.js:2297
[ 1634673ms] [LOG] [Fast Refresh] done in 119ms @ http://nbcl.localhost:3001/_next/static/chunks/node_modules_next_dist_f3530cac._.js:2297
[ 1634807ms] [LOG] [Fast Refresh] rebuilding @ http://nbcl.localhost:3001/_next/static/chunks/node_modules_next_dist_f3530cac._.js:2297
[ 1634851ms] [LOG] [Fast Refresh] done in 151ms @ http://nbcl.localhost:3001/_next/static/chunks/node_modules_next_dist_f3530cac._.js:2297
[ 1635276ms] [LOG] [Fast Refresh] rebuilding @ http://nbcl.localhost:3001/_next/static/chunks/node_modules_next_dist_f3530cac._.js:2297
[ 1635300ms] [LOG] [Fast Refresh] done in 127ms @ http://nbcl.localhost:3001/_next/static/chunks/node_modules_next_dist_f3530cac._.js:2297
[ 1635445ms] [LOG] [Fast Refresh] rebuilding @ http://nbcl.localhost:3001/_next/static/chunks/node_modules_next_dist_f3530cac._.js:2297
[ 1635471ms] [LOG] [Fast Refresh] done in 141ms @ http://nbcl.localhost:3001/_next/static/chunks/node_modules_next_dist_f3530cac._.js:2297
[ 1635592ms] [LOG] [Fast Refresh] rebuilding @ http://nbcl.localhost:3001/_next/static/chunks/node_modules_next_dist_f3530cac._.js:2297
[ 1635612ms] [LOG] [Fast Refresh] done in 124ms @ http://nbcl.localhost:3001/_next/static/chunks/node_modules_next_dist_f3530cac._.js:2297
[ 1635740ms] [LOG] [Fast Refresh] rebuilding @ http://nbcl.localhost:3001/_next/static/chunks/node_modules_next_dist_f3530cac._.js:2297
[ 1635778ms] [LOG] [Fast Refresh] done in 141ms @ http://nbcl.localhost:3001/_next/static/chunks/node_modules_next_dist_f3530cac._.js:2297
[ 1635908ms] [LOG] [Fast Refresh] rebuilding @ http://nbcl.localhost:3001/_next/static/chunks/node_modules_next_dist_f3530cac._.js:2297
[ 1635972ms] [LOG] [Fast Refresh] done in 169ms @ http://nbcl.localhost:3001/_next/static/chunks/node_modules_next_dist_f3530cac._.js:2297
[ 1636074ms] [LOG] [Fast Refresh] rebuilding @ http://nbcl.localhost:3001/_next/static/chunks/node_modules_next_dist_f3530cac._.js:2297
[ 1636133ms] [LOG] [Fast Refresh] done in 160ms @ http://nbcl.localhost:3001/_next/static/chunks/node_modules_next_dist_f3530cac._.js:2297
[ 1636324ms] [LOG] [Fast Refresh] rebuilding @ http://nbcl.localhost:3001/_next/static/chunks/node_modules_next_dist_f3530cac._.js:2297
[ 1636374ms] [LOG] [Fast Refresh] done in 159ms @ http://nbcl.localhost:3001/_next/static/chunks/node_modules_next_dist_f3530cac._.js:2297
[ 1636514ms] [LOG] [Fast Refresh] rebuilding @ http://nbcl.localhost:3001/_next/static/chunks/node_modules_next_dist_f3530cac._.js:2297
[ 1636584ms] [LOG] [Fast Refresh] done in 171ms @ http://nbcl.localhost:3001/_next/static/chunks/node_modules_next_dist_f3530cac._.js:2297
[ 1636707ms] [LOG] [Fast Refresh] rebuilding @ http://nbcl.localhost:3001/_next/static/chunks/node_modules_next_dist_f3530cac._.js:2297
[ 1636760ms] [LOG] [Fast Refresh] done in 156ms @ http://nbcl.localhost:3001/_next/static/chunks/node_modules_next_dist_f3530cac._.js:2297
[ 1636889ms] [LOG] [Fast Refresh] rebuilding @ http://nbcl.localhost:3001/_next/static/chunks/node_modules_next_dist_f3530cac._.js:2297
[ 1636952ms] [LOG] [Fast Refresh] done in 166ms @ http://nbcl.localhost:3001/_next/static/chunks/node_modules_next_dist_f3530cac._.js:2297
[ 1637227ms] [LOG] [Fast Refresh] rebuilding @ http://nbcl.localhost:3001/_next/static/chunks/node_modules_next_dist_f3530cac._.js:2297
[ 1637304ms] [LOG] [Fast Refresh] done in 179ms @ http://nbcl.localhost:3001/_next/static/chunks/node_modules_next_dist_f3530cac._.js:2297
[ 1637424ms] [LOG] [Fast Refresh] rebuilding @ http://nbcl.localhost:3001/_next/static/chunks/node_modules_next_dist_f3530cac._.js:2297
[ 1637439ms] [LOG] [Fast Refresh] done in 117ms @ http://nbcl.localhost:3001/_next/static/chunks/node_modules_next_dist_f3530cac._.js:2297
[ 1637575ms] [LOG] [Fast Refresh] rebuilding @ http://nbcl.localhost:3001/_next/static/chunks/node_modules_next_dist_f3530cac._.js:2297
[ 1637606ms] [LOG] [Fast Refresh] done in 138ms @ http://nbcl.localhost:3001/_next/static/chunks/node_modules_next_dist_f3530cac._.js:2297
[ 1637725ms] [LOG] [Fast Refresh] rebuilding @ http://nbcl.localhost:3001/_next/static/chunks/node_modules_next_dist_f3530cac._.js:2297
[ 1637748ms] [LOG] [Fast Refresh] done in 129ms @ http://nbcl.localhost:3001/_next/static/chunks/node_modules_next_dist_f3530cac._.js:2297
[ 1637875ms] [LOG] [Fast Refresh] rebuilding @ http://nbcl.localhost:3001/_next/static/chunks/node_modules_next_dist_f3530cac._.js:2297
[ 1637909ms] [LOG] [Fast Refresh] done in 146ms @ http://nbcl.localhost:3001/_next/static/chunks/node_modules_next_dist_f3530cac._.js:2297
[ 1638038ms] [LOG] [Fast Refresh] rebuilding @ http://nbcl.localhost:3001/_next/static/chunks/node_modules_next_dist_f3530cac._.js:2297
[ 1638053ms] [LOG] [Fast Refresh] done in 122ms @ http://nbcl.localhost:3001/_next/static/chunks/node_modules_next_dist_f3530cac._.js:2297
[ 1638169ms] [LOG] [Fast Refresh] rebuilding @ http://nbcl.localhost:3001/_next/static/chunks/node_modules_next_dist_f3530cac._.js:2297
[ 1638185ms] [LOG] [Fast Refresh] done in 116ms @ http://nbcl.localhost:3001/_next/static/chunks/node_modules_next_dist_f3530cac._.js:2297
[ 1638307ms] [LOG] [Fast Refresh] rebuilding @ http://nbcl.localhost:3001/_next/static/chunks/node_modules_next_dist_f3530cac._.js:2297
[ 1638325ms] [LOG] [Fast Refresh] done in 120ms @ http://nbcl.localhost:3001/_next/static/chunks/node_modules_next_dist_f3530cac._.js:2297
[ 1638458ms] [LOG] [Fast Refresh] rebuilding @ http://nbcl.localhost:3001/_next/static/chunks/node_modules_next_dist_f3530cac._.js:2297
[ 1638505ms] [LOG] [Fast Refresh] done in 152ms @ http://nbcl.localhost:3001/_next/static/chunks/node_modules_next_dist_f3530cac._.js:2297
[ 1638620ms] [LOG] [Fast Refresh] rebuilding @ http://nbcl.localhost:3001/_next/static/chunks/node_modules_next_dist_f3530cac._.js:2297
[ 1638635ms] [LOG] [Fast Refresh] done in 118ms @ http://nbcl.localhost:3001/_next/static/chunks/node_modules_next_dist_f3530cac._.js:2297
[ 1638759ms] [LOG] [Fast Refresh] rebuilding @ http://nbcl.localhost:3001/_next/static/chunks/node_modules_next_dist_f3530cac._.js:2297
[ 1638826ms] [LOG] [Fast Refresh] done in 171ms @ http://nbcl.localhost:3001/_next/static/chunks/node_modules_next_dist_f3530cac._.js:2297
[ 1638957ms] [LOG] [Fast Refresh] rebuilding @ http://nbcl.localhost:3001/_next/static/chunks/node_modules_next_dist_f3530cac._.js:2297
[ 1638974ms] [LOG] [Fast Refresh] done in 122ms @ http://nbcl.localhost:3001/_next/static/chunks/node_modules_next_dist_f3530cac._.js:2297
[ 1639241ms] [LOG] [Fast Refresh] rebuilding @ http://nbcl.localhost:3001/_next/static/chunks/node_modules_next_dist_f3530cac._.js:2297
[ 1639273ms] [LOG] [Fast Refresh] done in 142ms @ http://nbcl.localhost:3001/_next/static/chunks/node_modules_next_dist_f3530cac._.js:2297
[ 1639392ms] [LOG] [Fast Refresh] rebuilding @ http://nbcl.localhost:3001/_next/static/chunks/node_modules_next_dist_f3530cac._.js:2297
[ 1639426ms] [LOG] [Fast Refresh] done in 135ms @ http://nbcl.localhost:3001/_next/static/chunks/node_modules_next_dist_f3530cac._.js:2297
[ 1639546ms] [LOG] [Fast Refresh] rebuilding @ http://nbcl.localhost:3001/_next/static/chunks/node_modules_next_dist_f3530cac._.js:2297
[ 1639593ms] [LOG] [Fast Refresh] done in 149ms @ http://nbcl.localhost:3001/_next/static/chunks/node_modules_next_dist_f3530cac._.js:2297
[ 1639713ms] [LOG] [Fast Refresh] rebuilding @ http://nbcl.localhost:3001/_next/static/chunks/node_modules_next_dist_f3530cac._.js:2297
[ 1639748ms] [LOG] [Fast Refresh] done in 138ms @ http://nbcl.localhost:3001/_next/static/chunks/node_modules_next_dist_f3530cac._.js:2297
[ 1639874ms] [LOG] [Fast Refresh] rebuilding @ http://nbcl.localhost:3001/_next/static/chunks/node_modules_next_dist_f3530cac._.js:2297
[ 1639912ms] [LOG] [Fast Refresh] done in 147ms @ http://nbcl.localhost:3001/_next/static/chunks/node_modules_next_dist_f3530cac._.js:2297
[ 1640163ms] [LOG] Detected Host: nbcl.localhost:3001 http://nbcl.localhost:3001/dashboardportal/juteProduction/masters/trollyMaster @ http://nbcl.localhost:3001/_next/static/chunks/node_modules_next_dist_f3530cac._.js:2297
[ 1640165ms] [LOG] Detected Host: nbcl.localhost:3001 http://nbcl.localhost:3001/dashboardportal/juteProduction/masters/trollyMaster @ http://nbcl.localhost:3001/_next/static/chunks/node_modules_next_dist_f3530cac._.js:2297
[ 1676191ms] [LOG] [Fast Refresh] rebuilding @ http://nbcl.localhost:3001/_next/static/chunks/node_modules_next_dist_f3530cac._.js:2297
[ 1677698ms] [LOG] [Fast Refresh] done in 1611ms @ http://nbcl.localhost:3001/_next/static/chunks/node_modules_next_dist_f3530cac._.js:2297
[ 1687111ms] [LOG] [Fast Refresh] rebuilding @ http://nbcl.localhost:3001/_next/static/chunks/node_modules_next_dist_f3530cac._.js:2297
[ 1687777ms] [LOG] [Fast Refresh] done in 767ms @ http://nbcl.localhost:3001/_next/static/chunks/node_modules_next_dist_f3530cac._.js:2297
[ 1714966ms] [LOG] [Fast Refresh] rebuilding @ http://nbcl.localhost:3001/_next/static/chunks/node_modules_next_dist_f3530cac._.js:2297
[ 1715410ms] [LOG] [Fast Refresh] done in 523ms @ http://nbcl.localhost:3001/_next/static/chunks/node_modules_next_dist_f3530cac._.js:2297
[ 1747348ms] [LOG] [Fast Refresh] rebuilding @ http://nbcl.localhost:3001/_next/static/chunks/node_modules_next_dist_f3530cac._.js:2297
[ 1747400ms] [LOG] [Fast Refresh] done in 156ms @ http://nbcl.localhost:3001/_next/static/chunks/node_modules_next_dist_f3530cac._.js:2297
[ 1834993ms] [LOG] [Fast Refresh] rebuilding @ http://nbcl.localhost:3001/_next/static/chunks/node_modules_next_dist_f3530cac._.js:2297
[ 1836483ms] [LOG] [Fast Refresh] done in 1604ms @ http://nbcl.localhost:3001/_next/static/chunks/node_modules_next_dist_f3530cac._.js:2297
[ 1887950ms] [LOG] [Fast Refresh] rebuilding @ http://nbcl.localhost:3001/_next/static/chunks/node_modules_next_dist_f3530cac._.js:2297
[ 1889848ms] [LOG] [Fast Refresh] done in 1935ms @ http://nbcl.localhost:3001/_next/static/chunks/node_modules_next_dist_f3530cac._.js:2297
[ 1896381ms] [LOG] [Fast Refresh] rebuilding @ http://nbcl.localhost:3001/_next/static/chunks/node_modules_next_dist_f3530cac._.js:2297
[ 1898138ms] [LOG] [Fast Refresh] done in 1637ms @ http://nbcl.localhost:3001/_next/static/chunks/node_modules_next_dist_f3530cac._.js:2297
[ 1898247ms] [LOG] [Fast Refresh] rebuilding @ http://nbcl.localhost:3001/_next/static/chunks/node_modules_next_dist_f3530cac._.js:2297
[ 1903188ms] [LOG] [Fast Refresh] done in 5004ms @ http://nbcl.localhost:3001/_next/static/chunks/node_modules_next_dist_f3530cac._.js:2297
[ 1903845ms] [LOG] [Fast Refresh] rebuilding @ http://nbcl.localhost:3001/_next/static/chunks/node_modules_next_dist_f3530cac._.js:2297
[ 1904289ms] [LOG] [Fast Refresh] done in 544ms @ http://nbcl.localhost:3001/_next/static/chunks/node_modules_next_dist_f3530cac._.js:2297
[ 1904427ms] [LOG] [Fast Refresh] rebuilding @ http://nbcl.localhost:3001/_next/static/chunks/node_modules_next_dist_f3530cac._.js:2297
[ 1904488ms] [LOG] [Fast Refresh] done in 170ms @ http://nbcl.localhost:3001/_next/static/chunks/node_modules_next_dist_f3530cac._.js:2297
[ 1904619ms] [LOG] [Fast Refresh] rebuilding @ http://nbcl.localhost:3001/_next/static/chunks/node_modules_next_dist_f3530cac._.js:2297
[ 1904676ms] [LOG] [Fast Refresh] done in 160ms @ http://nbcl.localhost:3001/_next/static/chunks/node_modules_next_dist_f3530cac._.js:2297
[ 1904809ms] [LOG] [Fast Refresh] rebuilding @ http://nbcl.localhost:3001/_next/static/chunks/node_modules_next_dist_f3530cac._.js:2297
[ 1904950ms] [LOG] [Fast Refresh] done in 248ms @ http://nbcl.localhost:3001/_next/static/chunks/node_modules_next_dist_f3530cac._.js:2297
[ 1904978ms] [LOG] Detected Host: nbcl.localhost:3001 http://nbcl.localhost:3001/dashboardportal/juteProduction/masters/trollyMaster @ http://nbcl.localhost:3001/_next/static/chunks/node_modules_next_dist_f3530cac._.js:2297
[ 1904980ms] [LOG] Detected Host: nbcl.localhost:3001 http://nbcl.localhost:3001/dashboardportal/juteProduction/masters/trollyMaster @ http://nbcl.localhost:3001/_next/static/chunks/node_modules_next_dist_f3530cac._.js:2297
[ 1912689ms] [LOG] [Fast Refresh] rebuilding @ http://nbcl.localhost:3001/_next/static/chunks/node_modules_next_dist_f3530cac._.js:2297
[ 1913093ms] [LOG] [Fast Refresh] done in 510ms @ http://nbcl.localhost:3001/_next/static/chunks/node_modules_next_dist_f3530cac._.js:2297
[ 1913239ms] [LOG] [Fast Refresh] rebuilding @ http://nbcl.localhost:3001/_next/static/chunks/node_modules_next_dist_f3530cac._.js:2297
[ 1913723ms] [LOG] [Fast Refresh] done in 560ms @ http://nbcl.localhost:3001/_next/static/chunks/node_modules_next_dist_f3530cac._.js:2297
[ 1947469ms] [LOG] [Fast Refresh] rebuilding @ http://nbcl.localhost:3001/_next/static/chunks/node_modules_next_dist_f3530cac._.js:2297
[ 1947486ms] [LOG] [Fast Refresh] done in 132ms @ http://nbcl.localhost:3001/_next/static/chunks/node_modules_next_dist_f3530cac._.js:2297
